shader_slot,selector,base_name,render_bucket,slot,uv,hidden,artist_name,semantic_portrait_id,portrait_status,activity,channels,formula_ids,formula_expressions,notes,transport_profile_id
albedo_alpha.sps > DiffuseSampler,albedo_alpha.sps,albedo_alpha,1,DiffuseSampler,0,False,Базовый цвет,SEM_0F518D6924EB2033,resolved,active,"{""A"": ""Opacity, прямо умножается на Colour0.A и runtime globalAlpha."", ""RGB"": ""Albedo-only RGB, прямо умножается на Colour0.RGB и runtime emissiveScale.""}",F_SURFACE_ALPHA | F_ALBEDO_ALPHA,out.RGB=Diffuse.RGB×Colour0.RGB×runtime emissiveScale; out.A=Diffuse.A×Colour0.A×runtime globalAlpha | surface_alpha = DiffuseSampler.A × Colour0.A; затем runtime умножает globalAlpha,,DIFFUSE_RGBA_AUTO
alpha.sps > DiffuseSampler,alpha.sps,default,1,DiffuseSampler,0,False,Базовый цвет,SEM_9B2FFD437A334725,resolved,active,"{""A"": ""Surface alpha; в CUTOUT также источник alpha-test."", ""RGB"": ""Базовый цвет поверхности. DXBC не доказывает transfer-функцию исходного DDS.""}",F_SURFACE_ALPHA,surface_alpha = DiffuseSampler.A × Colour0.A; затем runtime умножает globalAlpha,,DIFFUSE_RGBA_AUTO
blend_2lyr.sps > TextureSampler_layer0,blend_2lyr.sps,blend_2lyr,0,TextureSampler_layer0,0,False,Слой diffuse,SEM_C788B5497F4D43B2,resolved,active,"{""A"": ""Высота/приоритет слоя для height-aware смешивания."", ""RGB"": ""Цвет соответствующего слоя terrain.""}",F_BLEND2,"blend = height-aware(Texture0.A, Texture1.A, lookup.RG)",,MIXED_COLOR_HEIGHT_BC3
blend_2lyr.sps > BumpSampler_layer0,blend_2lyr.sps,blend_2lyr,0,BumpSampler_layer0,0,False,Слой normal,SEM_9B853EDD8972E70F,resolved,active,"{""A"": ""Не отдельная художественная маска; физическая упаковка normal map зависит от формата текстуры."", ""RGB"": ""Тангенсная нормаль после GTA-декодирования; X/Y задают наклон, Z восстанавливается/нормализуется.""}",F_BLEND2,"blend = height-aware(Texture0.A, Texture1.A, lookup.RG)",,NORMAL_XY_AUTO
blend_2lyr.sps > TextureSampler_layer1,blend_2lyr.sps,blend_2lyr,0,TextureSampler_layer1,0,False,Слой diffuse,SEM_C788B5497F4D43B2,resolved,active,"{""A"": ""Высота/приоритет слоя для height-aware смешивания."", ""RGB"": ""Цвет соответствующего слоя terrain.""}",F_BLEND2,"blend = height-aware(Texture0.A, Texture1.A, lookup.RG)",,MIXED_COLOR_HEIGHT_BC3
blend_2lyr.sps > BumpSampler_layer1,blend_2lyr.sps,blend_2lyr,0,BumpSampler_layer1,0,False,Слой normal,SEM_9B853EDD8972E70F,resolved,active,"{""A"": ""Не отдельная художественная маска; физическая упаковка normal map зависит от формата текстуры."", ""RGB"": ""Тангенсная нормаль после GTA-декодирования; X/Y задают наклон, Z восстанавливается/нормализуется.""}",F_BLEND2,"blend = height-aware(Texture0.A, Texture1.A, lookup.RG)",,NORMAL_XY_AUTO
blend_2lyr.sps > lookupSampler,blend_2lyr.sps,blend_2lyr,0,lookupSampler,1,False,Таблица выбора слоёв,SEM_08181324D17DA970,resolved,active,"{""BA"": ""Не используются."", ""G"": ""Формирует height-aware ширину/приоритет перехода."", ""R"": ""Базовый переход layer0↔layer1.""}",F_BLEND2,"blend = height-aware(Texture0.A, Texture1.A, lookup.RG)",,LINEAR_R_OR_RG_BC5
cable.sps > textureSamp,cable.sps,cable,1,textureSamp,,False,Текстура тени кабеля,SEM_89731F8135289D5E,resolved,active,"{""RGBA"": ""Читается в shadow-технике; видимый цвет кабеля эта карта не задаёт.""}",,,Для обычного draw видимый цвет приходит из numeric cable colours.,SKIP_ENGINE_RESOURCE
cloth_default.sps > DiffuseSampler,cloth_default.sps,cloth_default,0,DiffuseSampler,0,False,Альбедо / непрозрачность,SEM_FAF749A86D36BEA9,resolved,active,"{""A"": ""Opacity/cutout source; затем умножается на общие alpha factors."", ""RGB"": ""Цвет поверхности.""}",,,,DIFFUSE_RGBA_AUTO
cloth_normal_spec.sps > DiffuseSampler,cloth_normal_spec.sps,cloth_normal_spec,0,DiffuseSampler,0,False,Альбедо / непрозрачность,SEM_FAF749A86D36BEA9,resolved,active,"{""A"": ""Opacity/cutout source; затем умножается на общие alpha factors."", ""RGB"": ""Цвет поверхности.""}",,,,DIFFUSE_RGBA_AUTO
cloth_normal_spec.sps > BumpSampler,cloth_normal_spec.sps,cloth_normal_spec,0,BumpSampler,0,False,Карта нормалей,SEM_E81DD0EBFDA45264,resolved,active,"{""A"": ""Не читается для восстановления обычной normal."", ""B"": ""Не читается для восстановления обычной normal."", ""RG"": ""XY-нормаль в tangent space: Nxy = (2·RG−1)·max(bumpiness, 0.001).""}",generic_normal,"Nxy = (2·RG−1)·max(bumpiness, 0.001)",,NORMAL_XY_AUTO
cloth_normal_spec.sps > SpecSampler,cloth_normal_spec.sps,cloth_normal_spec,0,SpecSampler,0,False,Универсальная карта бликов,SEM_C237BFBD5C925E9E,resolved,active,"{""A"": ""Линейный falloff/exponent input."", ""B"": ""Входит в scalar intensity линейно через specMapIntMask."", ""G"": ""Квадратится и входит в scalar intensity через specMapIntMask."", ""R"": ""Квадратится и входит в scalar intensity через specMapIntMask.""}",generic_spec,"I = dot((R²,G²,B), mask)·SpecInt; P = A·SpecFalloff",,LINEAR_RGBA_BC3
cloth_normal_spec_alpha.sps > DiffuseSampler,cloth_normal_spec_alpha.sps,cloth_normal_spec,1,DiffuseSampler,0,False,Альбедо / непрозрачность,SEM_FAF749A86D36BEA9,resolved,active,"{""A"": ""Opacity/cutout source; затем умножается на общие alpha factors."", ""RGB"": ""Цвет поверхности.""}",,,,DIFFUSE_RGBA_AUTO
cloth_normal_spec_alpha.sps > BumpSampler,cloth_normal_spec_alpha.sps,cloth_normal_spec,1,BumpSampler,0,False,Карта нормалей,SEM_E81DD0EBFDA45264,resolved,active,"{""A"": ""Не читается для восстановления обычной normal."", ""B"": ""Не читается для восстановления обычной normal."", ""RG"": ""XY-нормаль в tangent space: Nxy = (2·RG−1)·max(bumpiness, 0.001).""}",generic_normal,"Nxy = (2·RG−1)·max(bumpiness, 0.001)",,NORMAL_XY_AUTO
cloth_normal_spec_alpha.sps > SpecSampler,cloth_normal_spec_alpha.sps,cloth_normal_spec,1,SpecSampler,0,False,Универсальная карта бликов,SEM_C237BFBD5C925E9E,resolved,active,"{""A"": ""Линейный falloff/exponent input."", ""B"": ""Входит в scalar intensity линейно через specMapIntMask."", ""G"": ""Квадратится и входит в scalar intensity через specMapIntMask."", ""R"": ""Квадратится и входит в scalar intensity через specMapIntMask.""}",generic_spec,"I = dot((R²,G²,B), mask)·SpecInt; P = A·SpecFalloff",,LINEAR_RGBA_BC3
cloth_normal_spec_cutout.sps > DiffuseSampler,cloth_normal_spec_cutout.sps,cloth_normal_spec,3,DiffuseSampler,0,False,Альбедо / непрозрачность,SEM_FAF749A86D36BEA9,resolved,active,"{""A"": ""Opacity/cutout source; затем умножается на общие alpha factors."", ""RGB"": ""Цвет поверхности.""}",,,,DIFFUSE_RGBA_AUTO
cloth_normal_spec_cutout.sps > BumpSampler,cloth_normal_spec_cutout.sps,cloth_normal_spec,3,BumpSampler,0,False,Карта нормалей,SEM_E81DD0EBFDA45264,resolved,active,"{""A"": ""Не читается для восстановления обычной normal."", ""B"": ""Не читается для восстановления обычной normal."", ""RG"": ""XY-нормаль в tangent space: Nxy = (2·RG−1)·max(bumpiness, 0.001).""}",generic_normal,"Nxy = (2·RG−1)·max(bumpiness, 0.001)",,NORMAL_XY_AUTO
cloth_normal_spec_cutout.sps > SpecSampler,cloth_normal_spec_cutout.sps,cloth_normal_spec,3,SpecSampler,0,False,Универсальная карта бликов,SEM_C237BFBD5C925E9E,resolved,active,"{""A"": ""Линейный falloff/exponent input."", ""B"": ""Входит в scalar intensity линейно через specMapIntMask."", ""G"": ""Квадратится и входит в scalar intensity через specMapIntMask."", ""R"": ""Квадратится и входит в scalar intensity через specMapIntMask.""}",generic_spec,"I = dot((R²,G²,B), mask)·SpecInt; P = A·SpecFalloff",,LINEAR_RGBA_BC3
cloth_normal_spec_tnt.sps > DiffuseSampler,cloth_normal_spec_tnt.sps,cloth_normal_spec_tnt,0,DiffuseSampler,0,False,Альбедо / непрозрачность,SEM_FAF749A86D36BEA9,resolved,active,"{""A"": ""Opacity/cutout source; затем умножается на общие alpha factors."", ""RGB"": ""Цвет поверхности.""}",,,,DIFFUSE_RGBA_AUTO
cloth_normal_spec_tnt.sps > TintPaletteSampler,cloth_normal_spec_tnt.sps,cloth_normal_spec_tnt,0,TintPaletteSampler,,False,Палитра оттенков,SEM_2D892207A85FF1DB,resolved,active,"{""A"": ""В проверенной цветовой модуляции художественная роль не установлена."", ""RGB"": ""Tint, умножаемый на diffuse RGB.""}",,,"Координата X берётся из Colour0.B, строка — из tintPaletteSelector.",PALETTE_RGBA8
cloth_normal_spec_tnt.sps > BumpSampler,cloth_normal_spec_tnt.sps,cloth_normal_spec_tnt,0,BumpSampler,0,False,Карта нормалей,SEM_E81DD0EBFDA45264,resolved,active,"{""A"": ""Не читается для восстановления обычной normal."", ""B"": ""Не читается для восстановления обычной normal."", ""RG"": ""XY-нормаль в tangent space: Nxy = (2·RG−1)·max(bumpiness, 0.001).""}",generic_normal,"Nxy = (2·RG−1)·max(bumpiness, 0.001)",,NORMAL_XY_AUTO
cloth_normal_spec_tnt.sps > SpecSampler,cloth_normal_spec_tnt.sps,cloth_normal_spec_tnt,0,SpecSampler,0,False,Универсальная карта бликов,SEM_C237BFBD5C925E9E,resolved,active,"{""A"": ""Линейный falloff/exponent input."", ""B"": ""Входит в scalar intensity линейно через specMapIntMask."", ""G"": ""Квадратится и входит в scalar intensity через specMapIntMask."", ""R"": ""Квадратится и входит в scalar intensity через specMapIntMask.""}",generic_spec,"I = dot((R²,G²,B), mask)·SpecInt; P = A·SpecFalloff",,LINEAR_RGBA_BC3
cloth_spec_alpha.sps > DiffuseSampler,cloth_spec_alpha.sps,cloth_spec_alpha,1,DiffuseSampler,0,False,Альбедо / непрозрачность,SEM_FAF749A86D36BEA9,resolved,active,"{""A"": ""Opacity/cutout source; затем умножается на общие alpha factors."", ""RGB"": ""Цвет поверхности.""}",,,,DIFFUSE_RGBA_AUTO
cloth_spec_cutout.sps > DiffuseSampler,cloth_spec_cutout.sps,cloth_spec_alpha,3,DiffuseSampler,0,False,Альбедо / непрозрачность,SEM_FAF749A86D36BEA9,resolved,active,"{""A"": ""Opacity/cutout source; затем умножается на общие alpha factors."", ""RGB"": ""Цвет поверхности.""}",,,,DIFFUSE_RGBA_AUTO
clouds_altitude.sps > DensitySampler,clouds_altitude.sps,clouds_altitude,0,DensitySampler,0,False,Плотность облаков,SEM_DC1F84AE691EE13B,resolved,active,"{""A"": ""Не используется в исследованном cloud path."", ""B"": ""Не используется в исследованном cloud path."", ""G"": ""Плотность: базово d=1−G; animated detail использует d=1−G²."", ""R"": ""Не используется в исследованном cloud path.""}",F_CLOUD_DENSITY,base d=1−Density.G; animated detail d=1−Detail.G²,,LINEAR_RGB_BC1
clouds_altitude.sps > normalSampler,clouds_altitude.sps,clouds_altitude,0,normalSampler,0,False,Карта нормалей облаков,SEM_5B4603C4239AB415,resolved,active,"{""A"": ""Не отдельная художественная маска; физическая упаковка normal map зависит от формата текстуры."", ""RGB"": ""Тангенсная нормаль после GTA-декодирования; X/Y задают наклон, Z восстанавливается/нормализуется.""}",,,,NORMAL_XY_AUTO
clouds_altitude.sps > DetailDensitySampler,clouds_altitude.sps,clouds_altitude,0,DetailDensitySampler,0,False,Плотность облаков,SEM_DC1F84AE691EE13B,resolved,active,"{""A"": ""Не используется в исследованном cloud path."", ""B"": ""Не используется в исследованном cloud path."", ""G"": ""Плотность: базово d=1−G; animated detail использует d=1−G²."", ""R"": ""Не используется в исследованном cloud path.""}",F_CLOUD_DENSITY,base d=1−Density.G; animated detail d=1−Detail.G²,,LINEAR_RGB_BC1
clouds_altitude.sps > DetailNormalSampler,clouds_altitude.sps,clouds_altitude,0,DetailNormalSampler,0,False,Карта нормалей облаков,SEM_5B4603C4239AB415,resolved,active,"{""A"": ""Не отдельная художественная маска; физическая упаковка normal map зависит от формата текстуры."", ""RGB"": ""Тангенсная нормаль после GTA-декодирования; X/Y задают наклон, Z восстанавливается/нормализуется.""}",,,,NORMAL_XY_AUTO
clouds_altitude.sps > DetailDensity2Sampler,clouds_altitude.sps,clouds_altitude,0,DetailDensity2Sampler,0,False,Плотность облаков,SEM_DC1F84AE691EE13B,resolved,active,"{""A"": ""Не используется в исследованном cloud path."", ""B"": ""Не используется в исследованном cloud path."", ""G"": ""Плотность: базово d=1−G; animated detail использует d=1−G²."", ""R"": ""Не используется в исследованном cloud path.""}",F_CLOUD_DENSITY,base d=1−Density.G; animated detail d=1−Detail.G²,,LINEAR_RGB_BC1
clouds_altitude.sps > DetailNormal2Sampler,clouds_altitude.sps,clouds_altitude,0,DetailNormal2Sampler,0,False,Карта нормалей облаков,SEM_5B4603C4239AB415,resolved,active,"{""A"": ""Не отдельная художественная маска; физическая упаковка normal map зависит от формата текстуры."", ""RGB"": ""Тангенсная нормаль после GTA-декодирования; X/Y задают наклон, Z восстанавливается/нормализуется.""}",,,,NORMAL_XY_AUTO
clouds_altitude.sps > DepthMapTexSampler,clouds_altitude.sps,clouds_altitude,0,DepthMapTexSampler,,False,Глубина сцены,SEM_0B39DAD8B4540CCE,resolved,active,"{""GBA"": ""Не являются художественными каналами материала."", ""R"": ""Экранная глубина сцены для soft-particle fade.""}",F_CLOUD_SOFT,alpha *= saturate((sceneDepth−cloudDepth)/softRange),"Карта подаётся движком, художник её не рисует.",SKIP_ENGINE_RESOURCE
clouds_anim.sps > DensitySampler,clouds_anim.sps,clouds_anim,0,DensitySampler,0,False,Плотность облаков,SEM_DC1F84AE691EE13B,resolved,active,"{""A"": ""Не используется в исследованном cloud path."", ""B"": ""Не используется в исследованном cloud path."", ""G"": ""Плотность: базово d=1−G; animated detail использует d=1−G²."", ""R"": ""Не используется в исследованном cloud path.""}",F_CLOUD_DENSITY,base d=1−Density.G; animated detail d=1−Detail.G²,,LINEAR_RGB_BC1
clouds_anim.sps > normalSampler,clouds_anim.sps,clouds_anim,0,normalSampler,0,False,Карта нормалей облаков,SEM_5B4603C4239AB415,resolved,active,"{""A"": ""Не отдельная художественная маска; физическая упаковка normal map зависит от формата текстуры."", ""RGB"": ""Тангенсная нормаль после GTA-декодирования; X/Y задают наклон, Z восстанавливается/нормализуется.""}",,,,NORMAL_XY_AUTO
clouds_anim.sps > DetailDensitySampler,clouds_anim.sps,clouds_anim,0,DetailDensitySampler,0,False,Плотность облаков,SEM_DC1F84AE691EE13B,resolved,active,"{""A"": ""Не используется в исследованном cloud path."", ""B"": ""Не используется в исследованном cloud path."", ""G"": ""Плотность: базово d=1−G; animated detail использует d=1−G²."", ""R"": ""Не используется в исследованном cloud path.""}",F_CLOUD_DENSITY,base d=1−Density.G; animated detail d=1−Detail.G²,,LINEAR_RGB_BC1
clouds_anim.sps > DetailNormalSampler,clouds_anim.sps,clouds_anim,0,DetailNormalSampler,0,False,Карта нормалей облаков,SEM_5B4603C4239AB415,resolved,active,"{""A"": ""Не отдельная художественная маска; физическая упаковка normal map зависит от формата текстуры."", ""RGB"": ""Тангенсная нормаль после GTA-декодирования; X/Y задают наклон, Z восстанавливается/нормализуется.""}",,,,NORMAL_XY_AUTO
clouds_anim.sps > DetailDensity2Sampler,clouds_anim.sps,clouds_anim,0,DetailDensity2Sampler,0,False,Плотность облаков,SEM_DC1F84AE691EE13B,resolved,active,"{""A"": ""Не используется в исследованном cloud path."", ""B"": ""Не используется в исследованном cloud path."", ""G"": ""Плотность: базово d=1−G; animated detail использует d=1−G²."", ""R"": ""Не используется в исследованном cloud path.""}",F_CLOUD_DENSITY,base d=1−Density.G; animated detail d=1−Detail.G²,,LINEAR_RGB_BC1
clouds_anim.sps > DetailNormal2Sampler,clouds_anim.sps,clouds_anim,0,DetailNormal2Sampler,0,False,Карта нормалей облаков,SEM_5B4603C4239AB415,resolved,active,"{""A"": ""Не отдельная художественная маска; физическая упаковка normal map зависит от формата текстуры."", ""RGB"": ""Тангенсная нормаль после GTA-декодирования; X/Y задают наклон, Z восстанавливается/нормализуется.""}",,,,NORMAL_XY_AUTO
clouds_anim.sps > DepthMapTexSampler,clouds_anim.sps,clouds_anim,0,DepthMapTexSampler,,False,Глубина сцены,SEM_911731C19B6AA369,resolved,active,"{""GBA"": ""Не являются художественными каналами материала."", ""R"": ""Экранная глубина сцены для soft-particle fade.""}",,,"Карта подаётся движком, художник её не рисует.",SKIP_ENGINE_RESOURCE
clouds_animsoft.sps > DensitySampler,clouds_animsoft.sps,clouds_animsoft,0,DensitySampler,0,False,Плотность облаков,SEM_DC1F84AE691EE13B,resolved,active,"{""A"": ""Не используется в исследованном cloud path."", ""B"": ""Не используется в исследованном cloud path."", ""G"": ""Плотность: базово d=1−G; animated detail использует d=1−G²."", ""R"": ""Не используется в исследованном cloud path.""}",F_CLOUD_DENSITY,base d=1−Density.G; animated detail d=1−Detail.G²,,LINEAR_RGB_BC1
clouds_animsoft.sps > normalSampler,clouds_animsoft.sps,clouds_animsoft,0,normalSampler,0,False,Карта нормалей облаков,SEM_5B4603C4239AB415,resolved,active,"{""A"": ""Не отдельная художественная маска; физическая упаковка normal map зависит от формата текстуры."", ""RGB"": ""Тангенсная нормаль после GTA-декодирования; X/Y задают наклон, Z восстанавливается/нормализуется.""}",,,,NORMAL_XY_AUTO
clouds_animsoft.sps > DetailDensitySampler,clouds_animsoft.sps,clouds_animsoft,0,DetailDensitySampler,0,False,Плотность облаков,SEM_DC1F84AE691EE13B,resolved,active,"{""A"": ""Не используется в исследованном cloud path."", ""B"": ""Не используется в исследованном cloud path."", ""G"": ""Плотность: базово d=1−G; animated detail использует d=1−G²."", ""R"": ""Не используется в исследованном cloud path.""}",F_CLOUD_DENSITY,base d=1−Density.G; animated detail d=1−Detail.G²,,LINEAR_RGB_BC1
clouds_animsoft.sps > DetailNormalSampler,clouds_animsoft.sps,clouds_animsoft,0,DetailNormalSampler,0,False,Карта нормалей облаков,SEM_5B4603C4239AB415,resolved,active,"{""A"": ""Не отдельная художественная маска; физическая упаковка normal map зависит от формата текстуры."", ""RGB"": ""Тангенсная нормаль после GTA-декодирования; X/Y задают наклон, Z восстанавливается/нормализуется.""}",,,,NORMAL_XY_AUTO
clouds_animsoft.sps > DetailDensity2Sampler,clouds_animsoft.sps,clouds_animsoft,0,DetailDensity2Sampler,0,False,Плотность облаков,SEM_DC1F84AE691EE13B,resolved,active,"{""A"": ""Не используется в исследованном cloud path."", ""B"": ""Не используется в исследованном cloud path."", ""G"": ""Плотность: базово d=1−G; animated detail использует d=1−G²."", ""R"": ""Не используется в исследованном cloud path.""}",F_CLOUD_DENSITY,base d=1−Density.G; animated detail d=1−Detail.G²,,LINEAR_RGB_BC1
clouds_animsoft.sps > DetailNormal2Sampler,clouds_animsoft.sps,clouds_animsoft,0,DetailNormal2Sampler,0,False,Карта нормалей облаков,SEM_5B4603C4239AB415,resolved,active,"{""A"": ""Не отдельная художественная маска; физическая упаковка normal map зависит от формата текстуры."", ""RGB"": ""Тангенсная нормаль после GTA-декодирования; X/Y задают наклон, Z восстанавливается/нормализуется.""}",,,,NORMAL_XY_AUTO
clouds_animsoft.sps > DepthMapTexSampler,clouds_animsoft.sps,clouds_animsoft,0,DepthMapTexSampler,,False,Глубина сцены,SEM_0B39DAD8B4540CCE,resolved,active,"{""GBA"": ""Не являются художественными каналами материала."", ""R"": ""Экранная глубина сцены для soft-particle fade.""}",F_CLOUD_SOFT,alpha *= saturate((sceneDepth−cloudDepth)/softRange),"Карта подаётся движком, художник её не рисует.",SKIP_ENGINE_RESOURCE
clouds_fast.sps > DensitySampler,clouds_fast.sps,clouds_fast,0,DensitySampler,0,False,Плотность облаков,SEM_DC1F84AE691EE13B,resolved,active,"{""A"": ""Не используется в исследованном cloud path."", ""B"": ""Не используется в исследованном cloud path."", ""G"": ""Плотность: базово d=1−G; animated detail использует d=1−G²."", ""R"": ""Не используется в исследованном cloud path.""}",F_CLOUD_DENSITY,base d=1−Density.G; animated detail d=1−Detail.G²,,LINEAR_RGB_BC1
clouds_fast.sps > normalSampler,clouds_fast.sps,clouds_fast,0,normalSampler,0,False,Карта нормалей облаков,SEM_5B4603C4239AB415,resolved,active,"{""A"": ""Не отдельная художественная маска; физическая упаковка normal map зависит от формата текстуры."", ""RGB"": ""Тангенсная нормаль после GTA-декодирования; X/Y задают наклон, Z восстанавливается/нормализуется.""}",,,,NORMAL_XY_AUTO
clouds_fog.sps > DensitySampler,clouds_fog.sps,clouds_fog,0,DensitySampler,0,False,Плотность облаков,SEM_DC1F84AE691EE13B,resolved,active,"{""A"": ""Не используется в исследованном cloud path."", ""B"": ""Не используется в исследованном cloud path."", ""G"": ""Плотность: базово d=1−G; animated detail использует d=1−G²."", ""R"": ""Не используется в исследованном cloud path.""}",F_CLOUD_DENSITY,base d=1−Density.G; animated detail d=1−Detail.G²,,LINEAR_RGB_BC1
clouds_fog.sps > normalSampler,clouds_fog.sps,clouds_fog,0,normalSampler,0,False,Карта нормалей облаков,SEM_5B4603C4239AB415,resolved,active,"{""A"": ""Не отдельная художественная маска; физическая упаковка normal map зависит от формата текстуры."", ""RGB"": ""Тангенсная нормаль после GTA-декодирования; X/Y задают наклон, Z восстанавливается/нормализуется.""}",,,,NORMAL_XY_AUTO
clouds_fog.sps > DepthMapTexSampler,clouds_fog.sps,clouds_fog,0,DepthMapTexSampler,,False,Глубина сцены,SEM_0B39DAD8B4540CCE,resolved,active,"{""GBA"": ""Не являются художественными каналами материала."", ""R"": ""Экранная глубина сцены для soft-particle fade.""}",F_CLOUD_SOFT,alpha *= saturate((sceneDepth−cloudDepth)/softRange),"Карта подаётся движком, художник её не рисует.",SKIP_ENGINE_RESOURCE
clouds_soft.sps > DensitySampler,clouds_soft.sps,clouds_soft,0,DensitySampler,0,False,Плотность облаков,SEM_DC1F84AE691EE13B,resolved,active,"{""A"": ""Не используется в исследованном cloud path."", ""B"": ""Не используется в исследованном cloud path."", ""G"": ""Плотность: базово d=1−G; animated detail использует d=1−G²."", ""R"": ""Не используется в исследованном cloud path.""}",F_CLOUD_DENSITY,base d=1−Density.G; animated detail d=1−Detail.G²,,LINEAR_RGB_BC1
clouds_soft.sps > normalSampler,clouds_soft.sps,clouds_soft,0,normalSampler,0,False,Карта нормалей облаков,SEM_5B4603C4239AB415,resolved,active,"{""A"": ""Не отдельная художественная маска; физическая упаковка normal map зависит от формата текстуры."", ""RGB"": ""Тангенсная нормаль после GTA-декодирования; X/Y задают наклон, Z восстанавливается/нормализуется.""}",,,,NORMAL_XY_AUTO
clouds_soft.sps > DepthMapTexSampler,clouds_soft.sps,clouds_soft,0,DepthMapTexSampler,,False,Глубина сцены,SEM_0B39DAD8B4540CCE,resolved,active,"{""GBA"": ""Не являются художественными каналами материала."", ""R"": ""Экранная глубина сцены для soft-particle fade.""}",F_CLOUD_SOFT,alpha *= saturate((sceneDepth−cloudDepth)/softRange),"Карта подаётся движком, художник её не рисует.",SKIP_ENGINE_RESOURCE
cutout.sps > DiffuseSampler,cutout.sps,default,3,DiffuseSampler,0,False,Базовый цвет,SEM_9B2FFD437A334725,resolved,active,"{""A"": ""Surface alpha; в CUTOUT также источник alpha-test."", ""RGB"": ""Базовый цвет поверхности. DXBC не доказывает transfer-функцию исходного DDS.""}",F_SURFACE_ALPHA,surface_alpha = DiffuseSampler.A × Colour0.A; затем runtime умножает globalAlpha,,DIFFUSE_RGBA_AUTO
cutout_fence.sps > DiffuseSampler,cutout_fence.sps,cutout_fence,3,DiffuseSampler,0,False,Базовый цвет,SEM_9B2FFD437A334725,resolved,active,"{""A"": ""Surface alpha; в CUTOUT также источник alpha-test."", ""RGB"": ""Базовый цвет поверхности. DXBC не доказывает transfer-функцию исходного DDS.""}",F_SURFACE_ALPHA,surface_alpha = DiffuseSampler.A × Colour0.A; затем runtime умножает globalAlpha,,DIFFUSE_RGBA_AUTO
cutout_fence_normal.sps > DiffuseSampler,cutout_fence_normal.sps,cutout_fence_normal,3,DiffuseSampler,0,False,Базовый цвет,SEM_9B2FFD437A334725,resolved,active,"{""A"": ""Surface alpha; в CUTOUT также источник alpha-test."", ""RGB"": ""Базовый цвет поверхности. DXBC не доказывает transfer-функцию исходного DDS.""}",F_SURFACE_ALPHA,surface_alpha = DiffuseSampler.A × Colour0.A; затем runtime умножает globalAlpha,,DIFFUSE_RGBA_AUTO
cutout_fence_normal.sps > BumpSampler,cutout_fence_normal.sps,cutout_fence_normal,3,BumpSampler,0,False,Карта нормалей,SEM_BC1FC7E4B6D69C43,resolved,active,"{""A"": ""В проверенном normal decode не используется."", ""B"": ""В проверенном normal decode не используется; Z восстанавливается."", ""G"": ""Компонента Y касательного пространства: 2·G−1."", ""R"": ""Компонента X касательного пространства: 2·R−1.""}",F_NORMAL_RG,"q=2·BumpSampler.RG−1; z=sqrt(abs(1−dot(q,q))); N=normalize(T·q.x·b+B·q.y·b+Ngeo·z)",,NORMAL_XY_AUTO
cutout_hard.sps > DiffuseSampler,cutout_hard.sps,cutout_hard,0,DiffuseSampler,0,False,Базовый цвет,SEM_9B2FFD437A334725,resolved,active,"{""A"": ""Surface alpha; в CUTOUT также источник alpha-test."", ""RGB"": ""Базовый цвет поверхности. DXBC не доказывает transfer-функцию исходного DDS.""}",F_SURFACE_ALPHA,surface_alpha = DiffuseSampler.A × Colour0.A; затем runtime умножает globalAlpha,,DIFFUSE_RGBA_AUTO
cutout_spec_tnt.sps > DiffuseSampler,cutout_spec_tnt.sps,spec_tnt,3,DiffuseSampler,0,False,Базовый цвет,SEM_44A8211FFB386091,resolved,active,"{""A"": ""Surface alpha; в CUTOUT также источник alpha-test."", ""RGB"": ""Базовый цвет поверхности. DXBC не доказывает transfer-функцию исходного DDS.""}",F_SURFACE_ALPHA | F_TINT_PALETTE,"T=TintPaletteSampler(Colour0.B,tintPaletteSelector.X); albedo=DiffuseSampler.RGB×T.RGB | surface_alpha = DiffuseSampler.A × Colour0.A; затем runtime умножает globalAlpha",,DIFFUSE_RGBA_AUTO
cutout_spec_tnt.sps > TintPaletteSampler,cutout_spec_tnt.sps,spec_tnt,3,TintPaletteSampler,,False,Палитра оттенков,SEM_5882847584F3EEED,resolved,active,"{""A"": ""В проверенном основном deferred lit-пути не используется."", ""RGB"": ""Палитровый RGB-множитель albedo.""}",F_TINT_PALETTE,"T=TintPaletteSampler(Colour0.B,tintPaletteSelector.X); albedo=DiffuseSampler.RGB×T.RGB",Координаты формируются из Colour0.B и tintPaletteSelector.X; это не обычная UV-текстура.,PALETTE_RGBA8
cutout_spec_tnt.sps > SpecSampler,cutout_spec_tnt.sps,spec_tnt,3,SpecSampler,0,False,Упакованный specular,SEM_ADCA91AAC8552F7A,resolved,active,"{""A"": ""Линейный falloff/gloss input; умножается на specularFalloffMult."", ""B"": ""Третий скалярный spec-вклад; остаётся линейным."", ""G"": ""Второй скалярный spec-вклад; перед mask возводится в квадрат."", ""R"": ""Первый скалярный spec-вклад; перед mask возводится в квадрат.""}",F_SPEC_PACKED,"Q=(R²,G²,B); I=dot(Q,specMapIntMask)·specularIntensityMult; P=A·specularFalloffMult; n=3·min(P,500)+558·max(P−500,0)",,LINEAR_RGBA_BC3
cutout_tnt.sps > DiffuseSampler,cutout_tnt.sps,default_tnt,3,DiffuseSampler,0,False,Базовый цвет,SEM_44A8211FFB386091,resolved,active,"{""A"": ""Surface alpha; в CUTOUT также источник alpha-test."", ""RGB"": ""Базовый цвет поверхности. DXBC не доказывает transfer-функцию исходного DDS.""}",F_SURFACE_ALPHA | F_TINT_PALETTE,"T=TintPaletteSampler(Colour0.B,tintPaletteSelector.X); albedo=DiffuseSampler.RGB×T.RGB | surface_alpha = DiffuseSampler.A × Colour0.A; затем runtime умножает globalAlpha",,DIFFUSE_RGBA_AUTO
cutout_tnt.sps > TintPaletteSampler,cutout_tnt.sps,default_tnt,3,TintPaletteSampler,,False,Палитра оттенков,SEM_5882847584F3EEED,resolved,active,"{""A"": ""В проверенном основном deferred lit-пути не используется."", ""RGB"": ""Палитровый RGB-множитель albedo.""}",F_TINT_PALETTE,"T=TintPaletteSampler(Colour0.B,tintPaletteSelector.X); albedo=DiffuseSampler.RGB×T.RGB",Координаты формируются из Colour0.B и tintPaletteSelector.X; это не обычная UV-текстура.,PALETTE_RGBA8
cutout_um.sps > DiffuseSampler,cutout_um.sps,default_um,3,DiffuseSampler,0,False,Альбедо / непрозрачность,SEM_32077C77D80BB001,resolved,active,"{""A"": ""Surface opacity: decal blend или cutout; в detail-diffspec дополнительно A_detail."", ""RGB"": ""Albedo. В diffspec также источник I/P; у specialised decal может быть маской, а не выводимым цветом.""}",F_ALPHA,alpha_surface = Diffuse.A * Colour0.A * globalAlpha,,DIFFUSE_RGBA_AUTO
decal.sps > DiffuseSampler,decal.sps,decal,2,DiffuseSampler,0,False,Альбедо / непрозрачность,SEM_32077C77D80BB001,resolved,active,"{""A"": ""Surface opacity: decal blend или cutout; в detail-diffspec дополнительно A_detail."", ""RGB"": ""Albedo. В diffspec также источник I/P; у specialised decal может быть маской, а не выводимым цветом.""}",F_ALPHA,alpha_surface = Diffuse.A * Colour0.A * globalAlpha,,DIFFUSE_RGBA_AUTO
decal_amb_only.sps > DiffuseSampler,decal_amb_only.sps,decal_amb_only,2,DiffuseSampler,0,False,Альбедо / непрозрачность,SEM_3B0F343B44595192,resolved,active,"{""A"": ""Surface opacity: decal blend или cutout; в detail-diffspec дополнительно A_detail."", ""RGB"": ""Входит в 1-dot(RGB,AmbientDecalMask).""}",F_ALPHA | F_AMBIENT_DECAL,"alpha_surface = Diffuse.A * Colour0.A * globalAlpha | blend=saturate(1-dot(Diffuse.rgb,AmbientDecalMask.xyz))*Diffuse.a*Colour0.a*globalAlpha*gAmbientOcclusionEffect.x",,LINEAR_RGBA_BC3
decal_diff_only_um.sps > DiffuseSampler,decal_diff_only_um.sps,decal_diff_only_um,2,DiffuseSampler,0,False,Альбедо / непрозрачность,SEM_32077C77D80BB001,resolved,active,"{""A"": ""Surface opacity: decal blend или cutout; в detail-diffspec дополнительно A_detail."", ""RGB"": ""Albedo. В diffspec также источник I/P; у specialised decal может быть маской, а не выводимым цветом.""}",F_ALPHA,alpha_surface = Diffuse.A * Colour0.A * globalAlpha,,DIFFUSE_RGBA_AUTO
decal_dirt.sps > DiffuseSampler,decal_dirt.sps,decal_dirt,2,DiffuseSampler,0,False,Альбедо / непрозрачность,SEM_82ABD083B6BDDB1E,resolved,active,"{""A"": ""Surface opacity: decal blend или cutout; в detail-diffspec дополнительно A_detail."", ""RGB"": ""Умножается на Colour0.RGB и входит в DirtDecalMask dot.""}",F_ALPHA | F_DIRT_DECAL,"alpha=dot((Diffuse.rgb*Colour0.rgb),DirtDecalMask.xyz) | alpha_surface = Diffuse.A * Colour0.A * globalAlpha",,DIFFUSE_RGBA_AUTO
decal_emissive_only.sps > DiffuseSampler,decal_emissive_only.sps,decal_emissive_only,2,DiffuseSampler,0,False,Альбедо / непрозрачность,SEM_32077C77D80BB001,resolved,active,"{""A"": ""Surface opacity: decal blend или cutout; в detail-diffspec дополнительно A_detail."", ""RGB"": ""Albedo. В diffspec также источник I/P; у specialised decal может быть маской, а не выводимым цветом.""}",F_ALPHA,alpha_surface = Diffuse.A * Colour0.A * globalAlpha,,DIFFUSE_RGBA_AUTO
decal_emissivenight_only.sps > DiffuseSampler,decal_emissivenight_only.sps,decal_emissivenight_only,2,DiffuseSampler,0,False,Альбедо / непрозрачность,SEM_32077C77D80BB001,resolved,active,"{""A"": ""Surface opacity: decal blend или cutout; в detail-diffspec дополнительно A_detail."", ""RGB"": ""Albedo. В diffspec также источник I/P; у specialised decal может быть маской, а не выводимым цветом.""}",F_ALPHA,alpha_surface = Diffuse.A * Colour0.A * globalAlpha,,DIFFUSE_RGBA_AUTO
decal_glue.sps > DiffuseSampler,decal_glue.sps,decal_glue,2,DiffuseSampler,0,False,Альбедо / непрозрачность,SEM_32077C77D80BB001,resolved,active,"{""A"": ""Surface opacity: decal blend или cutout; в detail-diffspec дополнительно A_detail."", ""RGB"": ""Albedo. В diffspec также источник I/P; у specialised decal может быть маской, а не выводимым цветом.""}",F_ALPHA,alpha_surface = Diffuse.A * Colour0.A * globalAlpha,,DIFFUSE_RGBA_AUTO
decal_normal_only.sps > DiffuseSampler,decal_normal_only.sps,decal_normal_only,2,DiffuseSampler,0,False,Альбедо / непрозрачность,SEM_6D18F6D65E68296A,resolved,active,"{""A"": ""Surface opacity: decal blend или cutout; в detail-diffspec дополнительно A_detail."", ""RGB"": ""Не пишется; карта нужна главным образом как alpha mask normal decal.""}",F_ALPHA,alpha_surface = Diffuse.A * Colour0.A * globalAlpha,,LINEAR_RGBA_BC3
decal_normal_only.sps > BumpSampler,decal_normal_only.sps,decal_normal_only,2,BumpSampler,0,False,Нормаль / упакованная высота,SEM_08027913C4D72BDC,resolved,active,"{""A"": ""Маска blend/записи normal-only decal."", ""B"": ""Не является отдельным художественным каналом в этих branches."", ""RG"": ""Tangent-space normal XY после remap; масштабируется bumpiness.""}",F_NORMAL | F_NORMAL_ONLY_ALPHA,"Nxy = (2*Bump.RG-1) * max(bumpiness, 0.001) | normal_write_alpha=BumpSampler.A*DiffuseSampler.A*Colour0.A*globalAlpha",,NORMAL_XY_AUTO
decal_normal_spec_um.sps > DiffuseSampler,decal_normal_spec_um.sps,decal_normal_spec_um,2,DiffuseSampler,0,False,Альбедо / непрозрачность,SEM_32077C77D80BB001,resolved,active,"{""A"": ""Surface opacity: decal blend или cutout; в detail-diffspec дополнительно A_detail."", ""RGB"": ""Albedo. В diffspec также источник I/P; у specialised decal может быть маской, а не выводимым цветом.""}",F_ALPHA,alpha_surface = Diffuse.A * Colour0.A * globalAlpha,,DIFFUSE_RGBA_AUTO
decal_normal_spec_um.sps > BumpSampler,decal_normal_spec_um.sps,decal_normal_spec_um,2,BumpSampler,0,False,Нормаль / упакованная высота,SEM_716E7D47E446AA46,resolved,active,"{""A"": ""Обычная normal ветка A не читает."", ""B"": ""Не является отдельным художественным каналом в этих branches."", ""RG"": ""Tangent-space normal XY после remap; масштабируется bumpiness.""}",F_NORMAL,"Nxy = (2*Bump.RG-1) * max(bumpiness, 0.001)",,NORMAL_XY_AUTO
decal_normal_spec_um.sps > SpecSampler,decal_normal_spec_um.sps,decal_normal_spec_um,2,SpecSampler,0,False,Блик (specular),SEM_840D1A0C69E3B2FE,resolved,active,"{""A"": ""Линейный exponent/falloff; при detail также A_detail."", ""B"": ""Линейный weighted intensity через specMapIntMask.B."", ""G"": ""Квадратится; weighted intensity через specMapIntMask.G; у spec-only ещё blend alpha."", ""R"": ""Квадратится; weighted intensity через specMapIntMask.R.""}",F_SPEC,"S=(Spec.R^2,Spec.G^2,Spec.B,Spec.A); I=dot(S.rgb,specMapIntMask.xyz)*specularIntensityMult; P=S.a*specularFalloffMult",,LINEAR_RGBA_BC3
decal_shadow_only.sps > DiffuseSampler,decal_shadow_only.sps,decal_shadow_only,2,DiffuseSampler,0,False,Альбедо / непрозрачность,SEM_32077C77D80BB001,resolved,active,"{""A"": ""Surface opacity: decal blend или cutout; в detail-diffspec дополнительно A_detail."", ""RGB"": ""Albedo. В diffspec также источник I/P; у specialised decal может быть маской, а не выводимым цветом.""}",F_ALPHA,alpha_surface = Diffuse.A * Colour0.A * globalAlpha,,DIFFUSE_RGBA_AUTO
decal_spec_only.sps > DiffuseSampler,decal_spec_only.sps,decal_spec_only,2,DiffuseSampler,0,False,Альбедо / непрозрачность,SEM_C4A823C09A445CEE,resolved,inactive,"{""A"": ""Не задаёт blend; alpha берётся из SpecSampler.G²."", ""RGB"": ""Не читается как цвет: DECAL_SPEC_ONLY возвращает нулевой diffuse.""}",,,,SKIP_INACTIVE
decal_spec_only.sps > SpecSampler,decal_spec_only.sps,decal_spec_only,2,SpecSampler,0,False,Блик (specular),SEM_3735A2D94A77DAE6,resolved,active,"{""A"": ""Линейный exponent/falloff; при detail также A_detail."", ""B"": ""Линейный weighted intensity через specMapIntMask.B."", ""G"": ""Квадратится; weighted intensity через specMapIntMask.G; у spec-only ещё blend alpha."", ""R"": ""Квадратится; weighted intensity через specMapIntMask.R.""}",F_SPEC | F_SPEC_ONLY_ALPHA,"S=(Spec.R^2,Spec.G^2,Spec.B,Spec.A); I=dot(S.rgb,specMapIntMask.xyz)*specularIntensityMult; P=S.a*specularFalloffMult | alpha=(SpecSampler.G)^2",,TODO_SPECIAL_SPEC_BA
decal_tnt.sps > DiffuseSampler,decal_tnt.sps,decal_tnt,2,DiffuseSampler,0,False,Альбедо / непрозрачность,SEM_32077C77D80BB001,resolved,active,"{""A"": ""Surface opacity: decal blend или cutout; в detail-diffspec дополнительно A_detail."", ""RGB"": ""Albedo. В diffspec также источник I/P; у specialised decal может быть маской, а не выводимым цветом.""}",F_ALPHA,alpha_surface = Diffuse.A * Colour0.A * globalAlpha,,DIFFUSE_RGBA_AUTO
decal_tnt.sps > TintPaletteSampler,decal_tnt.sps,decal_tnt,2,TintPaletteSampler,,False,Палитра оттенков,SEM_55CA30E417FD7662,resolved,active,"{""A"": ""Сэмплируется в float4, но отдельное художественное использование A в этом path не доказано."", ""RGB"": ""Множитель albedo после point/clamp palette lookup.""}",F_TINT,"Tint=TintPaletteSampler(float2(Colour0.B,tintPaletteSelector.X)); Albedo.rgb*=Tint.rgb",,PALETTE_RGBA8
default.sps > DiffuseSampler,default.sps,default,0,DiffuseSampler,0,False,Базовый цвет,SEM_9B2FFD437A334725,resolved,active,"{""A"": ""Surface alpha; в CUTOUT также источник alpha-test."", ""RGB"": ""Базовый цвет поверхности. DXBC не доказывает transfer-функцию исходного DDS.""}",F_SURFACE_ALPHA,surface_alpha = DiffuseSampler.A × Colour0.A; затем runtime умножает globalAlpha,,DIFFUSE_RGBA_AUTO
default_detail.sps > DiffuseSampler,default_detail.sps,default_detail,0,DiffuseSampler,0,False,Альбедо / непрозрачность,SEM_32077C77D80BB001,resolved,active,"{""A"": ""Surface opacity: decal blend или cutout; в detail-diffspec дополнительно A_detail."", ""RGB"": ""Albedo. В diffspec также источник I/P; у specialised decal может быть маской, а не выводимым цветом.""}",F_ALPHA,alpha_surface = Diffuse.A * Colour0.A * globalAlpha,,DIFFUSE_RGBA_AUTO
default_detail.sps > DetailSampler,default_detail.sps,default_detail,0,DetailSampler,0,False,Скалярная детализация,SEM_BF323425E0B499ED,resolved,active,"{""A"": ""Не используется; detail mask берётся из 1."", ""B"": ""Не используется."", ""G"": ""Не используется: default_detail собран без NORMAL_MAP."", ""R"": ""Scalar detail sample; normal X не компилируется без NORMAL_MAP.""}",F_DETAIL,D=.5*Detail(UV*detailSettings.zw)+.5*Detail(UV*detailSettings.zw*3.17); A_detail=1; M=1-D.r*detailSettings.x*A_detail,PC branch смешивает два sample масштаба 1× и 3.17× по 0.5.,LINEAR_R_OR_RG_BC5
default_noedge.sps > DiffuseSampler,default_noedge.sps,default,0,DiffuseSampler,0,False,Базовый цвет,SEM_9B2FFD437A334725,resolved,active,"{""A"": ""Surface alpha; в CUTOUT также источник alpha-test."", ""RGB"": ""Базовый цвет поверхности. DXBC не доказывает transfer-функцию исходного DDS.""}",F_SURFACE_ALPHA,surface_alpha = DiffuseSampler.A × Colour0.A; затем runtime умножает globalAlpha,,DIFFUSE_RGBA_AUTO
default_spec.sps > DiffuseSampler,default_spec.sps,default_spec,0,DiffuseSampler,0,False,Базовый цвет,SEM_9B2FFD437A334725,resolved,active,"{""A"": ""Surface alpha; в CUTOUT также источник alpha-test."", ""RGB"": ""Базовый цвет поверхности. DXBC не доказывает transfer-функцию исходного DDS.""}",F_SURFACE_ALPHA,surface_alpha = DiffuseSampler.A × Colour0.A; затем runtime умножает globalAlpha,,DIFFUSE_RGBA_AUTO
default_terrain_wet.sps > DiffuseSampler,default_terrain_wet.sps,default_terrain_wet,0,DiffuseSampler,0,False,Альбедо / непрозрачность,SEM_32077C77D80BB001,resolved,active,"{""A"": ""Surface opacity: decal blend или cutout; в detail-diffspec дополнительно A_detail."", ""RGB"": ""Albedo. В diffspec также источник I/P; у specialised decal может быть маской, а не выводимым цветом.""}",F_ALPHA,alpha_surface = Diffuse.A * Colour0.A * globalAlpha,,DIFFUSE_RGBA_AUTO
default_tnt.sps > DiffuseSampler,default_tnt.sps,default_tnt,0,DiffuseSampler,0,False,Базовый цвет,SEM_44A8211FFB386091,resolved,active,"{""A"": ""Surface alpha; в CUTOUT также источник alpha-test."", ""RGB"": ""Базовый цвет поверхности. DXBC не доказывает transfer-функцию исходного DDS.""}",F_SURFACE_ALPHA | F_TINT_PALETTE,"T=TintPaletteSampler(Colour0.B,tintPaletteSelector.X); albedo=DiffuseSampler.RGB×T.RGB | surface_alpha = DiffuseSampler.A × Colour0.A; затем runtime умножает globalAlpha",,DIFFUSE_RGBA_AUTO
default_tnt.sps > TintPaletteSampler,default_tnt.sps,default_tnt,0,TintPaletteSampler,,False,Палитра оттенков,SEM_5882847584F3EEED,resolved,active,"{""A"": ""В проверенном основном deferred lit-пути не используется."", ""RGB"": ""Палитровый RGB-множитель albedo.""}",F_TINT_PALETTE,"T=TintPaletteSampler(Colour0.B,tintPaletteSelector.X); albedo=DiffuseSampler.RGB×T.RGB",Координаты формируются из Colour0.B и tintPaletteSelector.X; это не обычная UV-текстура.,PALETTE_RGBA8
default_um.sps > DiffuseSampler,default_um.sps,default_um,0,DiffuseSampler,0,False,Альбедо / непрозрачность,SEM_32077C77D80BB001,resolved,active,"{""A"": ""Surface opacity: decal blend или cutout; в detail-diffspec дополнительно A_detail."", ""RGB"": ""Albedo. В diffspec также источник I/P; у specialised decal может быть маской, а не выводимым цветом.""}",F_ALPHA,alpha_surface = Diffuse.A * Colour0.A * globalAlpha,,DIFFUSE_RGBA_AUTO
distance_map.sps > distanceMapSampler,distance_map.sps,distance_map,2,distanceMapSampler,0,False,Маска дистанции,SEM_D58F5A7333EE6DED,resolved,active,"{""GBA"": ""Не используются."", ""R"": ""Бинарная/сглаженная маска с порогом около 0.5.""}",F_DISTANCE,"forward alpha=(R≥0.5); deferred alpha=smoothstep(0.5−ε,0.5+ε,R)",,LINEAR_R_OR_RG_BC5
emissive.sps > DiffuseSampler,emissive.sps,emissive,0,DiffuseSampler,0,False,Базовый цвет / emissive mask,SEM_DAD0B487CB04F5FD,resolved,active,"{""A"": ""Маска эмиссии и surface alpha; в additive-вариантах также формирует premultiplied source color."", ""RGB"": ""Базовый цвет поверхности. Для TNT дополнительно умножается на RGB выбранной палитры.""}",F_SURFACE_ALPHA | F_EMISSIVE_INTENSITY,emissive = DiffuseSampler.A × emissiveMultiplier × runtime(gEmissiveScale) × Colour0.B | surface_alpha = DiffuseSampler.A × Colour0.A,,DIFFUSE_RGBA_AUTO
emissive_additive_alpha.sps > DiffuseSampler,emissive_additive_alpha.sps,emissive_additive_alpha,1,DiffuseSampler,0,False,Базовый цвет / emissive mask,SEM_AB00646FA560A535,resolved,active,"{""A"": ""Маска эмиссии и surface alpha; в additive-вариантах также формирует premultiplied source color."", ""RGB"": ""Базовый цвет поверхности. Для TNT дополнительно умножается на RGB выбранной палитры.""}",F_SURFACE_ALPHA | F_EMISSIVE_INTENSITY | F_ADDITIVE_SOURCE,emissive = DiffuseSampler.A × emissiveMultiplier × runtime(gEmissiveScale) × Colour0.B | source_rgb = DiffuseSampler.RGB × DiffuseSampler.A; blend = source_rgb×source_alpha + destination | surface_alpha = DiffuseSampler.A × Colour0.A,,DIFFUSE_RGBA_AUTO
emissive_additive_uv_alpha.sps > DiffuseSampler,emissive_additive_uv_alpha.sps,emissive_additive_uv_alpha,1,DiffuseSampler,0,False,Базовый цвет / emissive mask,SEM_AB00646FA560A535,resolved,active,"{""A"": ""Маска эмиссии и surface alpha; в additive-вариантах также формирует premultiplied source color."", ""RGB"": ""Базовый цвет поверхности. Для TNT дополнительно умножается на RGB выбранной палитры.""}",F_SURFACE_ALPHA | F_EMISSIVE_INTENSITY | F_ADDITIVE_SOURCE,emissive = DiffuseSampler.A × emissiveMultiplier × runtime(gEmissiveScale) × Colour0.B | source_rgb = DiffuseSampler.RGB × DiffuseSampler.A; blend = source_rgb×source_alpha + destination | surface_alpha = DiffuseSampler.A × Colour0.A,,DIFFUSE_RGBA_AUTO
emissive_alpha.sps > DiffuseSampler,emissive_alpha.sps,emissive,1,DiffuseSampler,0,False,Базовый цвет / emissive mask,SEM_DAD0B487CB04F5FD,resolved,active,"{""A"": ""Маска эмиссии и surface alpha; в additive-вариантах также формирует premultiplied source color."", ""RGB"": ""Базовый цвет поверхности. Для TNT дополнительно умножается на RGB выбранной палитры.""}",F_SURFACE_ALPHA | F_EMISSIVE_INTENSITY,emissive = DiffuseSampler.A × emissiveMultiplier × runtime(gEmissiveScale) × Colour0.B | surface_alpha = DiffuseSampler.A × Colour0.A,,DIFFUSE_RGBA_AUTO
emissive_alpha_tnt.sps > DiffuseSampler,emissive_alpha_tnt.sps,emissive_tnt,1,DiffuseSampler,0,False,Базовый цвет / emissive mask,SEM_1FCA54F6FE69148A,resolved,active,"{""A"": ""Маска эмиссии и surface alpha; в additive-вариантах также формирует premultiplied source color."", ""RGB"": ""Базовый цвет поверхности. Для TNT дополнительно умножается на RGB выбранной палитры.""}",F_SURFACE_ALPHA | F_EMISSIVE_INTENSITY | F_TINTED_ALBEDO,albedo.RGB = DiffuseSampler.RGB × TintPaletteSampler.RGB | emissive = DiffuseSampler.A × emissiveMultiplier × runtime(gEmissiveScale) | surface_alpha = DiffuseSampler.A × Colour0.A,,DIFFUSE_RGBA_AUTO
emissive_alpha_tnt.sps > TintPaletteSampler,emissive_alpha_tnt.sps,emissive_tnt,1,TintPaletteSampler,,False,Палитра tint,SEM_9F03611A8233454C,resolved,active,"{""A"": ""Compiler-unused в проверенных основных P16 palette-программах."", ""RGB"": ""RGB-множитель albedo, выбранный через Colour0.B и tintPaletteSelector.X.""}",F_TINT_LOOKUP | F_TINTED_ALBEDO,"albedo.RGB = DiffuseSampler.RGB × TintPaletteSampler.RGB | tint = TintPaletteSampler(U=Colour0.B, V=tintPaletteSelector.X)",,PALETTE_RGBA8
emissive_clip.sps > DiffuseSampler,emissive_clip.sps,emissive_clip,0,DiffuseSampler,0,False,Базовый цвет / emissive mask,SEM_DAD0B487CB04F5FD,resolved,active,"{""A"": ""Маска эмиссии и surface alpha; в additive-вариантах также формирует premultiplied source color."", ""RGB"": ""Базовый цвет поверхности. Для TNT дополнительно умножается на RGB выбранной палитры.""}",F_SURFACE_ALPHA | F_EMISSIVE_INTENSITY,emissive = DiffuseSampler.A × emissiveMultiplier × runtime(gEmissiveScale) × Colour0.B | surface_alpha = DiffuseSampler.A × Colour0.A,,DIFFUSE_RGBA_AUTO
emissive_speclum.sps > DiffuseSampler,emissive_speclum.sps,emissive_speclum,0,DiffuseSampler,0,False,Базовый цвет / emissive mask,SEM_94A6CC649B7B52CB,resolved,active,"{""A"": ""Маска эмиссии и surface alpha; в additive-вариантах также формирует premultiplied source color."", ""RGB"": ""Базовый цвет поверхности. Для TNT дополнительно умножается на RGB выбранной палитры.""}",F_SURFACE_ALPHA | F_EMISSIVE_INTENSITY | F_INVERSE_LUMA_SPEC,"emissive = DiffuseSampler.A × emissiveMultiplier × runtime(gEmissiveScale) × Colour0.B | specMult = 1 − dot(DiffuseSampler.RGB, (0.2125,0.7154,0.0721)); specIntensity=specMult×specularIntensityMult; specFalloff=specMult×specularFalloffMult | surface_alpha = DiffuseSampler.A × Colour0.A",,DIFFUSE_RGBA_AUTO
emissive_tnt.sps > DiffuseSampler,emissive_tnt.sps,emissive_tnt,0,DiffuseSampler,0,False,Базовый цвет / emissive mask,SEM_1FCA54F6FE69148A,resolved,active,"{""A"": ""Маска эмиссии и surface alpha; в additive-вариантах также формирует premultiplied source color."", ""RGB"": ""Базовый цвет поверхности. Для TNT дополнительно умножается на RGB выбранной палитры.""}",F_SURFACE_ALPHA | F_EMISSIVE_INTENSITY | F_TINTED_ALBEDO,albedo.RGB = DiffuseSampler.RGB × TintPaletteSampler.RGB | emissive = DiffuseSampler.A × emissiveMultiplier × runtime(gEmissiveScale) | surface_alpha = DiffuseSampler.A × Colour0.A,,DIFFUSE_RGBA_AUTO
emissive_tnt.sps > TintPaletteSampler,emissive_tnt.sps,emissive_tnt,0,TintPaletteSampler,,False,Палитра tint,SEM_9F03611A8233454C,resolved,active,"{""A"": ""Compiler-unused в проверенных основных P16 palette-программах."", ""RGB"": ""RGB-множитель albedo, выбранный через Colour0.B и tintPaletteSelector.X.""}",F_TINT_LOOKUP | F_TINTED_ALBEDO,"albedo.RGB = DiffuseSampler.RGB × TintPaletteSampler.RGB | tint = TintPaletteSampler(U=Colour0.B, V=tintPaletteSelector.X)",,PALETTE_RGBA8
emissivenight.sps > DiffuseSampler,emissivenight.sps,emissivenight,0,DiffuseSampler,0,False,Базовый цвет / emissive mask,SEM_8CA0E35FB45E5D21,resolved,active,"{""A"": ""Маска эмиссии и surface alpha; в additive-вариантах также формирует premultiplied source color."", ""RGB"": ""Базовый цвет поверхности. Для TNT дополнительно умножается на RGB выбранной палитры.""}",F_SURFACE_ALPHA | F_EMISSIVE_INTENSITY,emissive = DiffuseSampler.A × emissiveMultiplier × runtime(gEmissiveScale) × Colour0.B × runtime(gDayNightEffects) | surface_alpha = DiffuseSampler.A × Colour0.A,,DIFFUSE_RGBA_AUTO
emissivenight_alpha.sps > DiffuseSampler,emissivenight_alpha.sps,emissivenight,1,DiffuseSampler,0,False,Базовый цвет / emissive mask,SEM_8CA0E35FB45E5D21,resolved,active,"{""A"": ""Маска эмиссии и surface alpha; в additive-вариантах также формирует premultiplied source color."", ""RGB"": ""Базовый цвет поверхности. Для TNT дополнительно умножается на RGB выбранной палитры.""}",F_SURFACE_ALPHA | F_EMISSIVE_INTENSITY,emissive = DiffuseSampler.A × emissiveMultiplier × runtime(gEmissiveScale) × Colour0.B × runtime(gDayNightEffects) | surface_alpha = DiffuseSampler.A × Colour0.A,,DIFFUSE_RGBA_AUTO
emissivenight_geomnightonly.sps > DiffuseSampler,emissivenight_geomnightonly.sps,emissivenight_geomnightonly,0,DiffuseSampler,0,False,Базовый цвет / emissive mask,SEM_8D4513A8442F538B,resolved,active,"{""A"": ""Маска эмиссии и surface alpha; в additive-вариантах также формирует premultiplied source color."", ""RGB"": ""Базовый цвет поверхности. Для TNT дополнительно умножается на RGB выбранной палитры.""}",F_SURFACE_ALPHA | F_EMISSIVE_INTENSITY,emissive = DiffuseSampler.A × emissiveMultiplier × runtime(gEmissiveScale) × Colour0.B × runtime(CalcDayNightVertScale) | surface_alpha = DiffuseSampler.A × Colour0.A,,DIFFUSE_RGBA_AUTO
emissivestrong.sps > DiffuseSampler,emissivestrong.sps,emissivestrong,0,DiffuseSampler,0,False,Базовый цвет / emissive mask,SEM_DAD0B487CB04F5FD,resolved,active,"{""A"": ""Маска эмиссии и surface alpha; в additive-вариантах также формирует premultiplied source color."", ""RGB"": ""Базовый цвет поверхности. Для TNT дополнительно умножается на RGB выбранной палитры.""}",F_SURFACE_ALPHA | F_EMISSIVE_INTENSITY,emissive = DiffuseSampler.A × emissiveMultiplier × runtime(gEmissiveScale) × Colour0.B | surface_alpha = DiffuseSampler.A × Colour0.A,,DIFFUSE_RGBA_AUTO
emissivestrong_alpha.sps > DiffuseSampler,emissivestrong_alpha.sps,emissivestrong,1,DiffuseSampler,0,False,Базовый цвет / emissive mask,SEM_DAD0B487CB04F5FD,resolved,active,"{""A"": ""Маска эмиссии и surface alpha; в additive-вариантах также формирует premultiplied source color."", ""RGB"": ""Базовый цвет поверхности. Для TNT дополнительно умножается на RGB выбранной палитры.""}",F_SURFACE_ALPHA | F_EMISSIVE_INTENSITY,emissive = DiffuseSampler.A × emissiveMultiplier × runtime(gEmissiveScale) × Colour0.B | surface_alpha = DiffuseSampler.A × Colour0.A,,DIFFUSE_RGBA_AUTO
glass.sps > DiffuseSampler,glass.sps,glass,1,DiffuseSampler,0,False,Карта diffuse,SEM_73CAC76856151A52,resolved,active,"{""A"": ""Прозрачность материала."", ""RGB"": ""Базовый цвет/цвет частицы.""}",F_GLASS_ALPHA,alpha = Diffuse.A × Colour0.A × globalAlpha,,DIFFUSE_RGBA_AUTO
glass.sps > BumpSampler,glass.sps,glass,1,BumpSampler,0,False,Карта нормалей,SEM_5B4603C4239AB415,resolved,active,"{""A"": ""Не отдельная художественная маска; физическая упаковка normal map зависит от формата текстуры."", ""RGB"": ""Тангенсная нормаль после GTA-декодирования; X/Y задают наклон, Z восстанавливается/нормализуется.""}",,,,NORMAL_XY_AUTO
glass.sps > EnvironmentSampler,glass.sps,glass,1,EnvironmentSampler,,False,Статическое отражение,SEM_CE68A5AAAACC13AE,resolved,active,"{""A"": ""В исследованных reflect-путях не используется."", ""RGB"": ""Цветное статическое сферическое отражение.""}",F_STATIC_REFLECT,reflectionRGB = EnvironmentSampler.RGB × reflectivePower,"Это 2D spherical environment map; размытие задаётся самой текстурой/mips, не SpecSampler.A.",COLOR_RGB_BC1
glass_breakable.sps > DiffuseSampler,glass_breakable.sps,glass_breakable,1,DiffuseSampler,0,False,Карта diffuse,SEM_73CAC76856151A52,resolved,active,"{""A"": ""Прозрачность материала."", ""RGB"": ""Базовый цвет/цвет частицы.""}",F_GLASS_ALPHA,alpha = Diffuse.A × Colour0.A × globalAlpha,,DIFFUSE_RGBA_AUTO
glass_breakable.sps > BumpSampler,glass_breakable.sps,glass_breakable,1,BumpSampler,0,False,Карта нормалей,SEM_5B4603C4239AB415,resolved,active,"{""A"": ""Не отдельная художественная маска; физическая упаковка normal map зависит от формата текстуры."", ""RGB"": ""Тангенсная нормаль после GTA-декодирования; X/Y задают наклон, Z восстанавливается/нормализуется.""}",,,,NORMAL_XY_AUTO
glass_breakable.sps > SpecSampler,glass_breakable.sps,glass_breakable,1,SpecSampler,0,False,Карта бликов,SEM_93863569C8DB6A47,resolved,active,"{""A"": ""Показатель степени/узость блика: A×specularFalloffMult."", ""B"": ""Линейная добавка интенсивности, если вес B ненулевой."", ""G"": ""Дополнительная интенсивность через G², если вес G в specMapIntMask ненулевой."", ""R"": ""Интенсивность обычного белого блика через R² и specMapIntMask.""}",F_GLASS_SPEC,"I=dot((R²,G²,B),specMapIntMask)×specularIntensityMult; n=A×specularFalloffMult","SpecSampler управляет обычным specular-бликом, а не резкостью EnvironmentSampler.",LINEAR_RGBA_BC3
glass_breakable_screendooralpha.sps > DiffuseSampler,glass_breakable_screendooralpha.sps,glass_breakable,3,DiffuseSampler,0,False,Карта diffuse,SEM_73CAC76856151A52,resolved,active,"{""A"": ""Прозрачность материала."", ""RGB"": ""Базовый цвет/цвет частицы.""}",F_GLASS_ALPHA,alpha = Diffuse.A × Colour0.A × globalAlpha,,DIFFUSE_RGBA_AUTO
glass_breakable_screendooralpha.sps > BumpSampler,glass_breakable_screendooralpha.sps,glass_breakable,3,BumpSampler,0,False,Карта нормалей,SEM_5B4603C4239AB415,resolved,active,"{""A"": ""Не отдельная художественная маска; физическая упаковка normal map зависит от формата текстуры."", ""RGB"": ""Тангенсная нормаль после GTA-декодирования; X/Y задают наклон, Z восстанавливается/нормализуется.""}",,,,NORMAL_XY_AUTO
glass_breakable_screendooralpha.sps > SpecSampler,glass_breakable_screendooralpha.sps,glass_breakable,3,SpecSampler,0,False,Карта бликов,SEM_93863569C8DB6A47,resolved,active,"{""A"": ""Показатель степени/узость блика: A×specularFalloffMult."", ""B"": ""Линейная добавка интенсивности, если вес B ненулевой."", ""G"": ""Дополнительная интенсивность через G², если вес G в specMapIntMask ненулевой."", ""R"": ""Интенсивность обычного белого блика через R² и specMapIntMask.""}",F_GLASS_SPEC,"I=dot((R²,G²,B),specMapIntMask)×specularIntensityMult; n=A×specularFalloffMult","SpecSampler управляет обычным specular-бликом, а не резкостью EnvironmentSampler.",LINEAR_RGBA_BC3
glass_displacement.sps > DiffuseSampler,glass_displacement.sps,glass_displacement,7,DiffuseSampler,0,False,Карта diffuse,SEM_73CAC76856151A52,resolved,active,"{""A"": ""Прозрачность материала."", ""RGB"": ""Базовый цвет/цвет частицы.""}",F_GLASS_ALPHA,alpha = Diffuse.A × Colour0.A × globalAlpha,,DIFFUSE_RGBA_AUTO
glass_displacement.sps > BumpSampler,glass_displacement.sps,glass_displacement,7,BumpSampler,0,False,Карта нормалей,SEM_5B4603C4239AB415,resolved,active,"{""A"": ""Не отдельная художественная маска; физическая упаковка normal map зависит от формата текстуры."", ""RGB"": ""Тангенсная нормаль после GTA-декодирования; X/Y задают наклон, Z восстанавливается/нормализуется.""}",,,,NORMAL_XY_AUTO
glass_displacement.sps > SpecSampler,glass_displacement.sps,glass_displacement,7,SpecSampler,0,False,Карта бликов,SEM_93863569C8DB6A47,resolved,active,"{""A"": ""Показатель степени/узость блика: A×specularFalloffMult."", ""B"": ""Линейная добавка интенсивности, если вес B ненулевой."", ""G"": ""Дополнительная интенсивность через G², если вес G в specMapIntMask ненулевой."", ""R"": ""Интенсивность обычного белого блика через R² и specMapIntMask.""}",F_GLASS_SPEC,"I=dot((R²,G²,B),specMapIntMask)×specularIntensityMult; n=A×specularFalloffMult","SpecSampler управляет обычным specular-бликом, а не резкостью EnvironmentSampler.",LINEAR_RGBA_BC3
glass_displacement.sps > EnvironmentSampler,glass_displacement.sps,glass_displacement,7,EnvironmentSampler,,False,Статическое отражение,SEM_CE68A5AAAACC13AE,resolved,active,"{""A"": ""В исследованных reflect-путях не используется."", ""RGB"": ""Цветное статическое сферическое отражение.""}",F_STATIC_REFLECT,reflectionRGB = EnvironmentSampler.RGB × reflectivePower,"Это 2D spherical environment map; размытие задаётся самой текстурой/mips, не SpecSampler.A.",COLOR_RGB_BC1
glass_emissive.sps > DiffuseSampler,glass_emissive.sps,glass_emissive,0,DiffuseSampler,0,False,Карта diffuse,SEM_73CAC76856151A52,resolved,active,"{""A"": ""Прозрачность материала."", ""RGB"": ""Базовый цвет/цвет частицы.""}",F_GLASS_ALPHA,alpha = Diffuse.A × Colour0.A × globalAlpha,,DIFFUSE_RGBA_AUTO
glass_emissive.sps > BumpSampler,glass_emissive.sps,glass_emissive,0,BumpSampler,0,False,Карта нормалей,SEM_5B4603C4239AB415,resolved,active,"{""A"": ""Не отдельная художественная маска; физическая упаковка normal map зависит от формата текстуры."", ""RGB"": ""Тангенсная нормаль после GTA-декодирования; X/Y задают наклон, Z восстанавливается/нормализуется.""}",,,,NORMAL_XY_AUTO
glass_emissive.sps > EnvironmentSampler,glass_emissive.sps,glass_emissive,0,EnvironmentSampler,,False,Статическое отражение,SEM_CE68A5AAAACC13AE,resolved,active,"{""A"": ""В исследованных reflect-путях не используется."", ""RGB"": ""Цветное статическое сферическое отражение.""}",F_STATIC_REFLECT,reflectionRGB = EnvironmentSampler.RGB × reflectivePower,"Это 2D spherical environment map; размытие задаётся самой текстурой/mips, не SpecSampler.A.",COLOR_RGB_BC1
glass_emissive_alpha.sps > DiffuseSampler,glass_emissive_alpha.sps,glass_emissive,1,DiffuseSampler,0,False,Карта diffuse,SEM_73CAC76856151A52,resolved,active,"{""A"": ""Прозрачность материала."", ""RGB"": ""Базовый цвет/цвет частицы.""}",F_GLASS_ALPHA,alpha = Diffuse.A × Colour0.A × globalAlpha,,DIFFUSE_RGBA_AUTO
glass_emissive_alpha.sps > BumpSampler,glass_emissive_alpha.sps,glass_emissive,1,BumpSampler,0,False,Карта нормалей,SEM_5B4603C4239AB415,resolved,active,"{""A"": ""Не отдельная художественная маска; физическая упаковка normal map зависит от формата текстуры."", ""RGB"": ""Тангенсная нормаль после GTA-декодирования; X/Y задают наклон, Z восстанавливается/нормализуется.""}",,,,NORMAL_XY_AUTO
glass_emissive_alpha.sps > EnvironmentSampler,glass_emissive_alpha.sps,glass_emissive,1,EnvironmentSampler,,False,Статическое отражение,SEM_CE68A5AAAACC13AE,resolved,active,"{""A"": ""В исследованных reflect-путях не используется."", ""RGB"": ""Цветное статическое сферическое отражение.""}",F_STATIC_REFLECT,reflectionRGB = EnvironmentSampler.RGB × reflectivePower,"Это 2D spherical environment map; размытие задаётся самой текстурой/mips, не SpecSampler.A.",COLOR_RGB_BC1
glass_emissivenight.sps > DiffuseSampler,glass_emissivenight.sps,glass_emissivenight,1,DiffuseSampler,0,False,Карта diffuse,SEM_73CAC76856151A52,resolved,active,"{""A"": ""Прозрачность материала."", ""RGB"": ""Базовый цвет/цвет частицы.""}",F_GLASS_ALPHA,alpha = Diffuse.A × Colour0.A × globalAlpha,,DIFFUSE_RGBA_AUTO
glass_emissivenight.sps > BumpSampler,glass_emissivenight.sps,glass_emissivenight,1,BumpSampler,0,False,Карта нормалей,SEM_5B4603C4239AB415,resolved,active,"{""A"": ""Не отдельная художественная маска; физическая упаковка normal map зависит от формата текстуры."", ""RGB"": ""Тангенсная нормаль после GTA-декодирования; X/Y задают наклон, Z восстанавливается/нормализуется.""}",,,,NORMAL_XY_AUTO
glass_emissivenight.sps > EnvironmentSampler,glass_emissivenight.sps,glass_emissivenight,1,EnvironmentSampler,,False,Статическое отражение,SEM_CE68A5AAAACC13AE,resolved,active,"{""A"": ""В исследованных reflect-путях не используется."", ""RGB"": ""Цветное статическое сферическое отражение.""}",F_STATIC_REFLECT,reflectionRGB = EnvironmentSampler.RGB × reflectivePower,"Это 2D spherical environment map; размытие задаётся самой текстурой/mips, не SpecSampler.A.",COLOR_RGB_BC1
glass_emissivenight_alpha.sps > DiffuseSampler,glass_emissivenight_alpha.sps,glass_emissivenight,1,DiffuseSampler,0,False,Карта diffuse,SEM_73CAC76856151A52,resolved,active,"{""A"": ""Прозрачность материала."", ""RGB"": ""Базовый цвет/цвет частицы.""}",F_GLASS_ALPHA,alpha = Diffuse.A × Colour0.A × globalAlpha,,DIFFUSE_RGBA_AUTO
glass_emissivenight_alpha.sps > BumpSampler,glass_emissivenight_alpha.sps,glass_emissivenight,1,BumpSampler,0,False,Карта нормалей,SEM_5B4603C4239AB415,resolved,active,"{""A"": ""Не отдельная художественная маска; физическая упаковка normal map зависит от формата текстуры."", ""RGB"": ""Тангенсная нормаль после GTA-декодирования; X/Y задают наклон, Z восстанавливается/нормализуется.""}",,,,NORMAL_XY_AUTO
glass_emissivenight_alpha.sps > EnvironmentSampler,glass_emissivenight_alpha.sps,glass_emissivenight,1,EnvironmentSampler,,False,Статическое отражение,SEM_CE68A5AAAACC13AE,resolved,active,"{""A"": ""В исследованных reflect-путях не используется."", ""RGB"": ""Цветное статическое сферическое отражение.""}",F_STATIC_REFLECT,reflectionRGB = EnvironmentSampler.RGB × reflectivePower,"Это 2D spherical environment map; размытие задаётся самой текстурой/mips, не SpecSampler.A.",COLOR_RGB_BC1
glass_env.sps > DiffuseSampler,glass_env.sps,glass_env,1,DiffuseSampler,0,False,Карта diffuse,SEM_73CAC76856151A52,resolved,active,"{""A"": ""Прозрачность материала."", ""RGB"": ""Базовый цвет/цвет частицы.""}",F_GLASS_ALPHA,alpha = Diffuse.A × Colour0.A × globalAlpha,,DIFFUSE_RGBA_AUTO
glass_env.sps > BumpSampler,glass_env.sps,glass_env,1,BumpSampler,0,False,Карта нормалей,SEM_5B4603C4239AB415,resolved,active,"{""A"": ""Не отдельная художественная маска; физическая упаковка normal map зависит от формата текстуры."", ""RGB"": ""Тангенсная нормаль после GTA-декодирования; X/Y задают наклон, Z восстанавливается/нормализуется.""}",,,,NORMAL_XY_AUTO
glass_env.sps > SpecSampler,glass_env.sps,glass_env,1,SpecSampler,0,False,Карта бликов,SEM_93863569C8DB6A47,resolved,active,"{""A"": ""Показатель степени/узость блика: A×specularFalloffMult."", ""B"": ""Линейная добавка интенсивности, если вес B ненулевой."", ""G"": ""Дополнительная интенсивность через G², если вес G в specMapIntMask ненулевой."", ""R"": ""Интенсивность обычного белого блика через R² и specMapIntMask.""}",F_GLASS_SPEC,"I=dot((R²,G²,B),specMapIntMask)×specularIntensityMult; n=A×specularFalloffMult","SpecSampler управляет обычным specular-бликом, а не резкостью EnvironmentSampler.",LINEAR_RGBA_BC3
glass_normal_spec_reflect.sps > DiffuseSampler,glass_normal_spec_reflect.sps,glass_normal_spec_reflect,1,DiffuseSampler,0,False,Альбедо / непрозрачность,SEM_BDCA6A9993EA6364,resolved,active,"{""A"": ""Вход alpha/opacity поверхности; opaque bucket обычно сам по себе не превращает его в cutout."", ""RGB"": ""Базовый цвет/цвет эмиссии.""}",,,,DIFFUSE_RGBA_AUTO
glass_normal_spec_reflect.sps > BumpSampler,glass_normal_spec_reflect.sps,glass_normal_spec_reflect,1,BumpSampler,0,False,Карта нормалей,SEM_54AD86BAB78C04FC,resolved,active,"{""A"": ""Не читается при восстановлении нормали."", ""B"": ""Не читается при восстановлении нормали."", ""RG"": ""XY нормали в касательном пространстве: (2·RG−1)·max(bumpiness,0.001).""}",normal_xy,"Nxy = (2·Bump.RG − 1) · max(bumpiness, 0.001)",,NORMAL_XY_AUTO
glass_normal_spec_reflect.sps > SpecSampler,glass_normal_spec_reflect.sps,glass_normal_spec_reflect,1,SpecSampler,0,False,Общее скалярное управление бликом,SEM_4B4A57B8D59EECB6,resolved,active,"{""A"": ""Линейный вход falloff/exponent."", ""B"": ""Линейный член интенсивности с весом specMapIntMask.B."", ""G"": ""Квадратичный член интенсивности с весом specMapIntMask.G."", ""R"": ""Квадратичный член интенсивности с весом specMapIntMask.R.""}",generic_spec,"I = saturate(dot((R²,G²,B), specMapIntMask)·specularIntensityMult); P = A·specularFalloffMult","Параметр управляет отдельным скалярным белым прямым бликом, а не цветом или размытием EnvironmentSampler.",LINEAR_RGBA_BC3
glass_normal_spec_reflect.sps > EnvironmentSampler,glass_normal_spec_reflect.sps,glass_normal_spec_reflect,1,EnvironmentSampler,,False,Статическое отражение окружения,SEM_03583B411F57462F,resolved,active,"{""A"": ""Не используется проверенным путём environment-reflection."", ""RGB"": ""Цвет отражения сэмплируется по процедурному отражённому направлению.""}",environment,"R=normalize(reflect(−V,N)); uv=−0.5·(R.xz+1); EnvRGB=Environment2D(uv).RGB·reflectivePower","Попиксельной маски отражения нет: reflectivePower задаёт общую силу материала. | Diffuse.A, Spec.A и Spec.RGB напрямую не маскируют, не размывают и не тонируют эту текстуру.",COLOR_RGB_BC1
glass_pv.sps > DiffuseSampler,glass_pv.sps,glass_pv,1,DiffuseSampler,0,False,Карта diffuse,SEM_73CAC76856151A52,resolved,active,"{""A"": ""Прозрачность материала."", ""RGB"": ""Базовый цвет/цвет частицы.""}",F_GLASS_ALPHA,alpha = Diffuse.A × Colour0.A × globalAlpha,,DIFFUSE_RGBA_AUTO
glass_pv_env.sps > DiffuseSampler,glass_pv_env.sps,glass_pv_env,1,DiffuseSampler,0,False,Карта diffuse,SEM_73CAC76856151A52,resolved,active,"{""A"": ""Прозрачность материала."", ""RGB"": ""Базовый цвет/цвет частицы.""}",F_GLASS_ALPHA,alpha = Diffuse.A × Colour0.A × globalAlpha,,DIFFUSE_RGBA_AUTO
glass_reflect.sps > DiffuseSampler,glass_reflect.sps,glass_reflect,1,DiffuseSampler,0,False,Альбедо / непрозрачность,SEM_BDCA6A9993EA6364,resolved,active,"{""A"": ""Вход alpha/opacity поверхности; opaque bucket обычно сам по себе не превращает его в cutout."", ""RGB"": ""Базовый цвет/цвет эмиссии.""}",,,,DIFFUSE_RGBA_AUTO
glass_reflect.sps > EnvironmentSampler,glass_reflect.sps,glass_reflect,1,EnvironmentSampler,,False,Статическое отражение окружения,SEM_03583B411F57462F,resolved,active,"{""A"": ""Не используется проверенным путём environment-reflection."", ""RGB"": ""Цвет отражения сэмплируется по процедурному отражённому направлению.""}",environment,"R=normalize(reflect(−V,N)); uv=−0.5·(R.xz+1); EnvRGB=Environment2D(uv).RGB·reflectivePower","Попиксельной маски отражения нет: reflectivePower задаёт общую силу материала. | Diffuse.A, Spec.A и Spec.RGB напрямую не маскируют, не размывают и не тонируют эту текстуру.",COLOR_RGB_BC1
glass_spec.sps > DiffuseSampler,glass_spec.sps,glass_spec,1,DiffuseSampler,0,False,Карта diffuse,SEM_73CAC76856151A52,resolved,active,"{""A"": ""Прозрачность материала."", ""RGB"": ""Базовый цвет/цвет частицы.""}",F_GLASS_ALPHA,alpha = Diffuse.A × Colour0.A × globalAlpha,,DIFFUSE_RGBA_AUTO
glass_spec.sps > SpecSampler,glass_spec.sps,glass_spec,1,SpecSampler,0,False,Карта бликов,SEM_93863569C8DB6A47,resolved,active,"{""A"": ""Показатель степени/узость блика: A×specularFalloffMult."", ""B"": ""Линейная добавка интенсивности, если вес B ненулевой."", ""G"": ""Дополнительная интенсивность через G², если вес G в specMapIntMask ненулевой."", ""R"": ""Интенсивность обычного белого блика через R² и specMapIntMask.""}",F_GLASS_SPEC,"I=dot((R²,G²,B),specMapIntMask)×specularIntensityMult; n=A×specularFalloffMult","SpecSampler управляет обычным specular-бликом, а не резкостью EnvironmentSampler.",LINEAR_RGBA_BC3
grass.sps > DiffuseSampler,grass.sps,grass,3,DiffuseSampler,0,False,Альбедо травы + покрытие,SEM_A4B9A802748E4768,resolved,active,"{""A"": ""Покрытие/cutout-маска."", ""RGB"": ""Цвет травы.""}",,,,DIFFUSE_RGBA_AUTO
grass.sps > TextureGrassSampler,grass.sps,grass,3,TextureGrassSampler,0,False,Runtime-атлас/массив текстур травы,SEM_7603335D45C6D6FA,resolved,active,"{""A"": ""Активное покрытие deferred-прохода."", ""RGB"": ""Активное альбедо deferred-прохода.""}",,,"DiffuseSampler также объявлен, но основной deferred grass PS семплирует TextureGrassSampler.",ARRAY_RGBA_READY_DDS
grass_batch.sps > DiffuseSampler,grass_batch.sps,grass_batch,3,DiffuseSampler,0,False,Альбедо травы + покрытие,SEM_A4B9A802748E4768,resolved,active,"{""A"": ""Покрытие/cutout-маска."", ""RGB"": ""Цвет травы.""}",,,,DIFFUSE_RGBA_AUTO
grass_fur.sps > DiffuseSampler,grass_fur.sps,grass_fur,3,DiffuseSampler,0,False,Альбедо травы + покрытие,SEM_A4B9A802748E4768,resolved,active,"{""A"": ""Покрытие/cutout-маска."", ""RGB"": ""Цвет травы.""}",,,,DIFFUSE_RGBA_AUTO
grass_fur.sps > BumpSampler,grass_fur.sps,grass_fur,3,BumpSampler,0,False,Карта нормалей,SEM_E81DD0EBFDA45264,resolved,active,"{""A"": ""Не читается для восстановления обычной normal."", ""B"": ""Не читается для восстановления обычной normal."", ""RG"": ""XY-нормаль в tangent space: Nxy = (2·RG−1)·max(bumpiness, 0.001).""}",generic_normal,"Nxy = (2·RG−1)·max(bumpiness, 0.001)",,NORMAL_XY_AUTO
grass_fur.sps > SpecSampler,grass_fur.sps,grass_fur,3,SpecSampler,0,False,Универсальная карта бликов,SEM_C237BFBD5C925E9E,resolved,active,"{""A"": ""Линейный falloff/exponent input."", ""B"": ""Входит в scalar intensity линейно через specMapIntMask."", ""G"": ""Квадратится и входит в scalar intensity через specMapIntMask."", ""R"": ""Квадратится и входит в scalar intensity через specMapIntMask.""}",generic_spec,"I = dot((R²,G²,B), mask)·SpecInt; P = A·SpecFalloff",,LINEAR_RGBA_BC3
grass_fur.sps > ComboHeightSamplerFur01,grass_fur.sps,grass_fur,3,ComboHeightSamplerFur01,0,False,Две маски высоты слоёв меха,SEM_FC1AEBB65E4C9E4B,resolved,active,"{""A"": ""Height/coverage нечётного слоя пары: 1, 3, 5 или 7."", ""B"": ""В восьми проверенных layer PS не читается."", ""G"": ""Height/coverage чётного слоя пары: 0, 2, 4 или 6."", ""R"": ""В восьми проверенных layer PS не читается.""}",,,,LINEAR_RGBA_BC3
grass_fur.sps > ComboHeightSamplerFur23,grass_fur.sps,grass_fur,3,ComboHeightSamplerFur23,0,False,Две маски высоты слоёв меха,SEM_FC1AEBB65E4C9E4B,resolved,active,"{""A"": ""Height/coverage нечётного слоя пары: 1, 3, 5 или 7."", ""B"": ""В восьми проверенных layer PS не читается."", ""G"": ""Height/coverage чётного слоя пары: 0, 2, 4 или 6."", ""R"": ""В восьми проверенных layer PS не читается.""}",,,,LINEAR_RGBA_BC3
grass_fur.sps > ComboHeightSamplerFur45,grass_fur.sps,grass_fur,3,ComboHeightSamplerFur45,0,False,Две маски высоты слоёв меха,SEM_FC1AEBB65E4C9E4B,resolved,active,"{""A"": ""Height/coverage нечётного слоя пары: 1, 3, 5 или 7."", ""B"": ""В восьми проверенных layer PS не читается."", ""G"": ""Height/coverage чётного слоя пары: 0, 2, 4 или 6."", ""R"": ""В восьми проверенных layer PS не читается.""}",,,,LINEAR_RGBA_BC3
grass_fur.sps > ComboHeightSamplerFur67,grass_fur.sps,grass_fur,3,ComboHeightSamplerFur67,0,False,Две маски высоты слоёв меха,SEM_FC1AEBB65E4C9E4B,resolved,active,"{""A"": ""Height/coverage нечётного слоя пары: 1, 3, 5 или 7."", ""B"": ""В восьми проверенных layer PS не читается."", ""G"": ""Height/coverage чётного слоя пары: 0, 2, 4 или 6."", ""R"": ""В восьми проверенных layer PS не читается.""}",,,,LINEAR_RGBA_BC3
grass_fur.sps > StippleSampler,grass_fur.sps,grass_fur,3,StippleSampler,,False,Дизеринг stipple движка,SEM_E5E2CBEE9EB963E1,resolved,active,"{""GBA"": ""Не читаются в проверенных layer PS."", ""R"": ""Экранный паттерн отбрасывания пикселей.""}",,,,SKIP_ENGINE_RESOURCE
grass_fur_mask.sps > DiffuseSampler,grass_fur_mask.sps,grass_fur_mask,3,DiffuseSampler,0,False,Альбедо травы + покрытие,SEM_A4B9A802748E4768,resolved,active,"{""A"": ""Покрытие/cutout-маска."", ""RGB"": ""Цвет травы.""}",,,,DIFFUSE_RGBA_AUTO
grass_fur_mask.sps > BumpSampler,grass_fur_mask.sps,grass_fur_mask,3,BumpSampler,0,False,Карта нормалей,SEM_E81DD0EBFDA45264,resolved,active,"{""A"": ""Не читается для восстановления обычной normal."", ""B"": ""Не читается для восстановления обычной normal."", ""RG"": ""XY-нормаль в tangent space: Nxy = (2·RG−1)·max(bumpiness, 0.001).""}",generic_normal,"Nxy = (2·RG−1)·max(bumpiness, 0.001)",,NORMAL_XY_AUTO
grass_fur_mask.sps > SpecSampler,grass_fur_mask.sps,grass_fur_mask,3,SpecSampler,0,False,Универсальная карта бликов,SEM_C237BFBD5C925E9E,resolved,active,"{""A"": ""Линейный falloff/exponent input."", ""B"": ""Входит в scalar intensity линейно через specMapIntMask."", ""G"": ""Квадратится и входит в scalar intensity через specMapIntMask."", ""R"": ""Квадратится и входит в scalar intensity через specMapIntMask.""}",generic_spec,"I = dot((R²,G²,B), mask)·SpecInt; P = A·SpecFalloff",,LINEAR_RGBA_BC3
grass_fur_mask.sps > ComboHeightSamplerFur01,grass_fur_mask.sps,grass_fur_mask,3,ComboHeightSamplerFur01,0,False,Две маски высоты слоёв меха,SEM_FC1AEBB65E4C9E4B,resolved,active,"{""A"": ""Height/coverage нечётного слоя пары: 1, 3, 5 или 7."", ""B"": ""В восьми проверенных layer PS не читается."", ""G"": ""Height/coverage чётного слоя пары: 0, 2, 4 или 6."", ""R"": ""В восьми проверенных layer PS не читается.""}",,,,LINEAR_RGBA_BC3
grass_fur_mask.sps > ComboHeightSamplerFur23,grass_fur_mask.sps,grass_fur_mask,3,ComboHeightSamplerFur23,0,False,Две маски высоты слоёв меха,SEM_FC1AEBB65E4C9E4B,resolved,active,"{""A"": ""Height/coverage нечётного слоя пары: 1, 3, 5 или 7."", ""B"": ""В восьми проверенных layer PS не читается."", ""G"": ""Height/coverage чётного слоя пары: 0, 2, 4 или 6."", ""R"": ""В восьми проверенных layer PS не читается.""}",,,,LINEAR_RGBA_BC3
grass_fur_mask.sps > ComboHeightSamplerFur45,grass_fur_mask.sps,grass_fur_mask,3,ComboHeightSamplerFur45,0,False,Две маски высоты слоёв меха,SEM_FC1AEBB65E4C9E4B,resolved,active,"{""A"": ""Height/coverage нечётного слоя пары: 1, 3, 5 или 7."", ""B"": ""В восьми проверенных layer PS не читается."", ""G"": ""Height/coverage чётного слоя пары: 0, 2, 4 или 6."", ""R"": ""В восьми проверенных layer PS не читается.""}",,,,LINEAR_RGBA_BC3
grass_fur_mask.sps > ComboHeightSamplerFur67,grass_fur_mask.sps,grass_fur_mask,3,ComboHeightSamplerFur67,0,False,Две маски высоты слоёв меха,SEM_FC1AEBB65E4C9E4B,resolved,active,"{""A"": ""Height/coverage нечётного слоя пары: 1, 3, 5 или 7."", ""B"": ""В восьми проверенных layer PS не читается."", ""G"": ""Height/coverage чётного слоя пары: 0, 2, 4 или 6."", ""R"": ""В восьми проверенных layer PS не читается.""}",,,,LINEAR_RGBA_BC3
grass_fur_mask.sps > FurMaskSampler,grass_fur_mask.sps,grass_fur_mask,3,FurMaskSampler,1,False,Маска количества меха,SEM_27CF209898C4A274,resolved,active,"{""GBA"": ""Не читаются."", ""R"": ""Множит shell amount/coverage.""}",,,,LINEAR_R_OR_RG_BC5
grass_fur_mask.sps > DiffuseHfSampler,grass_fur_mask.sps,grass_fur_mask,3,DiffuseHfSampler,2,False,Высокочастотный множитель diffuse,SEM_7DB42D9BDA526057,resolved,active,"{""A"": ""Не читается."", ""RGB"": ""Покомпонентно умножает Diffuse RGB.""}",,,,COLOR_RGB_BC1
grass_fur_mask.sps > StippleSampler,grass_fur_mask.sps,grass_fur_mask,3,StippleSampler,,False,Дизеринг stipple движка,SEM_E5E2CBEE9EB963E1,resolved,active,"{""GBA"": ""Не читаются в проверенных layer PS."", ""R"": ""Экранный паттерн отбрасывания пикселей.""}",,,,SKIP_ENGINE_RESOURCE
gta_default.sps > DiffuseSampler,gta_default.sps,default,0,DiffuseSampler,0,False,Базовый цвет,SEM_9B2FFD437A334725,resolved,active,"{""A"": ""Surface alpha; в CUTOUT также источник alpha-test."", ""RGB"": ""Базовый цвет поверхности. DXBC не доказывает transfer-функцию исходного DDS.""}",F_SURFACE_ALPHA,surface_alpha = DiffuseSampler.A × Colour0.A; затем runtime умножает globalAlpha,,DIFFUSE_RGBA_AUTO
gta_normal.sps > DiffuseSampler,gta_normal.sps,normal,0,DiffuseSampler,0,False,Базовый цвет,SEM_9B2FFD437A334725,resolved,active,"{""A"": ""Surface alpha; в CUTOUT также источник alpha-test."", ""RGB"": ""Базовый цвет поверхности. DXBC не доказывает transfer-функцию исходного DDS.""}",F_SURFACE_ALPHA,surface_alpha = DiffuseSampler.A × Colour0.A; затем runtime умножает globalAlpha,,DIFFUSE_RGBA_AUTO
gta_normal.sps > BumpSampler,gta_normal.sps,normal,0,BumpSampler,0,False,Карта нормалей,SEM_BC1FC7E4B6D69C43,resolved,active,"{""A"": ""В проверенном normal decode не используется."", ""B"": ""В проверенном normal decode не используется; Z восстанавливается."", ""G"": ""Компонента Y касательного пространства: 2·G−1."", ""R"": ""Компонента X касательного пространства: 2·R−1.""}",F_NORMAL_RG,"q=2·BumpSampler.RG−1; z=sqrt(abs(1−dot(q,q))); N=normalize(T·q.x·b+B·q.y·b+Ngeo·z)",,NORMAL_XY_AUTO
gta_radar.sps > DiffuseSampler,gta_radar.sps,radar,0,DiffuseSampler,0,False,Карта diffuse,SEM_29206B3B351A0F2E,resolved,active,"{""A"": ""Прозрачность материала."", ""RGB"": ""Базовый цвет/цвет частицы.""}",,,,DIFFUSE_RGBA_AUTO
gta_reflect_alpha.sps > DiffuseSampler,gta_reflect_alpha.sps,reflect,1,DiffuseSampler,0,False,Альбедо / непрозрачность,SEM_BDCA6A9993EA6364,resolved,active,"{""A"": ""Вход alpha/opacity поверхности; opaque bucket обычно сам по себе не превращает его в cutout."", ""RGB"": ""Базовый цвет/цвет эмиссии.""}",,,,DIFFUSE_RGBA_AUTO
gta_reflect_alpha.sps > EnvironmentSampler,gta_reflect_alpha.sps,reflect,1,EnvironmentSampler,,False,Статическое отражение окружения,SEM_03583B411F57462F,resolved,active,"{""A"": ""Не используется проверенным путём environment-reflection."", ""RGB"": ""Цвет отражения сэмплируется по процедурному отражённому направлению.""}",environment,"R=normalize(reflect(−V,N)); uv=−0.5·(R.xz+1); EnvRGB=Environment2D(uv).RGB·reflectivePower","Попиксельной маски отражения нет: reflectivePower задаёт общую силу материала. | Diffuse.A, Spec.A и Spec.RGB напрямую не маскируют, не размывают и не тонируют эту текстуру.",COLOR_RGB_BC1
gta_spec.sps > DiffuseSampler,gta_spec.sps,spec,0,DiffuseSampler,0,False,Базовый цвет,SEM_9B2FFD437A334725,resolved,active,"{""A"": ""Surface alpha; в CUTOUT также источник alpha-test."", ""RGB"": ""Базовый цвет поверхности. DXBC не доказывает transfer-функцию исходного DDS.""}",F_SURFACE_ALPHA,surface_alpha = DiffuseSampler.A × Colour0.A; затем runtime умножает globalAlpha,,DIFFUSE_RGBA_AUTO
gta_spec.sps > SpecSampler,gta_spec.sps,spec,0,SpecSampler,0,False,Упакованный specular,SEM_ADCA91AAC8552F7A,resolved,active,"{""A"": ""Линейный falloff/gloss input; умножается на specularFalloffMult."", ""B"": ""Третий скалярный spec-вклад; остаётся линейным."", ""G"": ""Второй скалярный spec-вклад; перед mask возводится в квадрат."", ""R"": ""Первый скалярный spec-вклад; перед mask возводится в квадрат.""}",F_SPEC_PACKED,"Q=(R²,G²,B); I=dot(Q,specMapIntMask)·specularIntensityMult; P=A·specularFalloffMult; n=3·min(P,500)+558·max(P−500,0)",,LINEAR_RGBA_BC3
mirror_crack.sps > DiffuseSampler,mirror_crack.sps,mirror_crack,1,DiffuseSampler,0,False,Карта diffuse,SEM_73CAC76856151A52,resolved,active,"{""A"": ""Прозрачность материала."", ""RGB"": ""Базовый цвет/цвет частицы.""}",F_GLASS_ALPHA,alpha = Diffuse.A × Colour0.A × globalAlpha,,DIFFUSE_RGBA_AUTO
mirror_crack.sps > gMirrorCrackSampler,mirror_crack.sps,mirror_crack,1,gMirrorCrackSampler,0,False,Искажение трещин зеркала,SEM_FA7D74320A66D6BB,resolved,active,"{""A"": ""В основном mirror_crack path не используется."", ""B"": ""В основном mirror_crack path не используется."", ""RG"": ""Смещение экранного отражения: RG×2−1.""}",F_MIRROR_CRACK,"screenUV += (Crack.RG×2−1)×gMirrorCrackAmount/(512,256)",,LINEAR_R_OR_RG_BC5
mirror_crack.sps > SpecSampler,mirror_crack.sps,mirror_crack,1,SpecSampler,0,False,Карта бликов,SEM_93863569C8DB6A47,resolved,active,"{""A"": ""Показатель степени/узость блика: A×specularFalloffMult."", ""B"": ""Линейная добавка интенсивности, если вес B ненулевой."", ""G"": ""Дополнительная интенсивность через G², если вес G в specMapIntMask ненулевой."", ""R"": ""Интенсивность обычного белого блика через R² и specMapIntMask.""}",F_GLASS_SPEC,"I=dot((R²,G²,B),specMapIntMask)×specularIntensityMult; n=A×specularFalloffMult","SpecSampler управляет обычным specular-бликом, а не резкостью EnvironmentSampler.",LINEAR_RGBA_BC3
mirror_decal.sps > DiffuseSampler,mirror_decal.sps,mirror_decal,1,DiffuseSampler,0,False,Карта diffuse,SEM_33A8197AD349F4DA,resolved,active,"{""A"": ""Прозрачность/маска cutout; у mirror_decal именно A управляет вкладом отражения."", ""RGB"": ""Базовый цвет/цвет частицы.""}",F_GLASS_ALPHA,alpha = Diffuse.A × Colour0.A × globalAlpha,,DIFFUSE_RGBA_AUTO
mirror_decal.sps > BumpSampler,mirror_decal.sps,mirror_decal,1,BumpSampler,0,False,Карта нормалей,SEM_5B4603C4239AB415,resolved,active,"{""A"": ""Не отдельная художественная маска; физическая упаковка normal map зависит от формата текстуры."", ""RGB"": ""Тангенсная нормаль после GTA-декодирования; X/Y задают наклон, Z восстанавливается/нормализуется.""}",,,,NORMAL_XY_AUTO
mirror_default.sps > DiffuseSampler,mirror_default.sps,mirror_default,1,DiffuseSampler,0,False,Карта diffuse,SEM_73CAC76856151A52,resolved,active,"{""A"": ""Прозрачность материала."", ""RGB"": ""Базовый цвет/цвет частицы.""}",F_GLASS_ALPHA,alpha = Diffuse.A × Colour0.A × globalAlpha,,DIFFUSE_RGBA_AUTO
mirror_default.sps > SpecSampler,mirror_default.sps,mirror_default,1,SpecSampler,0,False,Карта бликов,SEM_93863569C8DB6A47,resolved,active,"{""A"": ""Показатель степени/узость блика: A×specularFalloffMult."", ""B"": ""Линейная добавка интенсивности, если вес B ненулевой."", ""G"": ""Дополнительная интенсивность через G², если вес G в specMapIntMask ненулевой."", ""R"": ""Интенсивность обычного белого блика через R² и specMapIntMask.""}",F_GLASS_SPEC,"I=dot((R²,G²,B),specMapIntMask)×specularIntensityMult; n=A×specularFalloffMult","SpecSampler управляет обычным specular-бликом, а не резкостью EnvironmentSampler.",LINEAR_RGBA_BC3
normal.sps > DiffuseSampler,normal.sps,normal,0,DiffuseSampler,0,False,Базовый цвет,SEM_9B2FFD437A334725,resolved,active,"{""A"": ""Surface alpha; в CUTOUT также источник alpha-test."", ""RGB"": ""Базовый цвет поверхности. DXBC не доказывает transfer-функцию исходного DDS.""}",F_SURFACE_ALPHA,surface_alpha = DiffuseSampler.A × Colour0.A; затем runtime умножает globalAlpha,,DIFFUSE_RGBA_AUTO
normal.sps > BumpSampler,normal.sps,normal,0,BumpSampler,0,False,Карта нормалей,SEM_BC1FC7E4B6D69C43,resolved,active,"{""A"": ""В проверенном normal decode не используется."", ""B"": ""В проверенном normal decode не используется; Z восстанавливается."", ""G"": ""Компонента Y касательного пространства: 2·G−1."", ""R"": ""Компонента X касательного пространства: 2·R−1.""}",F_NORMAL_RG,"q=2·BumpSampler.RG−1; z=sqrt(abs(1−dot(q,q))); N=normalize(T·q.x·b+B·q.y·b+Ngeo·z)",,NORMAL_XY_AUTO
normal_alpha.sps > DiffuseSampler,normal_alpha.sps,normal,1,DiffuseSampler,0,False,Базовый цвет,SEM_9B2FFD437A334725,resolved,active,"{""A"": ""Surface alpha; в CUTOUT также источник alpha-test."", ""RGB"": ""Базовый цвет поверхности. DXBC не доказывает transfer-функцию исходного DDS.""}",F_SURFACE_ALPHA,surface_alpha = DiffuseSampler.A × Colour0.A; затем runtime умножает globalAlpha,,DIFFUSE_RGBA_AUTO
normal_alpha.sps > BumpSampler,normal_alpha.sps,normal,1,BumpSampler,0,False,Карта нормалей,SEM_BC1FC7E4B6D69C43,resolved,active,"{""A"": ""В проверенном normal decode не используется."", ""B"": ""В проверенном normal decode не используется; Z восстанавливается."", ""G"": ""Компонента Y касательного пространства: 2·G−1."", ""R"": ""Компонента X касательного пространства: 2·R−1.""}",F_NORMAL_RG,"q=2·BumpSampler.RG−1; z=sqrt(abs(1−dot(q,q))); N=normalize(T·q.x·b+B·q.y·b+Ngeo·z)",,NORMAL_XY_AUTO
normal_cubemap_reflect.sps > DiffuseSampler,normal_cubemap_reflect.sps,normal_cubemap_reflect,0,DiffuseSampler,0,False,Альбедо / непрозрачность,SEM_BDCA6A9993EA6364,resolved,active,"{""A"": ""Вход alpha/opacity поверхности; opaque bucket обычно сам по себе не превращает его в cutout."", ""RGB"": ""Базовый цвет/цвет эмиссии.""}",,,,DIFFUSE_RGBA_AUTO
normal_cubemap_reflect.sps > BumpSampler,normal_cubemap_reflect.sps,normal_cubemap_reflect,0,BumpSampler,0,False,Карта нормалей,SEM_54AD86BAB78C04FC,resolved,active,"{""A"": ""Не читается при восстановлении нормали."", ""B"": ""Не читается при восстановлении нормали."", ""RG"": ""XY нормали в касательном пространстве: (2·RG−1)·max(bumpiness,0.001).""}",normal_xy,"Nxy = (2·Bump.RG − 1) · max(bumpiness, 0.001)",,NORMAL_XY_AUTO
normal_cubemap_reflect.sps > EnvironmentSampler,normal_cubemap_reflect.sps,normal_cubemap_reflect,0,EnvironmentSampler,,False,Статическое отражение окружения,SEM_C5705D6B86BC8BFE,resolved,active,"{""A"": ""Не используется проверенным путём environment-reflection."", ""RGB"": ""Цвет отражения сэмплируется по процедурному отражённому направлению.""}",environment,"R=normalize(reflect(−V,N)); EnvRGB=EnvironmentCube(R.xzy).RGB·reflectivePower","Попиксельной маски отражения нет: reflectivePower задаёт общую силу материала. | Diffuse.A, Spec.A и Spec.RGB напрямую не маскируют, не размывают и не тонируют эту текстуру.",CUBEMAP_RGB_READY_DDS
normal_cutout.sps > DiffuseSampler,normal_cutout.sps,normal,3,DiffuseSampler,0,False,Базовый цвет,SEM_9B2FFD437A334725,resolved,active,"{""A"": ""Surface alpha; в CUTOUT также источник alpha-test."", ""RGB"": ""Базовый цвет поверхности. DXBC не доказывает transfer-функцию исходного DDS.""}",F_SURFACE_ALPHA,surface_alpha = DiffuseSampler.A × Colour0.A; затем runtime умножает globalAlpha,,DIFFUSE_RGBA_AUTO
normal_cutout.sps > BumpSampler,normal_cutout.sps,normal,3,BumpSampler,0,False,Карта нормалей,SEM_BC1FC7E4B6D69C43,resolved,active,"{""A"": ""В проверенном normal decode не используется."", ""B"": ""В проверенном normal decode не используется; Z восстанавливается."", ""G"": ""Компонента Y касательного пространства: 2·G−1."", ""R"": ""Компонента X касательного пространства: 2·R−1.""}",F_NORMAL_RG,"q=2·BumpSampler.RG−1; z=sqrt(abs(1−dot(q,q))); N=normalize(T·q.x·b+B·q.y·b+Ngeo·z)",,NORMAL_XY_AUTO
normal_cutout_tnt.sps > DiffuseSampler,normal_cutout_tnt.sps,normal_tnt,3,DiffuseSampler,0,False,Базовый цвет,SEM_44A8211FFB386091,resolved,active,"{""A"": ""Surface alpha; в CUTOUT также источник alpha-test."", ""RGB"": ""Базовый цвет поверхности. DXBC не доказывает transfer-функцию исходного DDS.""}",F_SURFACE_ALPHA | F_TINT_PALETTE,"T=TintPaletteSampler(Colour0.B,tintPaletteSelector.X); albedo=DiffuseSampler.RGB×T.RGB | surface_alpha = DiffuseSampler.A × Colour0.A; затем runtime умножает globalAlpha",,DIFFUSE_RGBA_AUTO
normal_cutout_tnt.sps > TintPaletteSampler,normal_cutout_tnt.sps,normal_tnt,3,TintPaletteSampler,,False,Палитра оттенков,SEM_5882847584F3EEED,resolved,active,"{""A"": ""В проверенном основном deferred lit-пути не используется."", ""RGB"": ""Палитровый RGB-множитель albedo.""}",F_TINT_PALETTE,"T=TintPaletteSampler(Colour0.B,tintPaletteSelector.X); albedo=DiffuseSampler.RGB×T.RGB",Координаты формируются из Colour0.B и tintPaletteSelector.X; это не обычная UV-текстура.,PALETTE_RGBA8
normal_cutout_tnt.sps > BumpSampler,normal_cutout_tnt.sps,normal_tnt,3,BumpSampler,0,False,Карта нормалей,SEM_BC1FC7E4B6D69C43,resolved,active,"{""A"": ""В проверенном normal decode не используется."", ""B"": ""В проверенном normal decode не используется; Z восстанавливается."", ""G"": ""Компонента Y касательного пространства: 2·G−1."", ""R"": ""Компонента X касательного пространства: 2·R−1.""}",F_NORMAL_RG,"q=2·BumpSampler.RG−1; z=sqrt(abs(1−dot(q,q))); N=normalize(T·q.x·b+B·q.y·b+Ngeo·z)",,NORMAL_XY_AUTO
normal_cutout_um.sps > DiffuseSampler,normal_cutout_um.sps,normal_um,3,DiffuseSampler,0,False,Альбедо / непрозрачность,SEM_32077C77D80BB001,resolved,active,"{""A"": ""Surface opacity: decal blend или cutout; в detail-diffspec дополнительно A_detail."", ""RGB"": ""Albedo. В diffspec также источник I/P; у specialised decal может быть маской, а не выводимым цветом.""}",F_ALPHA,alpha_surface = Diffuse.A * Colour0.A * globalAlpha,,DIFFUSE_RGBA_AUTO
normal_cutout_um.sps > BumpSampler,normal_cutout_um.sps,normal_um,3,BumpSampler,0,False,Нормаль / упакованная высота,SEM_716E7D47E446AA46,resolved,active,"{""A"": ""Обычная normal ветка A не читает."", ""B"": ""Не является отдельным художественным каналом в этих branches."", ""RG"": ""Tangent-space normal XY после remap; масштабируется bumpiness.""}",F_NORMAL,"Nxy = (2*Bump.RG-1) * max(bumpiness, 0.001)",,NORMAL_XY_AUTO
normal_decal.sps > DiffuseSampler,normal_decal.sps,normal_decal,2,DiffuseSampler,0,False,Альбедо / непрозрачность,SEM_32077C77D80BB001,resolved,active,"{""A"": ""Surface opacity: decal blend или cutout; в detail-diffspec дополнительно A_detail."", ""RGB"": ""Albedo. В diffspec также источник I/P; у specialised decal может быть маской, а не выводимым цветом.""}",F_ALPHA,alpha_surface = Diffuse.A * Colour0.A * globalAlpha,,DIFFUSE_RGBA_AUTO
normal_decal.sps > BumpSampler,normal_decal.sps,normal_decal,2,BumpSampler,0,False,Нормаль / упакованная высота,SEM_716E7D47E446AA46,resolved,active,"{""A"": ""Обычная normal ветка A не читает."", ""B"": ""Не является отдельным художественным каналом в этих branches."", ""RG"": ""Tangent-space normal XY после remap; масштабируется bumpiness.""}",F_NORMAL,"Nxy = (2*Bump.RG-1) * max(bumpiness, 0.001)",,NORMAL_XY_AUTO
normal_decal_pxm.sps > DiffuseSampler,normal_decal_pxm.sps,normal_decal_pxm,2,DiffuseSampler,0,False,Альбедо / непрозрачность,SEM_32077C77D80BB001,resolved,active,"{""A"": ""Surface opacity: decal blend или cutout; в detail-diffspec дополнительно A_detail."", ""RGB"": ""Albedo. В diffspec также источник I/P; у specialised decal может быть маской, а не выводимым цветом.""}",F_ALPHA,alpha_surface = Diffuse.A * Colour0.A * globalAlpha,,DIFFUSE_RGBA_AUTO
normal_decal_pxm.sps > heightSampler,normal_decal_pxm.sps,normal_decal_pxm,2,heightSampler,0,False,Высота,SEM_916079B5700D30F1,resolved,active,"{""A"": ""Не используется."", ""B"": ""Не используется."", ""G"": ""Не используется."", ""R"": ""Height для PXM raymarch или DPM domain displacement.""}",F_PXM,"maxOff=(-Vt.xy/max(zLimit,Vt.z))*heightScale*globalScale; biasOff=(Vt.xy/max(zLimit,Vt.z))*heightBias*globalScale; UV'=UV+biasOff+maxOff*(1-tracedHeight)",В DPM shipped DXBC имя resource — heightTexture; registry key остаётся heightSampler.,LINEAR_R_OR_RG_BC5
normal_decal_pxm.sps > BumpSampler,normal_decal_pxm.sps,normal_decal_pxm,2,BumpSampler,0,False,Нормаль / упакованная высота,SEM_716E7D47E446AA46,resolved,active,"{""A"": ""Обычная normal ветка A не читает."", ""B"": ""Не является отдельным художественным каналом в этих branches."", ""RG"": ""Tangent-space normal XY после remap; масштабируется bumpiness.""}",F_NORMAL,"Nxy = (2*Bump.RG-1) * max(bumpiness, 0.001)",,NORMAL_XY_AUTO
normal_decal_pxm_tnt.sps > DiffuseSampler,normal_decal_pxm_tnt.sps,normal_decal_pxm_tnt,2,DiffuseSampler,0,False,Альбедо / непрозрачность,SEM_32077C77D80BB001,resolved,active,"{""A"": ""Surface opacity: decal blend или cutout; в detail-diffspec дополнительно A_detail."", ""RGB"": ""Albedo. В diffspec также источник I/P; у specialised decal может быть маской, а не выводимым цветом.""}",F_ALPHA,alpha_surface = Diffuse.A * Colour0.A * globalAlpha,,DIFFUSE_RGBA_AUTO
normal_decal_pxm_tnt.sps > TintPaletteSampler,normal_decal_pxm_tnt.sps,normal_decal_pxm_tnt,2,TintPaletteSampler,,False,Палитра оттенков,SEM_55CA30E417FD7662,resolved,active,"{""A"": ""Сэмплируется в float4, но отдельное художественное использование A в этом path не доказано."", ""RGB"": ""Множитель albedo после point/clamp palette lookup.""}",F_TINT,"Tint=TintPaletteSampler(float2(Colour0.B,tintPaletteSelector.X)); Albedo.rgb*=Tint.rgb",,PALETTE_RGBA8
normal_decal_pxm_tnt.sps > heightSampler,normal_decal_pxm_tnt.sps,normal_decal_pxm_tnt,2,heightSampler,0,False,Высота,SEM_916079B5700D30F1,resolved,active,"{""A"": ""Не используется."", ""B"": ""Не используется."", ""G"": ""Не используется."", ""R"": ""Height для PXM raymarch или DPM domain displacement.""}",F_PXM,"maxOff=(-Vt.xy/max(zLimit,Vt.z))*heightScale*globalScale; biasOff=(Vt.xy/max(zLimit,Vt.z))*heightBias*globalScale; UV'=UV+biasOff+maxOff*(1-tracedHeight)",В DPM shipped DXBC имя resource — heightTexture; registry key остаётся heightSampler.,LINEAR_R_OR_RG_BC5
normal_decal_pxm_tnt.sps > BumpSampler,normal_decal_pxm_tnt.sps,normal_decal_pxm_tnt,2,BumpSampler,0,False,Нормаль / упакованная высота,SEM_716E7D47E446AA46,resolved,active,"{""A"": ""Обычная normal ветка A не читает."", ""B"": ""Не является отдельным художественным каналом в этих branches."", ""RG"": ""Tangent-space normal XY после remap; масштабируется bumpiness.""}",F_NORMAL,"Nxy = (2*Bump.RG-1) * max(bumpiness, 0.001)",,NORMAL_XY_AUTO
normal_decal_tnt.sps > DiffuseSampler,normal_decal_tnt.sps,normal_decal_tnt,2,DiffuseSampler,0,False,Альбедо / непрозрачность,SEM_32077C77D80BB001,resolved,active,"{""A"": ""Surface opacity: decal blend или cutout; в detail-diffspec дополнительно A_detail."", ""RGB"": ""Albedo. В diffspec также источник I/P; у specialised decal может быть маской, а не выводимым цветом.""}",F_ALPHA,alpha_surface = Diffuse.A * Colour0.A * globalAlpha,,DIFFUSE_RGBA_AUTO
normal_decal_tnt.sps > TintPaletteSampler,normal_decal_tnt.sps,normal_decal_tnt,2,TintPaletteSampler,,False,Палитра оттенков,SEM_55CA30E417FD7662,resolved,active,"{""A"": ""Сэмплируется в float4, но отдельное художественное использование A в этом path не доказано."", ""RGB"": ""Множитель albedo после point/clamp palette lookup.""}",F_TINT,"Tint=TintPaletteSampler(float2(Colour0.B,tintPaletteSelector.X)); Albedo.rgb*=Tint.rgb",,PALETTE_RGBA8
normal_decal_tnt.sps > BumpSampler,normal_decal_tnt.sps,normal_decal_tnt,2,BumpSampler,0,False,Нормаль / упакованная высота,SEM_716E7D47E446AA46,resolved,active,"{""A"": ""Обычная normal ветка A не читает."", ""B"": ""Не является отдельным художественным каналом в этих branches."", ""RG"": ""Tangent-space normal XY после remap; масштабируется bumpiness.""}",F_NORMAL,"Nxy = (2*Bump.RG-1) * max(bumpiness, 0.001)",,NORMAL_XY_AUTO
normal_detail.sps > DiffuseSampler,normal_detail.sps,normal_detail,0,DiffuseSampler,0,False,Альбедо / непрозрачность,SEM_32077C77D80BB001,resolved,active,"{""A"": ""Surface opacity: decal blend или cutout; в detail-diffspec дополнительно A_detail."", ""RGB"": ""Albedo. В diffspec также источник I/P; у specialised decal может быть маской, а не выводимым цветом.""}",F_ALPHA,alpha_surface = Diffuse.A * Colour0.A * globalAlpha,,DIFFUSE_RGBA_AUTO
normal_detail.sps > DetailSampler,normal_detail.sps,normal_detail,0,DetailSampler,0,False,Detail-нормаль и скалярный канал,SEM_699C23DEAE7FB095,resolved,active,"{""A"": ""Не используется; detail mask берётся из 1."", ""B"": ""Не используется."", ""G"": ""Компонента Y касательной нормали."", ""R"": ""Одновременно scalar detail sample и tangent normal X.""}",F_DETAIL,D=.5*Detail(UV*detailSettings.zw)+.5*Detail(UV*detailSettings.zw*3.17); A_detail=1; M=1-D.r*detailSettings.x*A_detail; Nxy+=D.xy*detailSettings.y*A_detail,PC branch смешивает два sample масштаба 1× и 3.17× по 0.5.,LINEAR_R_OR_RG_BC5
normal_detail.sps > BumpSampler,normal_detail.sps,normal_detail,0,BumpSampler,0,False,Нормаль / упакованная высота,SEM_716E7D47E446AA46,resolved,active,"{""A"": ""Обычная normal ветка A не читает."", ""B"": ""Не является отдельным художественным каналом в этих branches."", ""RG"": ""Tangent-space normal XY после remap; масштабируется bumpiness.""}",F_NORMAL,"Nxy = (2*Bump.RG-1) * max(bumpiness, 0.001)",,NORMAL_XY_AUTO
normal_detail_dpm.sps > DiffuseSampler,normal_detail_dpm.sps,normal_detail_dpm,0,DiffuseSampler,0,False,Альбедо / непрозрачность,SEM_32077C77D80BB001,resolved,active,"{""A"": ""Surface opacity: decal blend или cutout; в detail-diffspec дополнительно A_detail."", ""RGB"": ""Albedo. В diffspec также источник I/P; у specialised decal может быть маской, а не выводимым цветом.""}",F_ALPHA,alpha_surface = Diffuse.A * Colour0.A * globalAlpha,,DIFFUSE_RGBA_AUTO
normal_detail_dpm.sps > DetailSampler,normal_detail_dpm.sps,normal_detail_dpm,0,DetailSampler,0,False,Detail-нормаль и скалярный канал,SEM_699C23DEAE7FB095,resolved,active,"{""A"": ""Не используется; detail mask берётся из 1."", ""B"": ""Не используется."", ""G"": ""Компонента Y касательной нормали."", ""R"": ""Одновременно scalar detail sample и tangent normal X.""}",F_DETAIL,D=.5*Detail(UV*detailSettings.zw)+.5*Detail(UV*detailSettings.zw*3.17); A_detail=1; M=1-D.r*detailSettings.x*A_detail; Nxy+=D.xy*detailSettings.y*A_detail,PC branch смешивает два sample масштаба 1× и 3.17× по 0.5.,LINEAR_R_OR_RG_BC5
normal_detail_dpm.sps > heightSampler,normal_detail_dpm.sps,normal_detail_dpm,0,heightSampler,,False,Высота,SEM_6DFC9C4C83F6F58E,resolved,active,"{""A"": ""Не используется."", ""B"": ""Не используется."", ""G"": ""Не используется."", ""R"": ""Height для PXM raymarch или DPM domain displacement.""}",F_DPM,position' = position + normal * ((heightSampler.R + heightBias) * heightScale * globalHeightScale); tess = PNpatch * tessellationMultiplier,В DPM shipped DXBC имя resource — heightTexture; registry key остаётся heightSampler.,LINEAR_R_OR_RG_BC5
normal_detail_dpm.sps > BumpSampler,normal_detail_dpm.sps,normal_detail_dpm,0,BumpSampler,0,False,Нормаль / упакованная высота,SEM_716E7D47E446AA46,resolved,active,"{""A"": ""Обычная normal ветка A не читает."", ""B"": ""Не является отдельным художественным каналом в этих branches."", ""RG"": ""Tangent-space normal XY после remap; масштабируется bumpiness.""}",F_NORMAL,"Nxy = (2*Bump.RG-1) * max(bumpiness, 0.001)",,NORMAL_XY_AUTO
normal_diffspec.sps > DiffuseSampler,normal_diffspec.sps,normal_diffspec,0,DiffuseSampler,0,False,Базовый цвет,SEM_F5C200D5FED2F46E,resolved,active,"{""A"": ""Альфа поверхности."", ""RGB"": ""Базовый albedo и исходник двух generated-diffspec сигналов; в TNT spec вычисляется до palette tint.""}",F_SURFACE_ALPHA | F_DIFFSPEC,"L1=dot(Diffuse.RGB,SpecDesaturateIntensity.XYZ); S1=Overlay(L1,SpecDesaturateIntensity.W); L2=dot(Diffuse.RGB,SpecDesaturateExponent.XYZ); S2=Overlay(L2,SpecDesaturateExponent.W); I=dot((S1,S2,0),specMapIntMask)·specularIntensityMult | surface_alpha = DiffuseSampler.A × Colour0.A; затем runtime умножает globalAlpha",,DIFFUSE_RGBA_AUTO
normal_diffspec.sps > BumpSampler,normal_diffspec.sps,normal_diffspec,0,BumpSampler,0,False,Карта нормалей,SEM_BC1FC7E4B6D69C43,resolved,active,"{""A"": ""В проверенном normal decode не используется."", ""B"": ""В проверенном normal decode не используется; Z восстанавливается."", ""G"": ""Компонента Y касательного пространства: 2·G−1."", ""R"": ""Компонента X касательного пространства: 2·R−1.""}",F_NORMAL_RG,"q=2·BumpSampler.RG−1; z=sqrt(abs(1−dot(q,q))); N=normalize(T·q.x·b+B·q.y·b+Ngeo·z)",,NORMAL_XY_AUTO
normal_diffspec_detail.sps > DiffuseSampler,normal_diffspec_detail.sps,normal_diffspec_detail,0,DiffuseSampler,0,False,Альбедо / непрозрачность,SEM_42DF859D403112AE,resolved,active,"{""A"": ""Surface opacity: decal blend или cutout; в detail-diffspec дополнительно A_detail."", ""RGB"": ""Albedo. В diffspec также источник I/P; у specialised decal может быть маской, а не выводимым цветом.""}",F_ALPHA | F_DIFFSPEC,"I=overlay(dot(Diffuse.rgb,SpecDesaturateIntensity.xyz),SpecDesaturateIntensity.w)*specularIntensityMult; P=overlay(dot(Diffuse.rgb,SpecDesaturateExponent.xyz),SpecDesaturateExponent.w) | alpha_surface = Diffuse.A * Colour0.A * globalAlpha",,DIFFUSE_RGBA_AUTO
normal_diffspec_detail.sps > DetailSampler,normal_diffspec_detail.sps,normal_diffspec_detail,0,DetailSampler,0,False,Detail-нормаль и скалярный канал,SEM_8ECBE338DBE9E0BD,resolved,active,"{""A"": ""Не используется; detail mask берётся из Diffuse.A."", ""B"": ""Не используется."", ""G"": ""Компонента Y касательной нормали."", ""R"": ""Одновременно scalar detail sample и tangent normal X.""}",F_DETAIL,D=.5*Detail(UV*detailSettings.zw)+.5*Detail(UV*detailSettings.zw*3.17); A_detail=DiffuseSampler.A; M=1-D.r*detailSettings.x*A_detail; Nxy+=D.xy*detailSettings.y*A_detail,PC branch смешивает два sample масштаба 1× и 3.17× по 0.5.,LINEAR_R_OR_RG_BC5
normal_diffspec_detail.sps > BumpSampler,normal_diffspec_detail.sps,normal_diffspec_detail,0,BumpSampler,0,False,Нормаль / упакованная высота,SEM_716E7D47E446AA46,resolved,active,"{""A"": ""Обычная normal ветка A не читает."", ""B"": ""Не является отдельным художественным каналом в этих branches."", ""RG"": ""Tangent-space normal XY после remap; масштабируется bumpiness.""}",F_NORMAL,"Nxy = (2*Bump.RG-1) * max(bumpiness, 0.001)",,NORMAL_XY_AUTO
normal_diffspec_detail_dpm.sps > DiffuseSampler,normal_diffspec_detail_dpm.sps,normal_diffspec_detail_dpm,0,DiffuseSampler,0,False,Альбедо / непрозрачность,SEM_42DF859D403112AE,resolved,active,"{""A"": ""Surface opacity: decal blend или cutout; в detail-diffspec дополнительно A_detail."", ""RGB"": ""Albedo. В diffspec также источник I/P; у specialised decal может быть маской, а не выводимым цветом.""}",F_ALPHA | F_DIFFSPEC,"I=overlay(dot(Diffuse.rgb,SpecDesaturateIntensity.xyz),SpecDesaturateIntensity.w)*specularIntensityMult; P=overlay(dot(Diffuse.rgb,SpecDesaturateExponent.xyz),SpecDesaturateExponent.w) | alpha_surface = Diffuse.A * Colour0.A * globalAlpha",,DIFFUSE_RGBA_AUTO
normal_diffspec_detail_dpm.sps > DetailSampler,normal_diffspec_detail_dpm.sps,normal_diffspec_detail_dpm,0,DetailSampler,0,False,Detail-нормаль и скалярный канал,SEM_8ECBE338DBE9E0BD,resolved,active,"{""A"": ""Не используется; detail mask берётся из Diffuse.A."", ""B"": ""Не используется."", ""G"": ""Компонента Y касательной нормали."", ""R"": ""Одновременно scalar detail sample и tangent normal X.""}",F_DETAIL,D=.5*Detail(UV*detailSettings.zw)+.5*Detail(UV*detailSettings.zw*3.17); A_detail=DiffuseSampler.A; M=1-D.r*detailSettings.x*A_detail; Nxy+=D.xy*detailSettings.y*A_detail,PC branch смешивает два sample масштаба 1× и 3.17× по 0.5.,LINEAR_R_OR_RG_BC5
normal_diffspec_detail_dpm.sps > heightSampler,normal_diffspec_detail_dpm.sps,normal_diffspec_detail_dpm,0,heightSampler,,False,Высота,SEM_6DFC9C4C83F6F58E,resolved,active,"{""A"": ""Не используется."", ""B"": ""Не используется."", ""G"": ""Не используется."", ""R"": ""Height для PXM raymarch или DPM domain displacement.""}",F_DPM,position' = position + normal * ((heightSampler.R + heightBias) * heightScale * globalHeightScale); tess = PNpatch * tessellationMultiplier,В DPM shipped DXBC имя resource — heightTexture; registry key остаётся heightSampler.,LINEAR_R_OR_RG_BC5
normal_diffspec_detail_dpm.sps > BumpSampler,normal_diffspec_detail_dpm.sps,normal_diffspec_detail_dpm,0,BumpSampler,0,False,Нормаль / упакованная высота,SEM_716E7D47E446AA46,resolved,active,"{""A"": ""Обычная normal ветка A не читает."", ""B"": ""Не является отдельным художественным каналом в этих branches."", ""RG"": ""Tangent-space normal XY после remap; масштабируется bumpiness.""}",F_NORMAL,"Nxy = (2*Bump.RG-1) * max(bumpiness, 0.001)",,NORMAL_XY_AUTO
normal_diffspec_detail_dpm_tnt.sps > DiffuseSampler,normal_diffspec_detail_dpm_tnt.sps,normal_diffspec_detail_dpm_tnt,0,DiffuseSampler,0,False,Альбедо / непрозрачность,SEM_42DF859D403112AE,resolved,active,"{""A"": ""Surface opacity: decal blend или cutout; в detail-diffspec дополнительно A_detail."", ""RGB"": ""Albedo. В diffspec также источник I/P; у specialised decal может быть маской, а не выводимым цветом.""}",F_ALPHA | F_DIFFSPEC,"I=overlay(dot(Diffuse.rgb,SpecDesaturateIntensity.xyz),SpecDesaturateIntensity.w)*specularIntensityMult; P=overlay(dot(Diffuse.rgb,SpecDesaturateExponent.xyz),SpecDesaturateExponent.w) | alpha_surface = Diffuse.A * Colour0.A * globalAlpha",,DIFFUSE_RGBA_AUTO
normal_diffspec_detail_dpm_tnt.sps > TintPaletteSampler,normal_diffspec_detail_dpm_tnt.sps,normal_diffspec_detail_dpm_tnt,0,TintPaletteSampler,,False,Палитра оттенков,SEM_55CA30E417FD7662,resolved,active,"{""A"": ""Сэмплируется в float4, но отдельное художественное использование A в этом path не доказано."", ""RGB"": ""Множитель albedo после point/clamp palette lookup.""}",F_TINT,"Tint=TintPaletteSampler(float2(Colour0.B,tintPaletteSelector.X)); Albedo.rgb*=Tint.rgb",,PALETTE_RGBA8
normal_diffspec_detail_dpm_tnt.sps > DetailSampler,normal_diffspec_detail_dpm_tnt.sps,normal_diffspec_detail_dpm_tnt,0,DetailSampler,0,False,Detail-нормаль и скалярный канал,SEM_8ECBE338DBE9E0BD,resolved,active,"{""A"": ""Не используется; detail mask берётся из Diffuse.A."", ""B"": ""Не используется."", ""G"": ""Компонента Y касательной нормали."", ""R"": ""Одновременно scalar detail sample и tangent normal X.""}",F_DETAIL,D=.5*Detail(UV*detailSettings.zw)+.5*Detail(UV*detailSettings.zw*3.17); A_detail=DiffuseSampler.A; M=1-D.r*detailSettings.x*A_detail; Nxy+=D.xy*detailSettings.y*A_detail,PC branch смешивает два sample масштаба 1× и 3.17× по 0.5.,LINEAR_R_OR_RG_BC5
normal_diffspec_detail_dpm_tnt.sps > heightSampler,normal_diffspec_detail_dpm_tnt.sps,normal_diffspec_detail_dpm_tnt,0,heightSampler,,False,Высота,SEM_6DFC9C4C83F6F58E,resolved,active,"{""A"": ""Не используется."", ""B"": ""Не используется."", ""G"": ""Не используется."", ""R"": ""Height для PXM raymarch или DPM domain displacement.""}",F_DPM,position' = position + normal * ((heightSampler.R + heightBias) * heightScale * globalHeightScale); tess = PNpatch * tessellationMultiplier,В DPM shipped DXBC имя resource — heightTexture; registry key остаётся heightSampler.,LINEAR_R_OR_RG_BC5
normal_diffspec_detail_dpm_tnt.sps > BumpSampler,normal_diffspec_detail_dpm_tnt.sps,normal_diffspec_detail_dpm_tnt,0,BumpSampler,0,False,Нормаль / упакованная высота,SEM_716E7D47E446AA46,resolved,active,"{""A"": ""Обычная normal ветка A не читает."", ""B"": ""Не является отдельным художественным каналом в этих branches."", ""RG"": ""Tangent-space normal XY после remap; масштабируется bumpiness.""}",F_NORMAL,"Nxy = (2*Bump.RG-1) * max(bumpiness, 0.001)",,NORMAL_XY_AUTO
normal_diffspec_detail_tnt.sps > DiffuseSampler,normal_diffspec_detail_tnt.sps,normal_diffspec_detail_tnt,0,DiffuseSampler,0,False,Альбедо / непрозрачность,SEM_42DF859D403112AE,resolved,active,"{""A"": ""Surface opacity: decal blend или cutout; в detail-diffspec дополнительно A_detail."", ""RGB"": ""Albedo. В diffspec также источник I/P; у specialised decal может быть маской, а не выводимым цветом.""}",F_ALPHA | F_DIFFSPEC,"I=overlay(dot(Diffuse.rgb,SpecDesaturateIntensity.xyz),SpecDesaturateIntensity.w)*specularIntensityMult; P=overlay(dot(Diffuse.rgb,SpecDesaturateExponent.xyz),SpecDesaturateExponent.w) | alpha_surface = Diffuse.A * Colour0.A * globalAlpha",,DIFFUSE_RGBA_AUTO
normal_diffspec_detail_tnt.sps > TintPaletteSampler,normal_diffspec_detail_tnt.sps,normal_diffspec_detail_tnt,0,TintPaletteSampler,,False,Палитра оттенков,SEM_55CA30E417FD7662,resolved,active,"{""A"": ""Сэмплируется в float4, но отдельное художественное использование A в этом path не доказано."", ""RGB"": ""Множитель albedo после point/clamp palette lookup.""}",F_TINT,"Tint=TintPaletteSampler(float2(Colour0.B,tintPaletteSelector.X)); Albedo.rgb*=Tint.rgb",,PALETTE_RGBA8
normal_diffspec_detail_tnt.sps > DetailSampler,normal_diffspec_detail_tnt.sps,normal_diffspec_detail_tnt,0,DetailSampler,0,False,Detail-нормаль и скалярный канал,SEM_8ECBE338DBE9E0BD,resolved,active,"{""A"": ""Не используется; detail mask берётся из Diffuse.A."", ""B"": ""Не используется."", ""G"": ""Компонента Y касательной нормали."", ""R"": ""Одновременно scalar detail sample и tangent normal X.""}",F_DETAIL,D=.5*Detail(UV*detailSettings.zw)+.5*Detail(UV*detailSettings.zw*3.17); A_detail=DiffuseSampler.A; M=1-D.r*detailSettings.x*A_detail; Nxy+=D.xy*detailSettings.y*A_detail,PC branch смешивает два sample масштаба 1× и 3.17× по 0.5.,LINEAR_R_OR_RG_BC5
normal_diffspec_detail_tnt.sps > BumpSampler,normal_diffspec_detail_tnt.sps,normal_diffspec_detail_tnt,0,BumpSampler,0,False,Нормаль / упакованная высота,SEM_716E7D47E446AA46,resolved,active,"{""A"": ""Обычная normal ветка A не читает."", ""B"": ""Не является отдельным художественным каналом в этих branches."", ""RG"": ""Tangent-space normal XY после remap; масштабируется bumpiness.""}",F_NORMAL,"Nxy = (2*Bump.RG-1) * max(bumpiness, 0.001)",,NORMAL_XY_AUTO
normal_diffspec_tnt.sps > DiffuseSampler,normal_diffspec_tnt.sps,normal_diffspec_tnt,0,DiffuseSampler,0,False,Базовый цвет,SEM_3F073454422ED93F,resolved,active,"{""A"": ""Альфа поверхности."", ""RGB"": ""Базовый albedo и исходник двух generated-diffspec сигналов; в TNT spec вычисляется до palette tint.""}",F_SURFACE_ALPHA | F_TINT_PALETTE | F_DIFFSPEC,"L1=dot(Diffuse.RGB,SpecDesaturateIntensity.XYZ); S1=Overlay(L1,SpecDesaturateIntensity.W); L2=dot(Diffuse.RGB,SpecDesaturateExponent.XYZ); S2=Overlay(L2,SpecDesaturateExponent.W); I=dot((S1,S2,0),specMapIntMask)·specularIntensityMult | T=TintPaletteSampler(Colour0.B,tintPaletteSelector.X); albedo=DiffuseSampler.RGB×T.RGB | surface_alpha = DiffuseSampler.A × Colour0.A; затем runtime умножает globalAlpha",,DIFFUSE_RGBA_AUTO
normal_diffspec_tnt.sps > TintPaletteSampler,normal_diffspec_tnt.sps,normal_diffspec_tnt,0,TintPaletteSampler,,False,Палитра оттенков,SEM_5882847584F3EEED,resolved,active,"{""A"": ""В проверенном основном deferred lit-пути не используется."", ""RGB"": ""Палитровый RGB-множитель albedo.""}",F_TINT_PALETTE,"T=TintPaletteSampler(Colour0.B,tintPaletteSelector.X); albedo=DiffuseSampler.RGB×T.RGB",Координаты формируются из Colour0.B и tintPaletteSelector.X; это не обычная UV-текстура.,PALETTE_RGBA8
normal_diffspec_tnt.sps > BumpSampler,normal_diffspec_tnt.sps,normal_diffspec_tnt,0,BumpSampler,0,False,Карта нормалей,SEM_BC1FC7E4B6D69C43,resolved,active,"{""A"": ""В проверенном normal decode не используется."", ""B"": ""В проверенном normal decode не используется; Z восстанавливается."", ""G"": ""Компонента Y касательного пространства: 2·G−1."", ""R"": ""Компонента X касательного пространства: 2·R−1.""}",F_NORMAL_RG,"q=2·BumpSampler.RG−1; z=sqrt(abs(1−dot(q,q))); N=normalize(T·q.x·b+B·q.y·b+Ngeo·z)",,NORMAL_XY_AUTO
normal_pxm.sps > DiffuseSampler,normal_pxm.sps,normal_pxm,0,DiffuseSampler,0,False,Альбедо / непрозрачность,SEM_32077C77D80BB001,resolved,active,"{""A"": ""Surface opacity: decal blend или cutout; в detail-diffspec дополнительно A_detail."", ""RGB"": ""Albedo. В diffspec также источник I/P; у specialised decal может быть маской, а не выводимым цветом.""}",F_ALPHA,alpha_surface = Diffuse.A * Colour0.A * globalAlpha,,DIFFUSE_RGBA_AUTO
normal_pxm.sps > heightSampler,normal_pxm.sps,normal_pxm,0,heightSampler,0,False,Высота,SEM_916079B5700D30F1,resolved,active,"{""A"": ""Не используется."", ""B"": ""Не используется."", ""G"": ""Не используется."", ""R"": ""Height для PXM raymarch или DPM domain displacement.""}",F_PXM,"maxOff=(-Vt.xy/max(zLimit,Vt.z))*heightScale*globalScale; biasOff=(Vt.xy/max(zLimit,Vt.z))*heightBias*globalScale; UV'=UV+biasOff+maxOff*(1-tracedHeight)",В DPM shipped DXBC имя resource — heightTexture; registry key остаётся heightSampler.,LINEAR_R_OR_RG_BC5
normal_pxm.sps > BumpSampler,normal_pxm.sps,normal_pxm,0,BumpSampler,0,False,Нормаль / упакованная высота,SEM_716E7D47E446AA46,resolved,active,"{""A"": ""Обычная normal ветка A не читает."", ""B"": ""Не является отдельным художественным каналом в этих branches."", ""RG"": ""Tangent-space normal XY после remap; масштабируется bumpiness.""}",F_NORMAL,"Nxy = (2*Bump.RG-1) * max(bumpiness, 0.001)",,NORMAL_XY_AUTO
normal_pxm_tnt.sps > DiffuseSampler,normal_pxm_tnt.sps,normal_pxm_tnt,0,DiffuseSampler,0,False,Альбедо / непрозрачность,SEM_32077C77D80BB001,resolved,active,"{""A"": ""Surface opacity: decal blend или cutout; в detail-diffspec дополнительно A_detail."", ""RGB"": ""Albedo. В diffspec также источник I/P; у specialised decal может быть маской, а не выводимым цветом.""}",F_ALPHA,alpha_surface = Diffuse.A * Colour0.A * globalAlpha,,DIFFUSE_RGBA_AUTO
normal_pxm_tnt.sps > TintPaletteSampler,normal_pxm_tnt.sps,normal_pxm_tnt,0,TintPaletteSampler,,False,Палитра оттенков,SEM_55CA30E417FD7662,resolved,active,"{""A"": ""Сэмплируется в float4, но отдельное художественное использование A в этом path не доказано."", ""RGB"": ""Множитель albedo после point/clamp palette lookup.""}",F_TINT,"Tint=TintPaletteSampler(float2(Colour0.B,tintPaletteSelector.X)); Albedo.rgb*=Tint.rgb",,PALETTE_RGBA8
normal_pxm_tnt.sps > heightSampler,normal_pxm_tnt.sps,normal_pxm_tnt,0,heightSampler,0,False,Высота,SEM_916079B5700D30F1,resolved,active,"{""A"": ""Не используется."", ""B"": ""Не используется."", ""G"": ""Не используется."", ""R"": ""Height для PXM raymarch или DPM domain displacement.""}",F_PXM,"maxOff=(-Vt.xy/max(zLimit,Vt.z))*heightScale*globalScale; biasOff=(Vt.xy/max(zLimit,Vt.z))*heightBias*globalScale; UV'=UV+biasOff+maxOff*(1-tracedHeight)",В DPM shipped DXBC имя resource — heightTexture; registry key остаётся heightSampler.,LINEAR_R_OR_RG_BC5
normal_pxm_tnt.sps > BumpSampler,normal_pxm_tnt.sps,normal_pxm_tnt,0,BumpSampler,0,False,Нормаль / упакованная высота,SEM_716E7D47E446AA46,resolved,active,"{""A"": ""Обычная normal ветка A не читает."", ""B"": ""Не является отдельным художественным каналом в этих branches."", ""RG"": ""Tangent-space normal XY после remap; масштабируется bumpiness.""}",F_NORMAL,"Nxy = (2*Bump.RG-1) * max(bumpiness, 0.001)",,NORMAL_XY_AUTO
normal_reflect.sps > DiffuseSampler,normal_reflect.sps,normal_reflect,0,DiffuseSampler,0,False,Альбедо / непрозрачность,SEM_C9A6E26136C17449,resolved,active,"{""A"": ""Вход alpha/opacity поверхности; opaque bucket обычно сам по себе не превращает его в cutout."", ""RGB"": ""Базовый цвет/цвет эмиссии.""}",hard_alpha,"hard=(alpha−alphaRef)/((1−alphaRef)·0.1); alpha=lerp(alpha,hard,HardAlphaBlend)",,DIFFUSE_RGBA_AUTO
normal_reflect.sps > BumpSampler,normal_reflect.sps,normal_reflect,0,BumpSampler,0,False,Карта нормалей,SEM_54AD86BAB78C04FC,resolved,active,"{""A"": ""Не читается при восстановлении нормали."", ""B"": ""Не читается при восстановлении нормали."", ""RG"": ""XY нормали в касательном пространстве: (2·RG−1)·max(bumpiness,0.001).""}",normal_xy,"Nxy = (2·Bump.RG − 1) · max(bumpiness, 0.001)",,NORMAL_XY_AUTO
normal_reflect.sps > EnvironmentSampler,normal_reflect.sps,normal_reflect,0,EnvironmentSampler,,False,Статическое отражение окружения,SEM_03583B411F57462F,resolved,active,"{""A"": ""Не используется проверенным путём environment-reflection."", ""RGB"": ""Цвет отражения сэмплируется по процедурному отражённому направлению.""}",environment,"R=normalize(reflect(−V,N)); uv=−0.5·(R.xz+1); EnvRGB=Environment2D(uv).RGB·reflectivePower","Попиксельной маски отражения нет: reflectivePower задаёт общую силу материала. | Diffuse.A, Spec.A и Spec.RGB напрямую не маскируют, не размывают и не тонируют эту текстуру.",COLOR_RGB_BC1
normal_reflect_alpha.sps > DiffuseSampler,normal_reflect_alpha.sps,normal_reflect,1,DiffuseSampler,0,False,Альбедо / непрозрачность,SEM_C9A6E26136C17449,resolved,active,"{""A"": ""Вход alpha/opacity поверхности; opaque bucket обычно сам по себе не превращает его в cutout."", ""RGB"": ""Базовый цвет/цвет эмиссии.""}",hard_alpha,"hard=(alpha−alphaRef)/((1−alphaRef)·0.1); alpha=lerp(alpha,hard,HardAlphaBlend)",,DIFFUSE_RGBA_AUTO
normal_reflect_alpha.sps > BumpSampler,normal_reflect_alpha.sps,normal_reflect,1,BumpSampler,0,False,Карта нормалей,SEM_54AD86BAB78C04FC,resolved,active,"{""A"": ""Не читается при восстановлении нормали."", ""B"": ""Не читается при восстановлении нормали."", ""RG"": ""XY нормали в касательном пространстве: (2·RG−1)·max(bumpiness,0.001).""}",normal_xy,"Nxy = (2·Bump.RG − 1) · max(bumpiness, 0.001)",,NORMAL_XY_AUTO
normal_reflect_alpha.sps > EnvironmentSampler,normal_reflect_alpha.sps,normal_reflect,1,EnvironmentSampler,,False,Статическое отражение окружения,SEM_03583B411F57462F,resolved,active,"{""A"": ""Не используется проверенным путём environment-reflection."", ""RGB"": ""Цвет отражения сэмплируется по процедурному отражённому направлению.""}",environment,"R=normalize(reflect(−V,N)); uv=−0.5·(R.xz+1); EnvRGB=Environment2D(uv).RGB·reflectivePower","Попиксельной маски отражения нет: reflectivePower задаёт общую силу материала. | Diffuse.A, Spec.A и Spec.RGB напрямую не маскируют, не размывают и не тонируют эту текстуру.",COLOR_RGB_BC1
normal_reflect_decal.sps > DiffuseSampler,normal_reflect_decal.sps,normal_reflect_decal,2,DiffuseSampler,0,False,Альбедо / непрозрачность,SEM_BDCA6A9993EA6364,resolved,active,"{""A"": ""Вход alpha/opacity поверхности; opaque bucket обычно сам по себе не превращает его в cutout."", ""RGB"": ""Базовый цвет/цвет эмиссии.""}",,,,DIFFUSE_RGBA_AUTO
normal_reflect_decal.sps > BumpSampler,normal_reflect_decal.sps,normal_reflect_decal,2,BumpSampler,0,False,Карта нормалей,SEM_54AD86BAB78C04FC,resolved,active,"{""A"": ""Не читается при восстановлении нормали."", ""B"": ""Не читается при восстановлении нормали."", ""RG"": ""XY нормали в касательном пространстве: (2·RG−1)·max(bumpiness,0.001).""}",normal_xy,"Nxy = (2·Bump.RG − 1) · max(bumpiness, 0.001)",,NORMAL_XY_AUTO
normal_reflect_decal.sps > EnvironmentSampler,normal_reflect_decal.sps,normal_reflect_decal,2,EnvironmentSampler,,False,Статическое отражение окружения,SEM_03583B411F57462F,resolved,active,"{""A"": ""Не используется проверенным путём environment-reflection."", ""RGB"": ""Цвет отражения сэмплируется по процедурному отражённому направлению.""}",environment,"R=normalize(reflect(−V,N)); uv=−0.5·(R.xz+1); EnvRGB=Environment2D(uv).RGB·reflectivePower","Попиксельной маски отражения нет: reflectivePower задаёт общую силу материала. | Diffuse.A, Spec.A и Spec.RGB напрямую не маскируют, не размывают и не тонируют эту текстуру.",COLOR_RGB_BC1
normal_reflect_screendooralpha.sps > DiffuseSampler,normal_reflect_screendooralpha.sps,normal_reflect,3,DiffuseSampler,0,False,Альбедо / непрозрачность,SEM_C9A6E26136C17449,resolved,active,"{""A"": ""Вход alpha/opacity поверхности; opaque bucket обычно сам по себе не превращает его в cutout."", ""RGB"": ""Базовый цвет/цвет эмиссии.""}",hard_alpha,"hard=(alpha−alphaRef)/((1−alphaRef)·0.1); alpha=lerp(alpha,hard,HardAlphaBlend)",,DIFFUSE_RGBA_AUTO
normal_reflect_screendooralpha.sps > BumpSampler,normal_reflect_screendooralpha.sps,normal_reflect,3,BumpSampler,0,False,Карта нормалей,SEM_54AD86BAB78C04FC,resolved,active,"{""A"": ""Не читается при восстановлении нормали."", ""B"": ""Не читается при восстановлении нормали."", ""RG"": ""XY нормали в касательном пространстве: (2·RG−1)·max(bumpiness,0.001).""}",normal_xy,"Nxy = (2·Bump.RG − 1) · max(bumpiness, 0.001)",,NORMAL_XY_AUTO
normal_reflect_screendooralpha.sps > EnvironmentSampler,normal_reflect_screendooralpha.sps,normal_reflect,3,EnvironmentSampler,,False,Статическое отражение окружения,SEM_03583B411F57462F,resolved,active,"{""A"": ""Не используется проверенным путём environment-reflection."", ""RGB"": ""Цвет отражения сэмплируется по процедурному отражённому направлению.""}",environment,"R=normalize(reflect(−V,N)); uv=−0.5·(R.xz+1); EnvRGB=Environment2D(uv).RGB·reflectivePower","Попиксельной маски отражения нет: reflectivePower задаёт общую силу материала. | Diffuse.A, Spec.A и Spec.RGB напрямую не маскируют, не размывают и не тонируют эту текстуру.",COLOR_RGB_BC1
normal_screendooralpha.sps > DiffuseSampler,normal_screendooralpha.sps,normal,3,DiffuseSampler,0,False,Базовый цвет,SEM_9B2FFD437A334725,resolved,active,"{""A"": ""Surface alpha; в CUTOUT также источник alpha-test."", ""RGB"": ""Базовый цвет поверхности. DXBC не доказывает transfer-функцию исходного DDS.""}",F_SURFACE_ALPHA,surface_alpha = DiffuseSampler.A × Colour0.A; затем runtime умножает globalAlpha,,DIFFUSE_RGBA_AUTO
normal_screendooralpha.sps > BumpSampler,normal_screendooralpha.sps,normal,3,BumpSampler,0,False,Карта нормалей,SEM_BC1FC7E4B6D69C43,resolved,active,"{""A"": ""В проверенном normal decode не используется."", ""B"": ""В проверенном normal decode не используется; Z восстанавливается."", ""G"": ""Компонента Y касательного пространства: 2·G−1."", ""R"": ""Компонента X касательного пространства: 2·R−1.""}",F_NORMAL_RG,"q=2·BumpSampler.RG−1; z=sqrt(abs(1−dot(q,q))); N=normalize(T·q.x·b+B·q.y·b+Ngeo·z)",,NORMAL_XY_AUTO
normal_spec.sps > DiffuseSampler,normal_spec.sps,normal_spec,0,DiffuseSampler,0,False,Базовый цвет,SEM_9B2FFD437A334725,resolved,active,"{""A"": ""Surface alpha; в CUTOUT также источник alpha-test."", ""RGB"": ""Базовый цвет поверхности. DXBC не доказывает transfer-функцию исходного DDS.""}",F_SURFACE_ALPHA,surface_alpha = DiffuseSampler.A × Colour0.A; затем runtime умножает globalAlpha,,DIFFUSE_RGBA_AUTO
normal_spec.sps > BumpSampler,normal_spec.sps,normal_spec,0,BumpSampler,0,False,Карта нормалей,SEM_BC1FC7E4B6D69C43,resolved,active,"{""A"": ""В проверенном normal decode не используется."", ""B"": ""В проверенном normal decode не используется; Z восстанавливается."", ""G"": ""Компонента Y касательного пространства: 2·G−1."", ""R"": ""Компонента X касательного пространства: 2·R−1.""}",F_NORMAL_RG,"q=2·BumpSampler.RG−1; z=sqrt(abs(1−dot(q,q))); N=normalize(T·q.x·b+B·q.y·b+Ngeo·z)",,NORMAL_XY_AUTO
normal_spec.sps > SpecSampler,normal_spec.sps,normal_spec,0,SpecSampler,0,False,Упакованный specular,SEM_ADCA91AAC8552F7A,resolved,active,"{""A"": ""Линейный falloff/gloss input; умножается на specularFalloffMult."", ""B"": ""Третий скалярный spec-вклад; остаётся линейным."", ""G"": ""Второй скалярный spec-вклад; перед mask возводится в квадрат."", ""R"": ""Первый скалярный spec-вклад; перед mask возводится в квадрат.""}",F_SPEC_PACKED,"Q=(R²,G²,B); I=dot(Q,specMapIntMask)·specularIntensityMult; P=A·specularFalloffMult; n=3·min(P,500)+558·max(P−500,0)",,LINEAR_RGBA_BC3
normal_spec_alpha.sps > DiffuseSampler,normal_spec_alpha.sps,normal_spec,1,DiffuseSampler,0,False,Базовый цвет,SEM_9B2FFD437A334725,resolved,active,"{""A"": ""Surface alpha; в CUTOUT также источник alpha-test."", ""RGB"": ""Базовый цвет поверхности. DXBC не доказывает transfer-функцию исходного DDS.""}",F_SURFACE_ALPHA,surface_alpha = DiffuseSampler.A × Colour0.A; затем runtime умножает globalAlpha,,DIFFUSE_RGBA_AUTO
normal_spec_alpha.sps > BumpSampler,normal_spec_alpha.sps,normal_spec,1,BumpSampler,0,False,Карта нормалей,SEM_BC1FC7E4B6D69C43,resolved,active,"{""A"": ""В проверенном normal decode не используется."", ""B"": ""В проверенном normal decode не используется; Z восстанавливается."", ""G"": ""Компонента Y касательного пространства: 2·G−1."", ""R"": ""Компонента X касательного пространства: 2·R−1.""}",F_NORMAL_RG,"q=2·BumpSampler.RG−1; z=sqrt(abs(1−dot(q,q))); N=normalize(T·q.x·b+B·q.y·b+Ngeo·z)",,NORMAL_XY_AUTO
normal_spec_alpha.sps > SpecSampler,normal_spec_alpha.sps,normal_spec,1,SpecSampler,0,False,Упакованный specular,SEM_ADCA91AAC8552F7A,resolved,active,"{""A"": ""Линейный falloff/gloss input; умножается на specularFalloffMult."", ""B"": ""Третий скалярный spec-вклад; остаётся линейным."", ""G"": ""Второй скалярный spec-вклад; перед mask возводится в квадрат."", ""R"": ""Первый скалярный spec-вклад; перед mask возводится в квадрат.""}",F_SPEC_PACKED,"Q=(R²,G²,B); I=dot(Q,specMapIntMask)·specularIntensityMult; P=A·specularFalloffMult; n=3·min(P,500)+558·max(P−500,0)",,LINEAR_RGBA_BC3
normal_spec_batch.sps > DiffuseSampler,normal_spec_batch.sps,normal_spec_batch,3,DiffuseSampler,0,False,Базовый цвет,SEM_95A5EECD1DF2B105,resolved,active,"{""A"": ""Surface alpha; в CUTOUT также источник alpha-test."", ""RGB"": ""Базовый цвет поверхности. DXBC не доказывает transfer-функцию исходного DDS.""}",F_SURFACE_ALPHA | F_BATCH_INSTANCE_TINT,"albedo=Diffuse.RGB×lerp(1,instanceColor.RGB,Colour1.R) | surface_alpha = DiffuseSampler.A × Colour0.A; затем runtime умножает globalAlpha",,DIFFUSE_RGBA_AUTO
normal_spec_batch.sps > BumpSampler,normal_spec_batch.sps,normal_spec_batch,3,BumpSampler,0,False,Карта нормалей,SEM_BC1FC7E4B6D69C43,resolved,active,"{""A"": ""В проверенном normal decode не используется."", ""B"": ""В проверенном normal decode не используется; Z восстанавливается."", ""G"": ""Компонента Y касательного пространства: 2·G−1."", ""R"": ""Компонента X касательного пространства: 2·R−1.""}",F_NORMAL_RG,"q=2·BumpSampler.RG−1; z=sqrt(abs(1−dot(q,q))); N=normalize(T·q.x·b+B·q.y·b+Ngeo·z)",,NORMAL_XY_AUTO
normal_spec_batch.sps > SpecSampler,normal_spec_batch.sps,normal_spec_batch,3,SpecSampler,0,False,Упакованный specular,SEM_ADCA91AAC8552F7A,resolved,active,"{""A"": ""Линейный falloff/gloss input; умножается на specularFalloffMult."", ""B"": ""Третий скалярный spec-вклад; остаётся линейным."", ""G"": ""Второй скалярный spec-вклад; перед mask возводится в квадрат."", ""R"": ""Первый скалярный spec-вклад; перед mask возводится в квадрат.""}",F_SPEC_PACKED,"Q=(R²,G²,B); I=dot(Q,specMapIntMask)·specularIntensityMult; P=A·specularFalloffMult; n=3·min(P,500)+558·max(P−500,0)",,LINEAR_RGBA_BC3
normal_spec_cubemap_reflect.sps > DiffuseSampler,normal_spec_cubemap_reflect.sps,normal_spec_cubemap_reflect,0,DiffuseSampler,0,False,Альбедо / непрозрачность,SEM_BDCA6A9993EA6364,resolved,active,"{""A"": ""Вход alpha/opacity поверхности; opaque bucket обычно сам по себе не превращает его в cutout."", ""RGB"": ""Базовый цвет/цвет эмиссии.""}",,,,DIFFUSE_RGBA_AUTO
normal_spec_cubemap_reflect.sps > BumpSampler,normal_spec_cubemap_reflect.sps,normal_spec_cubemap_reflect,0,BumpSampler,0,False,Карта нормалей,SEM_54AD86BAB78C04FC,resolved,active,"{""A"": ""Не читается при восстановлении нормали."", ""B"": ""Не читается при восстановлении нормали."", ""RG"": ""XY нормали в касательном пространстве: (2·RG−1)·max(bumpiness,0.001).""}",normal_xy,"Nxy = (2·Bump.RG − 1) · max(bumpiness, 0.001)",,NORMAL_XY_AUTO
normal_spec_cubemap_reflect.sps > SpecSampler,normal_spec_cubemap_reflect.sps,normal_spec_cubemap_reflect,0,SpecSampler,0,False,Общее скалярное управление бликом,SEM_4B4A57B8D59EECB6,resolved,active,"{""A"": ""Линейный вход falloff/exponent."", ""B"": ""Линейный член интенсивности с весом specMapIntMask.B."", ""G"": ""Квадратичный член интенсивности с весом specMapIntMask.G."", ""R"": ""Квадратичный член интенсивности с весом specMapIntMask.R.""}",generic_spec,"I = saturate(dot((R²,G²,B), specMapIntMask)·specularIntensityMult); P = A·specularFalloffMult","Параметр управляет отдельным скалярным белым прямым бликом, а не цветом или размытием EnvironmentSampler.",LINEAR_RGBA_BC3
normal_spec_cubemap_reflect.sps > EnvironmentSampler,normal_spec_cubemap_reflect.sps,normal_spec_cubemap_reflect,0,EnvironmentSampler,,False,Статическое отражение окружения,SEM_C5705D6B86BC8BFE,resolved,active,"{""A"": ""Не используется проверенным путём environment-reflection."", ""RGB"": ""Цвет отражения сэмплируется по процедурному отражённому направлению.""}",environment,"R=normalize(reflect(−V,N)); EnvRGB=EnvironmentCube(R.xzy).RGB·reflectivePower","Попиксельной маски отражения нет: reflectivePower задаёт общую силу материала. | Diffuse.A, Spec.A и Spec.RGB напрямую не маскируют, не размывают и не тонируют эту текстуру.",CUBEMAP_RGB_READY_DDS
normal_spec_cutout.sps > DiffuseSampler,normal_spec_cutout.sps,normal_spec,3,DiffuseSampler,0,False,Базовый цвет,SEM_9B2FFD437A334725,resolved,active,"{""A"": ""Surface alpha; в CUTOUT также источник alpha-test."", ""RGB"": ""Базовый цвет поверхности. DXBC не доказывает transfer-функцию исходного DDS.""}",F_SURFACE_ALPHA,surface_alpha = DiffuseSampler.A × Colour0.A; затем runtime умножает globalAlpha,,DIFFUSE_RGBA_AUTO
normal_spec_cutout.sps > BumpSampler,normal_spec_cutout.sps,normal_spec,3,BumpSampler,0,False,Карта нормалей,SEM_BC1FC7E4B6D69C43,resolved,active,"{""A"": ""В проверенном normal decode не используется."", ""B"": ""В проверенном normal decode не используется; Z восстанавливается."", ""G"": ""Компонента Y касательного пространства: 2·G−1."", ""R"": ""Компонента X касательного пространства: 2·R−1.""}",F_NORMAL_RG,"q=2·BumpSampler.RG−1; z=sqrt(abs(1−dot(q,q))); N=normalize(T·q.x·b+B·q.y·b+Ngeo·z)",,NORMAL_XY_AUTO
normal_spec_cutout.sps > SpecSampler,normal_spec_cutout.sps,normal_spec,3,SpecSampler,0,False,Упакованный specular,SEM_ADCA91AAC8552F7A,resolved,active,"{""A"": ""Линейный falloff/gloss input; умножается на specularFalloffMult."", ""B"": ""Третий скалярный spec-вклад; остаётся линейным."", ""G"": ""Второй скалярный spec-вклад; перед mask возводится в квадрат."", ""R"": ""Первый скалярный spec-вклад; перед mask возводится в квадрат.""}",F_SPEC_PACKED,"Q=(R²,G²,B); I=dot(Q,specMapIntMask)·specularIntensityMult; P=A·specularFalloffMult; n=3·min(P,500)+558·max(P−500,0)",,LINEAR_RGBA_BC3
normal_spec_cutout_tnt.sps > DiffuseSampler,normal_spec_cutout_tnt.sps,normal_spec_tnt,3,DiffuseSampler,0,False,Базовый цвет,SEM_44A8211FFB386091,resolved,active,"{""A"": ""Surface alpha; в CUTOUT также источник alpha-test."", ""RGB"": ""Базовый цвет поверхности. DXBC не доказывает transfer-функцию исходного DDS.""}",F_SURFACE_ALPHA | F_TINT_PALETTE,"T=TintPaletteSampler(Colour0.B,tintPaletteSelector.X); albedo=DiffuseSampler.RGB×T.RGB | surface_alpha = DiffuseSampler.A × Colour0.A; затем runtime умножает globalAlpha",,DIFFUSE_RGBA_AUTO
normal_spec_cutout_tnt.sps > TintPaletteSampler,normal_spec_cutout_tnt.sps,normal_spec_tnt,3,TintPaletteSampler,,False,Палитра оттенков,SEM_5882847584F3EEED,resolved,active,"{""A"": ""В проверенном основном deferred lit-пути не используется."", ""RGB"": ""Палитровый RGB-множитель albedo.""}",F_TINT_PALETTE,"T=TintPaletteSampler(Colour0.B,tintPaletteSelector.X); albedo=DiffuseSampler.RGB×T.RGB",Координаты формируются из Colour0.B и tintPaletteSelector.X; это не обычная UV-текстура.,PALETTE_RGBA8
normal_spec_cutout_tnt.sps > BumpSampler,normal_spec_cutout_tnt.sps,normal_spec_tnt,3,BumpSampler,0,False,Карта нормалей,SEM_BC1FC7E4B6D69C43,resolved,active,"{""A"": ""В проверенном normal decode не используется."", ""B"": ""В проверенном normal decode не используется; Z восстанавливается."", ""G"": ""Компонента Y касательного пространства: 2·G−1."", ""R"": ""Компонента X касательного пространства: 2·R−1.""}",F_NORMAL_RG,"q=2·BumpSampler.RG−1; z=sqrt(abs(1−dot(q,q))); N=normalize(T·q.x·b+B·q.y·b+Ngeo·z)",,NORMAL_XY_AUTO
normal_spec_cutout_tnt.sps > SpecSampler,normal_spec_cutout_tnt.sps,normal_spec_tnt,3,SpecSampler,0,False,Упакованный specular,SEM_ADCA91AAC8552F7A,resolved,active,"{""A"": ""Линейный falloff/gloss input; умножается на specularFalloffMult."", ""B"": ""Третий скалярный spec-вклад; остаётся линейным."", ""G"": ""Второй скалярный spec-вклад; перед mask возводится в квадрат."", ""R"": ""Первый скалярный spec-вклад; перед mask возводится в квадрат.""}",F_SPEC_PACKED,"Q=(R²,G²,B); I=dot(Q,specMapIntMask)·specularIntensityMult; P=A·specularFalloffMult; n=3·min(P,500)+558·max(P−500,0)",,LINEAR_RGBA_BC3
normal_spec_decal.sps > DiffuseSampler,normal_spec_decal.sps,normal_spec_decal,2,DiffuseSampler,0,False,Альбедо / непрозрачность,SEM_32077C77D80BB001,resolved,active,"{""A"": ""Surface opacity: decal blend или cutout; в detail-diffspec дополнительно A_detail."", ""RGB"": ""Albedo. В diffspec также источник I/P; у specialised decal может быть маской, а не выводимым цветом.""}",F_ALPHA,alpha_surface = Diffuse.A * Colour0.A * globalAlpha,,DIFFUSE_RGBA_AUTO
normal_spec_decal.sps > BumpSampler,normal_spec_decal.sps,normal_spec_decal,2,BumpSampler,0,False,Нормаль / упакованная высота,SEM_716E7D47E446AA46,resolved,active,"{""A"": ""Обычная normal ветка A не читает."", ""B"": ""Не является отдельным художественным каналом в этих branches."", ""RG"": ""Tangent-space normal XY после remap; масштабируется bumpiness.""}",F_NORMAL,"Nxy = (2*Bump.RG-1) * max(bumpiness, 0.001)",,NORMAL_XY_AUTO
normal_spec_decal.sps > SpecSampler,normal_spec_decal.sps,normal_spec_decal,2,SpecSampler,0,False,Блик (specular),SEM_840D1A0C69E3B2FE,resolved,active,"{""A"": ""Линейный exponent/falloff; при detail также A_detail."", ""B"": ""Линейный weighted intensity через specMapIntMask.B."", ""G"": ""Квадратится; weighted intensity через specMapIntMask.G; у spec-only ещё blend alpha."", ""R"": ""Квадратится; weighted intensity через specMapIntMask.R.""}",F_SPEC,"S=(Spec.R^2,Spec.G^2,Spec.B,Spec.A); I=dot(S.rgb,specMapIntMask.xyz)*specularIntensityMult; P=S.a*specularFalloffMult",,LINEAR_RGBA_BC3
normal_spec_decal_detail.sps > DiffuseSampler,normal_spec_decal_detail.sps,normal_spec_decal_detail,2,DiffuseSampler,0,False,Альбедо / непрозрачность,SEM_32077C77D80BB001,resolved,active,"{""A"": ""Surface opacity: decal blend или cutout; в detail-diffspec дополнительно A_detail."", ""RGB"": ""Albedo. В diffspec также источник I/P; у specialised decal может быть маской, а не выводимым цветом.""}",F_ALPHA,alpha_surface = Diffuse.A * Colour0.A * globalAlpha,,DIFFUSE_RGBA_AUTO
normal_spec_decal_detail.sps > DetailSampler,normal_spec_decal_detail.sps,normal_spec_decal_detail,2,DetailSampler,0,False,Detail-нормаль и скалярный канал,SEM_16B108F68C986D30,resolved,active,"{""A"": ""Не используется; detail mask берётся из Spec.A."", ""B"": ""Не используется."", ""G"": ""Компонента Y касательной нормали."", ""R"": ""Одновременно scalar detail sample и tangent normal X.""}",F_DETAIL,D=.5*Detail(UV*detailSettings.zw)+.5*Detail(UV*detailSettings.zw*3.17); A_detail=SpecSampler.A; M=1-D.r*detailSettings.x*A_detail; Nxy+=D.xy*detailSettings.y*A_detail,PC branch смешивает два sample масштаба 1× и 3.17× по 0.5.,LINEAR_R_OR_RG_BC5
normal_spec_decal_detail.sps > BumpSampler,normal_spec_decal_detail.sps,normal_spec_decal_detail,2,BumpSampler,0,False,Нормаль / упакованная высота,SEM_716E7D47E446AA46,resolved,active,"{""A"": ""Обычная normal ветка A не читает."", ""B"": ""Не является отдельным художественным каналом в этих branches."", ""RG"": ""Tangent-space normal XY после remap; масштабируется bumpiness.""}",F_NORMAL,"Nxy = (2*Bump.RG-1) * max(bumpiness, 0.001)",,NORMAL_XY_AUTO
normal_spec_decal_detail.sps > SpecSampler,normal_spec_decal_detail.sps,normal_spec_decal_detail,2,SpecSampler,0,False,Блик (specular),SEM_DF4B198F382521F9,resolved,active,"{""A"": ""Линейный exponent/falloff; при detail также A_detail."", ""B"": ""Линейный weighted intensity через specMapIntMask.B."", ""G"": ""Квадратится; weighted intensity через specMapIntMask.G; у spec-only ещё blend alpha."", ""R"": ""Квадратится; weighted intensity через specMapIntMask.R.""}",F_SPEC | F_DETAIL,"D=.5*Detail(UV*detailSettings.zw)+.5*Detail(UV*detailSettings.zw*3.17); A_detail=SpecSampler.A; M=1-D.r*detailSettings.x*A_detail; Nxy+=D.xy*detailSettings.y*A_detail | S=(Spec.R^2,Spec.G^2,Spec.B,Spec.A); I=dot(S.rgb,specMapIntMask.xyz)*specularIntensityMult; P=S.a*specularFalloffMult",,TODO_SPECIAL_SPEC_BA
normal_spec_decal_nopuddle.sps > DiffuseSampler,normal_spec_decal_nopuddle.sps,normal_spec_decal_nopuddle,2,DiffuseSampler,0,False,Альбедо / непрозрачность,SEM_32077C77D80BB001,resolved,active,"{""A"": ""Surface opacity: decal blend или cutout; в detail-diffspec дополнительно A_detail."", ""RGB"": ""Albedo. В diffspec также источник I/P; у specialised decal может быть маской, а не выводимым цветом.""}",F_ALPHA,alpha_surface = Diffuse.A * Colour0.A * globalAlpha,,DIFFUSE_RGBA_AUTO
normal_spec_decal_nopuddle.sps > BumpSampler,normal_spec_decal_nopuddle.sps,normal_spec_decal_nopuddle,2,BumpSampler,0,False,Нормаль / упакованная высота,SEM_716E7D47E446AA46,resolved,active,"{""A"": ""Обычная normal ветка A не читает."", ""B"": ""Не является отдельным художественным каналом в этих branches."", ""RG"": ""Tangent-space normal XY после remap; масштабируется bumpiness.""}",F_NORMAL,"Nxy = (2*Bump.RG-1) * max(bumpiness, 0.001)",,NORMAL_XY_AUTO
normal_spec_decal_nopuddle.sps > SpecSampler,normal_spec_decal_nopuddle.sps,normal_spec_decal_nopuddle,2,SpecSampler,0,False,Блик (specular),SEM_840D1A0C69E3B2FE,resolved,active,"{""A"": ""Линейный exponent/falloff; при detail также A_detail."", ""B"": ""Линейный weighted intensity через specMapIntMask.B."", ""G"": ""Квадратится; weighted intensity через specMapIntMask.G; у spec-only ещё blend alpha."", ""R"": ""Квадратится; weighted intensity через specMapIntMask.R.""}",F_SPEC,"S=(Spec.R^2,Spec.G^2,Spec.B,Spec.A); I=dot(S.rgb,specMapIntMask.xyz)*specularIntensityMult; P=S.a*specularFalloffMult",,LINEAR_RGBA_BC3
normal_spec_decal_pxm.sps > DiffuseSampler,normal_spec_decal_pxm.sps,normal_spec_decal_pxm,2,DiffuseSampler,0,False,Альбедо / непрозрачность,SEM_32077C77D80BB001,resolved,active,"{""A"": ""Surface opacity: decal blend или cutout; в detail-diffspec дополнительно A_detail."", ""RGB"": ""Albedo. В diffspec также источник I/P; у specialised decal может быть маской, а не выводимым цветом.""}",F_ALPHA,alpha_surface = Diffuse.A * Colour0.A * globalAlpha,,DIFFUSE_RGBA_AUTO
normal_spec_decal_pxm.sps > heightSampler,normal_spec_decal_pxm.sps,normal_spec_decal_pxm,2,heightSampler,0,False,Высота,SEM_916079B5700D30F1,resolved,active,"{""A"": ""Не используется."", ""B"": ""Не используется."", ""G"": ""Не используется."", ""R"": ""Height для PXM raymarch или DPM domain displacement.""}",F_PXM,"maxOff=(-Vt.xy/max(zLimit,Vt.z))*heightScale*globalScale; biasOff=(Vt.xy/max(zLimit,Vt.z))*heightBias*globalScale; UV'=UV+biasOff+maxOff*(1-tracedHeight)",В DPM shipped DXBC имя resource — heightTexture; registry key остаётся heightSampler.,LINEAR_R_OR_RG_BC5
normal_spec_decal_pxm.sps > BumpSampler,normal_spec_decal_pxm.sps,normal_spec_decal_pxm,2,BumpSampler,0,False,Нормаль / упакованная высота,SEM_716E7D47E446AA46,resolved,active,"{""A"": ""Обычная normal ветка A не читает."", ""B"": ""Не является отдельным художественным каналом в этих branches."", ""RG"": ""Tangent-space normal XY после remap; масштабируется bumpiness.""}",F_NORMAL,"Nxy = (2*Bump.RG-1) * max(bumpiness, 0.001)",,NORMAL_XY_AUTO
normal_spec_decal_pxm.sps > SpecSampler,normal_spec_decal_pxm.sps,normal_spec_decal_pxm,2,SpecSampler,0,False,Блик (specular),SEM_840D1A0C69E3B2FE,resolved,active,"{""A"": ""Линейный exponent/falloff; при detail также A_detail."", ""B"": ""Линейный weighted intensity через specMapIntMask.B."", ""G"": ""Квадратится; weighted intensity через specMapIntMask.G; у spec-only ещё blend alpha."", ""R"": ""Квадратится; weighted intensity через specMapIntMask.R.""}",F_SPEC,"S=(Spec.R^2,Spec.G^2,Spec.B,Spec.A); I=dot(S.rgb,specMapIntMask.xyz)*specularIntensityMult; P=S.a*specularFalloffMult",,LINEAR_RGBA_BC3
normal_spec_decal_tnt.sps > DiffuseSampler,normal_spec_decal_tnt.sps,normal_spec_decal_tnt,2,DiffuseSampler,0,False,Альбедо / непрозрачность,SEM_32077C77D80BB001,resolved,active,"{""A"": ""Surface opacity: decal blend или cutout; в detail-diffspec дополнительно A_detail."", ""RGB"": ""Albedo. В diffspec также источник I/P; у specialised decal может быть маской, а не выводимым цветом.""}",F_ALPHA,alpha_surface = Diffuse.A * Colour0.A * globalAlpha,,DIFFUSE_RGBA_AUTO
normal_spec_decal_tnt.sps > TintPaletteSampler,normal_spec_decal_tnt.sps,normal_spec_decal_tnt,2,TintPaletteSampler,,False,Палитра оттенков,SEM_55CA30E417FD7662,resolved,active,"{""A"": ""Сэмплируется в float4, но отдельное художественное использование A в этом path не доказано."", ""RGB"": ""Множитель albedo после point/clamp palette lookup.""}",F_TINT,"Tint=TintPaletteSampler(float2(Colour0.B,tintPaletteSelector.X)); Albedo.rgb*=Tint.rgb",,PALETTE_RGBA8
normal_spec_decal_tnt.sps > BumpSampler,normal_spec_decal_tnt.sps,normal_spec_decal_tnt,2,BumpSampler,0,False,Нормаль / упакованная высота,SEM_716E7D47E446AA46,resolved,active,"{""A"": ""Обычная normal ветка A не читает."", ""B"": ""Не является отдельным художественным каналом в этих branches."", ""RG"": ""Tangent-space normal XY после remap; масштабируется bumpiness.""}",F_NORMAL,"Nxy = (2*Bump.RG-1) * max(bumpiness, 0.001)",,NORMAL_XY_AUTO
normal_spec_decal_tnt.sps > SpecSampler,normal_spec_decal_tnt.sps,normal_spec_decal_tnt,2,SpecSampler,0,False,Блик (specular),SEM_840D1A0C69E3B2FE,resolved,active,"{""A"": ""Линейный exponent/falloff; при detail также A_detail."", ""B"": ""Линейный weighted intensity через specMapIntMask.B."", ""G"": ""Квадратится; weighted intensity через specMapIntMask.G; у spec-only ещё blend alpha."", ""R"": ""Квадратится; weighted intensity через specMapIntMask.R.""}",F_SPEC,"S=(Spec.R^2,Spec.G^2,Spec.B,Spec.A); I=dot(S.rgb,specMapIntMask.xyz)*specularIntensityMult; P=S.a*specularFalloffMult",,LINEAR_RGBA_BC3
normal_spec_detail.sps > DiffuseSampler,normal_spec_detail.sps,normal_spec_detail,0,DiffuseSampler,0,False,Альбедо / непрозрачность,SEM_32077C77D80BB001,resolved,active,"{""A"": ""Surface opacity: decal blend или cutout; в detail-diffspec дополнительно A_detail."", ""RGB"": ""Albedo. В diffspec также источник I/P; у specialised decal может быть маской, а не выводимым цветом.""}",F_ALPHA,alpha_surface = Diffuse.A * Colour0.A * globalAlpha,,DIFFUSE_RGBA_AUTO
normal_spec_detail.sps > DetailSampler,normal_spec_detail.sps,normal_spec_detail,0,DetailSampler,0,False,Detail-нормаль и скалярный канал,SEM_16B108F68C986D30,resolved,active,"{""A"": ""Не используется; detail mask берётся из Spec.A."", ""B"": ""Не используется."", ""G"": ""Компонента Y касательной нормали."", ""R"": ""Одновременно scalar detail sample и tangent normal X.""}",F_DETAIL,D=.5*Detail(UV*detailSettings.zw)+.5*Detail(UV*detailSettings.zw*3.17); A_detail=SpecSampler.A; M=1-D.r*detailSettings.x*A_detail; Nxy+=D.xy*detailSettings.y*A_detail,PC branch смешивает два sample масштаба 1× и 3.17× по 0.5.,LINEAR_R_OR_RG_BC5
normal_spec_detail.sps > BumpSampler,normal_spec_detail.sps,normal_spec_detail,0,BumpSampler,0,False,Нормаль / упакованная высота,SEM_716E7D47E446AA46,resolved,active,"{""A"": ""Обычная normal ветка A не читает."", ""B"": ""Не является отдельным художественным каналом в этих branches."", ""RG"": ""Tangent-space normal XY после remap; масштабируется bumpiness.""}",F_NORMAL,"Nxy = (2*Bump.RG-1) * max(bumpiness, 0.001)",,NORMAL_XY_AUTO
normal_spec_detail.sps > SpecSampler,normal_spec_detail.sps,normal_spec_detail,0,SpecSampler,0,False,Блик (specular),SEM_DF4B198F382521F9,resolved,active,"{""A"": ""Линейный exponent/falloff; при detail также A_detail."", ""B"": ""Линейный weighted intensity через specMapIntMask.B."", ""G"": ""Квадратится; weighted intensity через specMapIntMask.G; у spec-only ещё blend alpha."", ""R"": ""Квадратится; weighted intensity через specMapIntMask.R.""}",F_SPEC | F_DETAIL,"D=.5*Detail(UV*detailSettings.zw)+.5*Detail(UV*detailSettings.zw*3.17); A_detail=SpecSampler.A; M=1-D.r*detailSettings.x*A_detail; Nxy+=D.xy*detailSettings.y*A_detail | S=(Spec.R^2,Spec.G^2,Spec.B,Spec.A); I=dot(S.rgb,specMapIntMask.xyz)*specularIntensityMult; P=S.a*specularFalloffMult",,TODO_SPECIAL_SPEC_BA
normal_spec_detail_dpm.sps > DiffuseSampler,normal_spec_detail_dpm.sps,normal_spec_detail_dpm,0,DiffuseSampler,0,False,Альбедо / непрозрачность,SEM_32077C77D80BB001,resolved,active,"{""A"": ""Surface opacity: decal blend или cutout; в detail-diffspec дополнительно A_detail."", ""RGB"": ""Albedo. В diffspec также источник I/P; у specialised decal может быть маской, а не выводимым цветом.""}",F_ALPHA,alpha_surface = Diffuse.A * Colour0.A * globalAlpha,,DIFFUSE_RGBA_AUTO
normal_spec_detail_dpm.sps > DetailSampler,normal_spec_detail_dpm.sps,normal_spec_detail_dpm,0,DetailSampler,0,False,Detail-нормаль и скалярный канал,SEM_16B108F68C986D30,resolved,active,"{""A"": ""Не используется; detail mask берётся из Spec.A."", ""B"": ""Не используется."", ""G"": ""Компонента Y касательной нормали."", ""R"": ""Одновременно scalar detail sample и tangent normal X.""}",F_DETAIL,D=.5*Detail(UV*detailSettings.zw)+.5*Detail(UV*detailSettings.zw*3.17); A_detail=SpecSampler.A; M=1-D.r*detailSettings.x*A_detail; Nxy+=D.xy*detailSettings.y*A_detail,PC branch смешивает два sample масштаба 1× и 3.17× по 0.5.,LINEAR_R_OR_RG_BC5
normal_spec_detail_dpm.sps > heightSampler,normal_spec_detail_dpm.sps,normal_spec_detail_dpm,0,heightSampler,,False,Высота,SEM_6DFC9C4C83F6F58E,resolved,active,"{""A"": ""Не используется."", ""B"": ""Не используется."", ""G"": ""Не используется."", ""R"": ""Height для PXM raymarch или DPM domain displacement.""}",F_DPM,position' = position + normal * ((heightSampler.R + heightBias) * heightScale * globalHeightScale); tess = PNpatch * tessellationMultiplier,В DPM shipped DXBC имя resource — heightTexture; registry key остаётся heightSampler.,LINEAR_R_OR_RG_BC5
normal_spec_detail_dpm.sps > BumpSampler,normal_spec_detail_dpm.sps,normal_spec_detail_dpm,0,BumpSampler,0,False,Нормаль / упакованная высота,SEM_716E7D47E446AA46,resolved,active,"{""A"": ""Обычная normal ветка A не читает."", ""B"": ""Не является отдельным художественным каналом в этих branches."", ""RG"": ""Tangent-space normal XY после remap; масштабируется bumpiness.""}",F_NORMAL,"Nxy = (2*Bump.RG-1) * max(bumpiness, 0.001)",,NORMAL_XY_AUTO
normal_spec_detail_dpm.sps > SpecSampler,normal_spec_detail_dpm.sps,normal_spec_detail_dpm,0,SpecSampler,0,False,Блик (specular),SEM_DF4B198F382521F9,resolved,active,"{""A"": ""Линейный exponent/falloff; при detail также A_detail."", ""B"": ""Линейный weighted intensity через specMapIntMask.B."", ""G"": ""Квадратится; weighted intensity через specMapIntMask.G; у spec-only ещё blend alpha."", ""R"": ""Квадратится; weighted intensity через specMapIntMask.R.""}",F_SPEC | F_DETAIL,"D=.5*Detail(UV*detailSettings.zw)+.5*Detail(UV*detailSettings.zw*3.17); A_detail=SpecSampler.A; M=1-D.r*detailSettings.x*A_detail; Nxy+=D.xy*detailSettings.y*A_detail | S=(Spec.R^2,Spec.G^2,Spec.B,Spec.A); I=dot(S.rgb,specMapIntMask.xyz)*specularIntensityMult; P=S.a*specularFalloffMult",,TODO_SPECIAL_SPEC_BA
normal_spec_detail_dpm_tnt.sps > DiffuseSampler,normal_spec_detail_dpm_tnt.sps,normal_spec_detail_dpm_tnt,0,DiffuseSampler,0,False,Альбедо / непрозрачность,SEM_32077C77D80BB001,resolved,active,"{""A"": ""Surface opacity: decal blend или cutout; в detail-diffspec дополнительно A_detail."", ""RGB"": ""Albedo. В diffspec также источник I/P; у specialised decal может быть маской, а не выводимым цветом.""}",F_ALPHA,alpha_surface = Diffuse.A * Colour0.A * globalAlpha,,DIFFUSE_RGBA_AUTO
normal_spec_detail_dpm_tnt.sps > TintPaletteSampler,normal_spec_detail_dpm_tnt.sps,normal_spec_detail_dpm_tnt,0,TintPaletteSampler,,False,Палитра оттенков,SEM_55CA30E417FD7662,resolved,active,"{""A"": ""Сэмплируется в float4, но отдельное художественное использование A в этом path не доказано."", ""RGB"": ""Множитель albedo после point/clamp palette lookup.""}",F_TINT,"Tint=TintPaletteSampler(float2(Colour0.B,tintPaletteSelector.X)); Albedo.rgb*=Tint.rgb",,PALETTE_RGBA8
normal_spec_detail_dpm_tnt.sps > DetailSampler,normal_spec_detail_dpm_tnt.sps,normal_spec_detail_dpm_tnt,0,DetailSampler,0,False,Detail-нормаль и скалярный канал,SEM_16B108F68C986D30,resolved,active,"{""A"": ""Не используется; detail mask берётся из Spec.A."", ""B"": ""Не используется."", ""G"": ""Компонента Y касательной нормали."", ""R"": ""Одновременно scalar detail sample и tangent normal X.""}",F_DETAIL,D=.5*Detail(UV*detailSettings.zw)+.5*Detail(UV*detailSettings.zw*3.17); A_detail=SpecSampler.A; M=1-D.r*detailSettings.x*A_detail; Nxy+=D.xy*detailSettings.y*A_detail,PC branch смешивает два sample масштаба 1× и 3.17× по 0.5.,LINEAR_R_OR_RG_BC5
normal_spec_detail_dpm_tnt.sps > heightSampler,normal_spec_detail_dpm_tnt.sps,normal_spec_detail_dpm_tnt,0,heightSampler,,False,Высота,SEM_6DFC9C4C83F6F58E,resolved,active,"{""A"": ""Не используется."", ""B"": ""Не используется."", ""G"": ""Не используется."", ""R"": ""Height для PXM raymarch или DPM domain displacement.""}",F_DPM,position' = position + normal * ((heightSampler.R + heightBias) * heightScale * globalHeightScale); tess = PNpatch * tessellationMultiplier,В DPM shipped DXBC имя resource — heightTexture; registry key остаётся heightSampler.,LINEAR_R_OR_RG_BC5
normal_spec_detail_dpm_tnt.sps > BumpSampler,normal_spec_detail_dpm_tnt.sps,normal_spec_detail_dpm_tnt,0,BumpSampler,0,False,Нормаль / упакованная высота,SEM_716E7D47E446AA46,resolved,active,"{""A"": ""Обычная normal ветка A не читает."", ""B"": ""Не является отдельным художественным каналом в этих branches."", ""RG"": ""Tangent-space normal XY после remap; масштабируется bumpiness.""}",F_NORMAL,"Nxy = (2*Bump.RG-1) * max(bumpiness, 0.001)",,NORMAL_XY_AUTO
normal_spec_detail_dpm_tnt.sps > SpecSampler,normal_spec_detail_dpm_tnt.sps,normal_spec_detail_dpm_tnt,0,SpecSampler,0,False,Блик (specular),SEM_DF4B198F382521F9,resolved,active,"{""A"": ""Линейный exponent/falloff; при detail также A_detail."", ""B"": ""Линейный weighted intensity через specMapIntMask.B."", ""G"": ""Квадратится; weighted intensity через specMapIntMask.G; у spec-only ещё blend alpha."", ""R"": ""Квадратится; weighted intensity через specMapIntMask.R.""}",F_SPEC | F_DETAIL,"D=.5*Detail(UV*detailSettings.zw)+.5*Detail(UV*detailSettings.zw*3.17); A_detail=SpecSampler.A; M=1-D.r*detailSettings.x*A_detail; Nxy+=D.xy*detailSettings.y*A_detail | S=(Spec.R^2,Spec.G^2,Spec.B,Spec.A); I=dot(S.rgb,specMapIntMask.xyz)*specularIntensityMult; P=S.a*specularFalloffMult",,TODO_SPECIAL_SPEC_BA
normal_spec_detail_dpm_vertdecal_tnt.sps > DiffuseSampler,normal_spec_detail_dpm_vertdecal_tnt.sps,normal_spec_detail_dpm_vertdecal_tnt,0,DiffuseSampler,0,False,Альбедо / непрозрачность,SEM_32077C77D80BB001,resolved,active,"{""A"": ""Surface opacity: decal blend или cutout; в detail-diffspec дополнительно A_detail."", ""RGB"": ""Albedo. В diffspec также источник I/P; у specialised decal может быть маской, а не выводимым цветом.""}",F_ALPHA,alpha_surface = Diffuse.A * Colour0.A * globalAlpha,,DIFFUSE_RGBA_AUTO
normal_spec_detail_dpm_vertdecal_tnt.sps > TintPaletteSampler,normal_spec_detail_dpm_vertdecal_tnt.sps,normal_spec_detail_dpm_vertdecal_tnt,0,TintPaletteSampler,,False,Палитра оттенков,SEM_55CA30E417FD7662,resolved,active,"{""A"": ""Сэмплируется в float4, но отдельное художественное использование A в этом path не доказано."", ""RGB"": ""Множитель albedo после point/clamp palette lookup.""}",F_TINT,"Tint=TintPaletteSampler(float2(Colour0.B,tintPaletteSelector.X)); Albedo.rgb*=Tint.rgb",,PALETTE_RGBA8
normal_spec_detail_dpm_vertdecal_tnt.sps > DetailSampler,normal_spec_detail_dpm_vertdecal_tnt.sps,normal_spec_detail_dpm_vertdecal_tnt,0,DetailSampler,0,False,Detail-нормаль и скалярный канал,SEM_16B108F68C986D30,resolved,active,"{""A"": ""Не используется; detail mask берётся из Spec.A."", ""B"": ""Не используется."", ""G"": ""Компонента Y касательной нормали."", ""R"": ""Одновременно scalar detail sample и tangent normal X.""}",F_DETAIL,D=.5*Detail(UV*detailSettings.zw)+.5*Detail(UV*detailSettings.zw*3.17); A_detail=SpecSampler.A; M=1-D.r*detailSettings.x*A_detail; Nxy+=D.xy*detailSettings.y*A_detail,PC branch смешивает два sample масштаба 1× и 3.17× по 0.5.,LINEAR_R_OR_RG_BC5
normal_spec_detail_dpm_vertdecal_tnt.sps > heightSampler,normal_spec_detail_dpm_vertdecal_tnt.sps,normal_spec_detail_dpm_vertdecal_tnt,0,heightSampler,,False,Высота,SEM_6DFC9C4C83F6F58E,resolved,active,"{""A"": ""Не используется."", ""B"": ""Не используется."", ""G"": ""Не используется."", ""R"": ""Height для PXM raymarch или DPM domain displacement.""}",F_DPM,position' = position + normal * ((heightSampler.R + heightBias) * heightScale * globalHeightScale); tess = PNpatch * tessellationMultiplier,В DPM shipped DXBC имя resource — heightTexture; registry key остаётся heightSampler.,LINEAR_R_OR_RG_BC5
normal_spec_detail_dpm_vertdecal_tnt.sps > DiffuseSampler2,normal_spec_detail_dpm_vertdecal_tnt.sps,normal_spec_detail_dpm_vertdecal_tnt,0,DiffuseSampler2,1,False,Вершинный decal-overlay,SEM_E864034EB49D0407,resolved,active,"{""A"": ""Игнорируется: alpha source принудительно берётся из Colour0.A."", ""RGB"": ""Overlay colour; смешивается поверх base по 1-Colour0.A.""}",F_VERTDECAL,a=1-Colour0.A; Albedo.rgb=Base.rgb*(1-a)+DiffuseSampler2.rgb*a,,COLOR_RGB_BC1
normal_spec_detail_dpm_vertdecal_tnt.sps > BumpSampler,normal_spec_detail_dpm_vertdecal_tnt.sps,normal_spec_detail_dpm_vertdecal_tnt,0,BumpSampler,0,False,Нормаль / упакованная высота,SEM_716E7D47E446AA46,resolved,active,"{""A"": ""Обычная normal ветка A не читает."", ""B"": ""Не является отдельным художественным каналом в этих branches."", ""RG"": ""Tangent-space normal XY после remap; масштабируется bumpiness.""}",F_NORMAL,"Nxy = (2*Bump.RG-1) * max(bumpiness, 0.001)",,NORMAL_XY_AUTO
normal_spec_detail_dpm_vertdecal_tnt.sps > SpecSampler,normal_spec_detail_dpm_vertdecal_tnt.sps,normal_spec_detail_dpm_vertdecal_tnt,0,SpecSampler,0,False,Блик (specular),SEM_DF4B198F382521F9,resolved,active,"{""A"": ""Линейный exponent/falloff; при detail также A_detail."", ""B"": ""Линейный weighted intensity через specMapIntMask.B."", ""G"": ""Квадратится; weighted intensity через specMapIntMask.G; у spec-only ещё blend alpha."", ""R"": ""Квадратится; weighted intensity через specMapIntMask.R.""}",F_SPEC | F_DETAIL,"D=.5*Detail(UV*detailSettings.zw)+.5*Detail(UV*detailSettings.zw*3.17); A_detail=SpecSampler.A; M=1-D.r*detailSettings.x*A_detail; Nxy+=D.xy*detailSettings.y*A_detail | S=(Spec.R^2,Spec.G^2,Spec.B,Spec.A); I=dot(S.rgb,specMapIntMask.xyz)*specularIntensityMult; P=S.a*specularFalloffMult",,TODO_SPECIAL_SPEC_BA
normal_spec_detail_tnt.sps > DiffuseSampler,normal_spec_detail_tnt.sps,normal_spec_detail_tnt,0,DiffuseSampler,0,False,Альбедо / непрозрачность,SEM_32077C77D80BB001,resolved,active,"{""A"": ""Surface opacity: decal blend или cutout; в detail-diffspec дополнительно A_detail."", ""RGB"": ""Albedo. В diffspec также источник I/P; у specialised decal может быть маской, а не выводимым цветом.""}",F_ALPHA,alpha_surface = Diffuse.A * Colour0.A * globalAlpha,,DIFFUSE_RGBA_AUTO
normal_spec_detail_tnt.sps > TintPaletteSampler,normal_spec_detail_tnt.sps,normal_spec_detail_tnt,0,TintPaletteSampler,,False,Палитра оттенков,SEM_55CA30E417FD7662,resolved,active,"{""A"": ""Сэмплируется в float4, но отдельное художественное использование A в этом path не доказано."", ""RGB"": ""Множитель albedo после point/clamp palette lookup.""}",F_TINT,"Tint=TintPaletteSampler(float2(Colour0.B,tintPaletteSelector.X)); Albedo.rgb*=Tint.rgb",,PALETTE_RGBA8
normal_spec_detail_tnt.sps > DetailSampler,normal_spec_detail_tnt.sps,normal_spec_detail_tnt,0,DetailSampler,0,False,Detail-нормаль и скалярный канал,SEM_16B108F68C986D30,resolved,active,"{""A"": ""Не используется; detail mask берётся из Spec.A."", ""B"": ""Не используется."", ""G"": ""Компонента Y касательной нормали."", ""R"": ""Одновременно scalar detail sample и tangent normal X.""}",F_DETAIL,D=.5*Detail(UV*detailSettings.zw)+.5*Detail(UV*detailSettings.zw*3.17); A_detail=SpecSampler.A; M=1-D.r*detailSettings.x*A_detail; Nxy+=D.xy*detailSettings.y*A_detail,PC branch смешивает два sample масштаба 1× и 3.17× по 0.5.,LINEAR_R_OR_RG_BC5
normal_spec_detail_tnt.sps > BumpSampler,normal_spec_detail_tnt.sps,normal_spec_detail_tnt,0,BumpSampler,0,False,Нормаль / упакованная высота,SEM_716E7D47E446AA46,resolved,active,"{""A"": ""Обычная normal ветка A не читает."", ""B"": ""Не является отдельным художественным каналом в этих branches."", ""RG"": ""Tangent-space normal XY после remap; масштабируется bumpiness.""}",F_NORMAL,"Nxy = (2*Bump.RG-1) * max(bumpiness, 0.001)",,NORMAL_XY_AUTO
normal_spec_detail_tnt.sps > SpecSampler,normal_spec_detail_tnt.sps,normal_spec_detail_tnt,0,SpecSampler,0,False,Блик (specular),SEM_DF4B198F382521F9,resolved,active,"{""A"": ""Линейный exponent/falloff; при detail также A_detail."", ""B"": ""Линейный weighted intensity через specMapIntMask.B."", ""G"": ""Квадратится; weighted intensity через specMapIntMask.G; у spec-only ещё blend alpha."", ""R"": ""Квадратится; weighted intensity через specMapIntMask.R.""}",F_SPEC | F_DETAIL,"D=.5*Detail(UV*detailSettings.zw)+.5*Detail(UV*detailSettings.zw*3.17); A_detail=SpecSampler.A; M=1-D.r*detailSettings.x*A_detail; Nxy+=D.xy*detailSettings.y*A_detail | S=(Spec.R^2,Spec.G^2,Spec.B,Spec.A); I=dot(S.rgb,specMapIntMask.xyz)*specularIntensityMult; P=S.a*specularFalloffMult",,TODO_SPECIAL_SPEC_BA
normal_spec_dpm.sps > DiffuseSampler,normal_spec_dpm.sps,normal_spec_dpm,0,DiffuseSampler,0,False,Альбедо / непрозрачность,SEM_32077C77D80BB001,resolved,active,"{""A"": ""Surface opacity: decal blend или cutout; в detail-diffspec дополнительно A_detail."", ""RGB"": ""Albedo. В diffspec также источник I/P; у specialised decal может быть маской, а не выводимым цветом.""}",F_ALPHA,alpha_surface = Diffuse.A * Colour0.A * globalAlpha,,DIFFUSE_RGBA_AUTO
normal_spec_dpm.sps > heightSampler,normal_spec_dpm.sps,normal_spec_dpm,0,heightSampler,,False,Высота,SEM_6DFC9C4C83F6F58E,resolved,active,"{""A"": ""Не используется."", ""B"": ""Не используется."", ""G"": ""Не используется."", ""R"": ""Height для PXM raymarch или DPM domain displacement.""}",F_DPM,position' = position + normal * ((heightSampler.R + heightBias) * heightScale * globalHeightScale); tess = PNpatch * tessellationMultiplier,В DPM shipped DXBC имя resource — heightTexture; registry key остаётся heightSampler.,LINEAR_R_OR_RG_BC5
normal_spec_dpm.sps > BumpSampler,normal_spec_dpm.sps,normal_spec_dpm,0,BumpSampler,0,False,Нормаль / упакованная высота,SEM_716E7D47E446AA46,resolved,active,"{""A"": ""Обычная normal ветка A не читает."", ""B"": ""Не является отдельным художественным каналом в этих branches."", ""RG"": ""Tangent-space normal XY после remap; масштабируется bumpiness.""}",F_NORMAL,"Nxy = (2*Bump.RG-1) * max(bumpiness, 0.001)",,NORMAL_XY_AUTO
normal_spec_dpm.sps > SpecSampler,normal_spec_dpm.sps,normal_spec_dpm,0,SpecSampler,0,False,Блик (specular),SEM_840D1A0C69E3B2FE,resolved,active,"{""A"": ""Линейный exponent/falloff; при detail также A_detail."", ""B"": ""Линейный weighted intensity через specMapIntMask.B."", ""G"": ""Квадратится; weighted intensity через specMapIntMask.G; у spec-only ещё blend alpha."", ""R"": ""Квадратится; weighted intensity через specMapIntMask.R.""}",F_SPEC,"S=(Spec.R^2,Spec.G^2,Spec.B,Spec.A); I=dot(S.rgb,specMapIntMask.xyz)*specularIntensityMult; P=S.a*specularFalloffMult",,LINEAR_RGBA_BC3
normal_spec_emissive.sps > DiffuseSampler,normal_spec_emissive.sps,normal_spec_emissive,0,DiffuseSampler,0,False,Базовый цвет / emissive mask,SEM_DAD0B487CB04F5FD,resolved,active,"{""A"": ""Маска эмиссии и surface alpha; в additive-вариантах также формирует premultiplied source color."", ""RGB"": ""Базовый цвет поверхности. Для TNT дополнительно умножается на RGB выбранной палитры.""}",F_SURFACE_ALPHA | F_EMISSIVE_INTENSITY,emissive = DiffuseSampler.A × emissiveMultiplier × runtime(gEmissiveScale) × Colour0.B | surface_alpha = DiffuseSampler.A × Colour0.A,,DIFFUSE_RGBA_AUTO
normal_spec_emissive.sps > BumpSampler,normal_spec_emissive.sps,normal_spec_emissive,0,BumpSampler,0,False,Карта нормалей,SEM_9612F9D0C224D839,resolved,active,"{""A"": ""Не читается проверенным normal decode."", ""B"": ""Не читается проверенным normal decode; Z восстанавливается из X/Y."", ""G"": ""Компонента Y касательного пространства: 2·G−1."", ""R"": ""Компонента X касательного пространства: 2·R−1.""}",F_NORMAL_DECODE,"nx=(2×BumpSampler.R−1)×max(bumpiness,0.001); ny=(2×BumpSampler.G−1)×max(bumpiness,0.001); nz=sqrt(abs(1−nx²−ny²))",,NORMAL_XY_AUTO
normal_spec_emissive.sps > SpecSampler,normal_spec_emissive.sps,normal_spec_emissive,0,SpecSampler,0,False,Упакованный specular,SEM_9BB09D3A4D00B8BF,resolved,active,"{""A"": ""Линейный gloss/falloff input перед specularFalloffMult."", ""B"": ""Третий scalar spec-сигнал; остаётся линейным."", ""G"": ""Второй scalar spec-сигнал; перед mask возводится в квадрат."", ""R"": ""Первый scalar spec-сигнал; перед mask возводится в квадрат.""}",F_SPEC_INTENSITY | F_SPEC_FALLOFF,"rawFalloff = SpecSampler.A × specularFalloffMult | specSignal=dot((SpecSampler.R²,SpecSampler.G²,SpecSampler.B),specMapIntMask); specIntensity=saturate(specSignal×specularIntensityMult)",,LINEAR_RGBA_BC3
normal_spec_pxm.sps > DiffuseSampler,normal_spec_pxm.sps,normal_spec_pxm,0,DiffuseSampler,0,False,Альбедо / непрозрачность,SEM_32077C77D80BB001,resolved,active,"{""A"": ""Surface opacity: decal blend или cutout; в detail-diffspec дополнительно A_detail."", ""RGB"": ""Albedo. В diffspec также источник I/P; у specialised decal может быть маской, а не выводимым цветом.""}",F_ALPHA,alpha_surface = Diffuse.A * Colour0.A * globalAlpha,,DIFFUSE_RGBA_AUTO
normal_spec_pxm.sps > heightSampler,normal_spec_pxm.sps,normal_spec_pxm,0,heightSampler,0,False,Высота,SEM_916079B5700D30F1,resolved,active,"{""A"": ""Не используется."", ""B"": ""Не используется."", ""G"": ""Не используется."", ""R"": ""Height для PXM raymarch или DPM domain displacement.""}",F_PXM,"maxOff=(-Vt.xy/max(zLimit,Vt.z))*heightScale*globalScale; biasOff=(Vt.xy/max(zLimit,Vt.z))*heightBias*globalScale; UV'=UV+biasOff+maxOff*(1-tracedHeight)",В DPM shipped DXBC имя resource — heightTexture; registry key остаётся heightSampler.,LINEAR_R_OR_RG_BC5
normal_spec_pxm.sps > BumpSampler,normal_spec_pxm.sps,normal_spec_pxm,0,BumpSampler,0,False,Нормаль / упакованная высота,SEM_716E7D47E446AA46,resolved,active,"{""A"": ""Обычная normal ветка A не читает."", ""B"": ""Не является отдельным художественным каналом в этих branches."", ""RG"": ""Tangent-space normal XY после remap; масштабируется bumpiness.""}",F_NORMAL,"Nxy = (2*Bump.RG-1) * max(bumpiness, 0.001)",,NORMAL_XY_AUTO
normal_spec_pxm.sps > SpecSampler,normal_spec_pxm.sps,normal_spec_pxm,0,SpecSampler,0,False,Блик (specular),SEM_840D1A0C69E3B2FE,resolved,active,"{""A"": ""Линейный exponent/falloff; при detail также A_detail."", ""B"": ""Линейный weighted intensity через specMapIntMask.B."", ""G"": ""Квадратится; weighted intensity через specMapIntMask.G; у spec-only ещё blend alpha."", ""R"": ""Квадратится; weighted intensity через specMapIntMask.R.""}",F_SPEC,"S=(Spec.R^2,Spec.G^2,Spec.B,Spec.A); I=dot(S.rgb,specMapIntMask.xyz)*specularIntensityMult; P=S.a*specularFalloffMult",,LINEAR_RGBA_BC3
normal_spec_pxm_tnt.sps > DiffuseSampler,normal_spec_pxm_tnt.sps,normal_spec_pxm_tnt,0,DiffuseSampler,0,False,Альбедо / непрозрачность,SEM_32077C77D80BB001,resolved,active,"{""A"": ""Surface opacity: decal blend или cutout; в detail-diffspec дополнительно A_detail."", ""RGB"": ""Albedo. В diffspec также источник I/P; у specialised decal может быть маской, а не выводимым цветом.""}",F_ALPHA,alpha_surface = Diffuse.A * Colour0.A * globalAlpha,,DIFFUSE_RGBA_AUTO
normal_spec_pxm_tnt.sps > TintPaletteSampler,normal_spec_pxm_tnt.sps,normal_spec_pxm_tnt,0,TintPaletteSampler,,False,Палитра оттенков,SEM_55CA30E417FD7662,resolved,active,"{""A"": ""Сэмплируется в float4, но отдельное художественное использование A в этом path не доказано."", ""RGB"": ""Множитель albedo после point/clamp palette lookup.""}",F_TINT,"Tint=TintPaletteSampler(float2(Colour0.B,tintPaletteSelector.X)); Albedo.rgb*=Tint.rgb",,PALETTE_RGBA8
normal_spec_pxm_tnt.sps > heightSampler,normal_spec_pxm_tnt.sps,normal_spec_pxm_tnt,0,heightSampler,0,False,Высота,SEM_916079B5700D30F1,resolved,active,"{""A"": ""Не используется."", ""B"": ""Не используется."", ""G"": ""Не используется."", ""R"": ""Height для PXM raymarch или DPM domain displacement.""}",F_PXM,"maxOff=(-Vt.xy/max(zLimit,Vt.z))*heightScale*globalScale; biasOff=(Vt.xy/max(zLimit,Vt.z))*heightBias*globalScale; UV'=UV+biasOff+maxOff*(1-tracedHeight)",В DPM shipped DXBC имя resource — heightTexture; registry key остаётся heightSampler.,LINEAR_R_OR_RG_BC5
normal_spec_pxm_tnt.sps > BumpSampler,normal_spec_pxm_tnt.sps,normal_spec_pxm_tnt,0,BumpSampler,0,False,Нормаль / упакованная высота,SEM_716E7D47E446AA46,resolved,active,"{""A"": ""Обычная normal ветка A не читает."", ""B"": ""Не является отдельным художественным каналом в этих branches."", ""RG"": ""Tangent-space normal XY после remap; масштабируется bumpiness.""}",F_NORMAL,"Nxy = (2*Bump.RG-1) * max(bumpiness, 0.001)",,NORMAL_XY_AUTO
normal_spec_pxm_tnt.sps > SpecSampler,normal_spec_pxm_tnt.sps,normal_spec_pxm_tnt,0,SpecSampler,0,False,Блик (specular),SEM_840D1A0C69E3B2FE,resolved,active,"{""A"": ""Линейный exponent/falloff; при detail также A_detail."", ""B"": ""Линейный weighted intensity через specMapIntMask.B."", ""G"": ""Квадратится; weighted intensity через specMapIntMask.G; у spec-only ещё blend alpha."", ""R"": ""Квадратится; weighted intensity через specMapIntMask.R.""}",F_SPEC,"S=(Spec.R^2,Spec.G^2,Spec.B,Spec.A); I=dot(S.rgb,specMapIntMask.xyz)*specularIntensityMult; P=S.a*specularFalloffMult",,LINEAR_RGBA_BC3
normal_spec_reflect.sps > DiffuseSampler,normal_spec_reflect.sps,normal_spec_reflect,0,DiffuseSampler,0,False,Альбедо / непрозрачность,SEM_BDCA6A9993EA6364,resolved,active,"{""A"": ""Вход alpha/opacity поверхности; opaque bucket обычно сам по себе не превращает его в cutout."", ""RGB"": ""Базовый цвет/цвет эмиссии.""}",,,,DIFFUSE_RGBA_AUTO
normal_spec_reflect.sps > BumpSampler,normal_spec_reflect.sps,normal_spec_reflect,0,BumpSampler,0,False,Карта нормалей,SEM_54AD86BAB78C04FC,resolved,active,"{""A"": ""Не читается при восстановлении нормали."", ""B"": ""Не читается при восстановлении нормали."", ""RG"": ""XY нормали в касательном пространстве: (2·RG−1)·max(bumpiness,0.001).""}",normal_xy,"Nxy = (2·Bump.RG − 1) · max(bumpiness, 0.001)",,NORMAL_XY_AUTO
normal_spec_reflect.sps > SpecSampler,normal_spec_reflect.sps,normal_spec_reflect,0,SpecSampler,0,False,Общее скалярное управление бликом,SEM_4B4A57B8D59EECB6,resolved,active,"{""A"": ""Линейный вход falloff/exponent."", ""B"": ""Линейный член интенсивности с весом specMapIntMask.B."", ""G"": ""Квадратичный член интенсивности с весом specMapIntMask.G."", ""R"": ""Квадратичный член интенсивности с весом specMapIntMask.R.""}",generic_spec,"I = saturate(dot((R²,G²,B), specMapIntMask)·specularIntensityMult); P = A·specularFalloffMult","Параметр управляет отдельным скалярным белым прямым бликом, а не цветом или размытием EnvironmentSampler.",LINEAR_RGBA_BC3
normal_spec_reflect.sps > EnvironmentSampler,normal_spec_reflect.sps,normal_spec_reflect,0,EnvironmentSampler,,False,Статическое отражение окружения,SEM_03583B411F57462F,resolved,active,"{""A"": ""Не используется проверенным путём environment-reflection."", ""RGB"": ""Цвет отражения сэмплируется по процедурному отражённому направлению.""}",environment,"R=normalize(reflect(−V,N)); uv=−0.5·(R.xz+1); EnvRGB=Environment2D(uv).RGB·reflectivePower","Попиксельной маски отражения нет: reflectivePower задаёт общую силу материала. | Diffuse.A, Spec.A и Spec.RGB напрямую не маскируют, не размывают и не тонируют эту текстуру.",COLOR_RGB_BC1
normal_spec_reflect_alpha.sps > DiffuseSampler,normal_spec_reflect_alpha.sps,normal_spec_reflect,1,DiffuseSampler,0,False,Альбедо / непрозрачность,SEM_BDCA6A9993EA6364,resolved,active,"{""A"": ""Вход alpha/opacity поверхности; opaque bucket обычно сам по себе не превращает его в cutout."", ""RGB"": ""Базовый цвет/цвет эмиссии.""}",,,,DIFFUSE_RGBA_AUTO
normal_spec_reflect_alpha.sps > BumpSampler,normal_spec_reflect_alpha.sps,normal_spec_reflect,1,BumpSampler,0,False,Карта нормалей,SEM_54AD86BAB78C04FC,resolved,active,"{""A"": ""Не читается при восстановлении нормали."", ""B"": ""Не читается при восстановлении нормали."", ""RG"": ""XY нормали в касательном пространстве: (2·RG−1)·max(bumpiness,0.001).""}",normal_xy,"Nxy = (2·Bump.RG − 1) · max(bumpiness, 0.001)",,NORMAL_XY_AUTO
normal_spec_reflect_alpha.sps > SpecSampler,normal_spec_reflect_alpha.sps,normal_spec_reflect,1,SpecSampler,0,False,Общее скалярное управление бликом,SEM_4B4A57B8D59EECB6,resolved,active,"{""A"": ""Линейный вход falloff/exponent."", ""B"": ""Линейный член интенсивности с весом specMapIntMask.B."", ""G"": ""Квадратичный член интенсивности с весом specMapIntMask.G."", ""R"": ""Квадратичный член интенсивности с весом specMapIntMask.R.""}",generic_spec,"I = saturate(dot((R²,G²,B), specMapIntMask)·specularIntensityMult); P = A·specularFalloffMult","Параметр управляет отдельным скалярным белым прямым бликом, а не цветом или размытием EnvironmentSampler.",LINEAR_RGBA_BC3
normal_spec_reflect_alpha.sps > EnvironmentSampler,normal_spec_reflect_alpha.sps,normal_spec_reflect,1,EnvironmentSampler,,False,Статическое отражение окружения,SEM_03583B411F57462F,resolved,active,"{""A"": ""Не используется проверенным путём environment-reflection."", ""RGB"": ""Цвет отражения сэмплируется по процедурному отражённому направлению.""}",environment,"R=normalize(reflect(−V,N)); uv=−0.5·(R.xz+1); EnvRGB=Environment2D(uv).RGB·reflectivePower","Попиксельной маски отражения нет: reflectivePower задаёт общую силу материала. | Diffuse.A, Spec.A и Spec.RGB напрямую не маскируют, не размывают и не тонируют эту текстуру.",COLOR_RGB_BC1
normal_spec_reflect_decal.sps > DiffuseSampler,normal_spec_reflect_decal.sps,normal_spec_reflect_decal,2,DiffuseSampler,0,False,Альбедо / непрозрачность,SEM_BDCA6A9993EA6364,resolved,active,"{""A"": ""Вход alpha/opacity поверхности; opaque bucket обычно сам по себе не превращает его в cutout."", ""RGB"": ""Базовый цвет/цвет эмиссии.""}",,,,DIFFUSE_RGBA_AUTO
normal_spec_reflect_decal.sps > BumpSampler,normal_spec_reflect_decal.sps,normal_spec_reflect_decal,2,BumpSampler,0,False,Карта нормалей,SEM_54AD86BAB78C04FC,resolved,active,"{""A"": ""Не читается при восстановлении нормали."", ""B"": ""Не читается при восстановлении нормали."", ""RG"": ""XY нормали в касательном пространстве: (2·RG−1)·max(bumpiness,0.001).""}",normal_xy,"Nxy = (2·Bump.RG − 1) · max(bumpiness, 0.001)",,NORMAL_XY_AUTO
normal_spec_reflect_decal.sps > SpecSampler,normal_spec_reflect_decal.sps,normal_spec_reflect_decal,2,SpecSampler,0,False,Общее скалярное управление бликом,SEM_4B4A57B8D59EECB6,resolved,active,"{""A"": ""Линейный вход falloff/exponent."", ""B"": ""Линейный член интенсивности с весом specMapIntMask.B."", ""G"": ""Квадратичный член интенсивности с весом specMapIntMask.G."", ""R"": ""Квадратичный член интенсивности с весом specMapIntMask.R.""}",generic_spec,"I = saturate(dot((R²,G²,B), specMapIntMask)·specularIntensityMult); P = A·specularFalloffMult","Параметр управляет отдельным скалярным белым прямым бликом, а не цветом или размытием EnvironmentSampler.",LINEAR_RGBA_BC3
normal_spec_reflect_decal.sps > EnvironmentSampler,normal_spec_reflect_decal.sps,normal_spec_reflect_decal,2,EnvironmentSampler,,False,Статическое отражение окружения,SEM_03583B411F57462F,resolved,active,"{""A"": ""Не используется проверенным путём environment-reflection."", ""RGB"": ""Цвет отражения сэмплируется по процедурному отражённому направлению.""}",environment,"R=normalize(reflect(−V,N)); uv=−0.5·(R.xz+1); EnvRGB=Environment2D(uv).RGB·reflectivePower","Попиксельной маски отражения нет: reflectivePower задаёт общую силу материала. | Diffuse.A, Spec.A и Spec.RGB напрямую не маскируют, не размывают и не тонируют эту текстуру.",COLOR_RGB_BC1
normal_spec_reflect_emissivenight.sps > DiffuseSampler,normal_spec_reflect_emissivenight.sps,normal_spec_reflect_emissivenight,0,DiffuseSampler,0,False,Альбедо / цвет эмиссии,SEM_34DDE3C132C653B0,resolved,active,"{""A"": ""Маска эмиссии; в alpha-capable passes также задаёт непрозрачность поверхности."", ""RGB"": ""Базовый цвет/цвет эмиссии.""}",night_emissive,E = Diffuse.A·emissiveMultiplier·gEmissiveScale·gDayNightEffects·Colour0.B,,DIFFUSE_RGBA_AUTO
normal_spec_reflect_emissivenight.sps > BumpSampler,normal_spec_reflect_emissivenight.sps,normal_spec_reflect_emissivenight,0,BumpSampler,0,False,Карта нормалей,SEM_54AD86BAB78C04FC,resolved,active,"{""A"": ""Не читается при восстановлении нормали."", ""B"": ""Не читается при восстановлении нормали."", ""RG"": ""XY нормали в касательном пространстве: (2·RG−1)·max(bumpiness,0.001).""}",normal_xy,"Nxy = (2·Bump.RG − 1) · max(bumpiness, 0.001)",,NORMAL_XY_AUTO
normal_spec_reflect_emissivenight.sps > SpecSampler,normal_spec_reflect_emissivenight.sps,normal_spec_reflect_emissivenight,0,SpecSampler,0,False,Общее скалярное управление бликом,SEM_4B4A57B8D59EECB6,resolved,active,"{""A"": ""Линейный вход falloff/exponent."", ""B"": ""Линейный член интенсивности с весом specMapIntMask.B."", ""G"": ""Квадратичный член интенсивности с весом specMapIntMask.G."", ""R"": ""Квадратичный член интенсивности с весом specMapIntMask.R.""}",generic_spec,"I = saturate(dot((R²,G²,B), specMapIntMask)·specularIntensityMult); P = A·specularFalloffMult","Параметр управляет отдельным скалярным белым прямым бликом, а не цветом или размытием EnvironmentSampler.",LINEAR_RGBA_BC3
normal_spec_reflect_emissivenight_alpha.sps > DiffuseSampler,normal_spec_reflect_emissivenight_alpha.sps,normal_spec_reflect_emissivenight,1,DiffuseSampler,0,False,Альбедо / цвет эмиссии,SEM_34DDE3C132C653B0,resolved,active,"{""A"": ""Маска эмиссии; в alpha-capable passes также задаёт непрозрачность поверхности."", ""RGB"": ""Базовый цвет/цвет эмиссии.""}",night_emissive,E = Diffuse.A·emissiveMultiplier·gEmissiveScale·gDayNightEffects·Colour0.B,,DIFFUSE_RGBA_AUTO
normal_spec_reflect_emissivenight_alpha.sps > BumpSampler,normal_spec_reflect_emissivenight_alpha.sps,normal_spec_reflect_emissivenight,1,BumpSampler,0,False,Карта нормалей,SEM_54AD86BAB78C04FC,resolved,active,"{""A"": ""Не читается при восстановлении нормали."", ""B"": ""Не читается при восстановлении нормали."", ""RG"": ""XY нормали в касательном пространстве: (2·RG−1)·max(bumpiness,0.001).""}",normal_xy,"Nxy = (2·Bump.RG − 1) · max(bumpiness, 0.001)",,NORMAL_XY_AUTO
normal_spec_reflect_emissivenight_alpha.sps > SpecSampler,normal_spec_reflect_emissivenight_alpha.sps,normal_spec_reflect_emissivenight,1,SpecSampler,0,False,Общее скалярное управление бликом,SEM_4B4A57B8D59EECB6,resolved,active,"{""A"": ""Линейный вход falloff/exponent."", ""B"": ""Линейный член интенсивности с весом specMapIntMask.B."", ""G"": ""Квадратичный член интенсивности с весом specMapIntMask.G."", ""R"": ""Квадратичный член интенсивности с весом specMapIntMask.R.""}",generic_spec,"I = saturate(dot((R²,G²,B), specMapIntMask)·specularIntensityMult); P = A·specularFalloffMult","Параметр управляет отдельным скалярным белым прямым бликом, а не цветом или размытием EnvironmentSampler.",LINEAR_RGBA_BC3
normal_spec_screendooralpha.sps > DiffuseSampler,normal_spec_screendooralpha.sps,normal_spec,3,DiffuseSampler,0,False,Базовый цвет,SEM_9B2FFD437A334725,resolved,active,"{""A"": ""Surface alpha; в CUTOUT также источник alpha-test."", ""RGB"": ""Базовый цвет поверхности. DXBC не доказывает transfer-функцию исходного DDS.""}",F_SURFACE_ALPHA,surface_alpha = DiffuseSampler.A × Colour0.A; затем runtime умножает globalAlpha,,DIFFUSE_RGBA_AUTO
normal_spec_screendooralpha.sps > BumpSampler,normal_spec_screendooralpha.sps,normal_spec,3,BumpSampler,0,False,Карта нормалей,SEM_BC1FC7E4B6D69C43,resolved,active,"{""A"": ""В проверенном normal decode не используется."", ""B"": ""В проверенном normal decode не используется; Z восстанавливается."", ""G"": ""Компонента Y касательного пространства: 2·G−1."", ""R"": ""Компонента X касательного пространства: 2·R−1.""}",F_NORMAL_RG,"q=2·BumpSampler.RG−1; z=sqrt(abs(1−dot(q,q))); N=normalize(T·q.x·b+B·q.y·b+Ngeo·z)",,NORMAL_XY_AUTO
normal_spec_screendooralpha.sps > SpecSampler,normal_spec_screendooralpha.sps,normal_spec,3,SpecSampler,0,False,Упакованный specular,SEM_ADCA91AAC8552F7A,resolved,active,"{""A"": ""Линейный falloff/gloss input; умножается на specularFalloffMult."", ""B"": ""Третий скалярный spec-вклад; остаётся линейным."", ""G"": ""Второй скалярный spec-вклад; перед mask возводится в квадрат."", ""R"": ""Первый скалярный spec-вклад; перед mask возводится в квадрат.""}",F_SPEC_PACKED,"Q=(R²,G²,B); I=dot(Q,specMapIntMask)·specularIntensityMult; P=A·specularFalloffMult; n=3·min(P,500)+558·max(P−500,0)",,LINEAR_RGBA_BC3
normal_spec_tnt.sps > DiffuseSampler,normal_spec_tnt.sps,normal_spec_tnt,0,DiffuseSampler,0,False,Базовый цвет,SEM_44A8211FFB386091,resolved,active,"{""A"": ""Surface alpha; в CUTOUT также источник alpha-test."", ""RGB"": ""Базовый цвет поверхности. DXBC не доказывает transfer-функцию исходного DDS.""}",F_SURFACE_ALPHA | F_TINT_PALETTE,"T=TintPaletteSampler(Colour0.B,tintPaletteSelector.X); albedo=DiffuseSampler.RGB×T.RGB | surface_alpha = DiffuseSampler.A × Colour0.A; затем runtime умножает globalAlpha",,DIFFUSE_RGBA_AUTO
normal_spec_tnt.sps > TintPaletteSampler,normal_spec_tnt.sps,normal_spec_tnt,0,TintPaletteSampler,,False,Палитра оттенков,SEM_5882847584F3EEED,resolved,active,"{""A"": ""В проверенном основном deferred lit-пути не используется."", ""RGB"": ""Палитровый RGB-множитель albedo.""}",F_TINT_PALETTE,"T=TintPaletteSampler(Colour0.B,tintPaletteSelector.X); albedo=DiffuseSampler.RGB×T.RGB",Координаты формируются из Colour0.B и tintPaletteSelector.X; это не обычная UV-текстура.,PALETTE_RGBA8
normal_spec_tnt.sps > BumpSampler,normal_spec_tnt.sps,normal_spec_tnt,0,BumpSampler,0,False,Карта нормалей,SEM_BC1FC7E4B6D69C43,resolved,active,"{""A"": ""В проверенном normal decode не используется."", ""B"": ""В проверенном normal decode не используется; Z восстанавливается."", ""G"": ""Компонента Y касательного пространства: 2·G−1."", ""R"": ""Компонента X касательного пространства: 2·R−1.""}",F_NORMAL_RG,"q=2·BumpSampler.RG−1; z=sqrt(abs(1−dot(q,q))); N=normalize(T·q.x·b+B·q.y·b+Ngeo·z)",,NORMAL_XY_AUTO
normal_spec_tnt.sps > SpecSampler,normal_spec_tnt.sps,normal_spec_tnt,0,SpecSampler,0,False,Упакованный specular,SEM_ADCA91AAC8552F7A,resolved,active,"{""A"": ""Линейный falloff/gloss input; умножается на specularFalloffMult."", ""B"": ""Третий скалярный spec-вклад; остаётся линейным."", ""G"": ""Второй скалярный spec-вклад; перед mask возводится в квадрат."", ""R"": ""Первый скалярный spec-вклад; перед mask возводится в квадрат.""}",F_SPEC_PACKED,"Q=(R²,G²,B); I=dot(Q,specMapIntMask)·specularIntensityMult; P=A·specularFalloffMult; n=3·min(P,500)+558·max(P−500,0)",,LINEAR_RGBA_BC3
normal_spec_tnt_pxm.sps > DiffuseSampler,normal_spec_tnt_pxm.sps,normal_spec_pxm_tnt,0,DiffuseSampler,0,False,Альбедо / непрозрачность,SEM_32077C77D80BB001,resolved,active,"{""A"": ""Surface opacity: decal blend или cutout; в detail-diffspec дополнительно A_detail."", ""RGB"": ""Albedo. В diffspec также источник I/P; у specialised decal может быть маской, а не выводимым цветом.""}",F_ALPHA,alpha_surface = Diffuse.A * Colour0.A * globalAlpha,,DIFFUSE_RGBA_AUTO
normal_spec_tnt_pxm.sps > TintPaletteSampler,normal_spec_tnt_pxm.sps,normal_spec_pxm_tnt,0,TintPaletteSampler,,False,Палитра оттенков,SEM_55CA30E417FD7662,resolved,active,"{""A"": ""Сэмплируется в float4, но отдельное художественное использование A в этом path не доказано."", ""RGB"": ""Множитель albedo после point/clamp palette lookup.""}",F_TINT,"Tint=TintPaletteSampler(float2(Colour0.B,tintPaletteSelector.X)); Albedo.rgb*=Tint.rgb",,PALETTE_RGBA8
normal_spec_tnt_pxm.sps > heightSampler,normal_spec_tnt_pxm.sps,normal_spec_pxm_tnt,0,heightSampler,0,False,Высота,SEM_916079B5700D30F1,resolved,active,"{""A"": ""Не используется."", ""B"": ""Не используется."", ""G"": ""Не используется."", ""R"": ""Height для PXM raymarch или DPM domain displacement.""}",F_PXM,"maxOff=(-Vt.xy/max(zLimit,Vt.z))*heightScale*globalScale; biasOff=(Vt.xy/max(zLimit,Vt.z))*heightBias*globalScale; UV'=UV+biasOff+maxOff*(1-tracedHeight)",В DPM shipped DXBC имя resource — heightTexture; registry key остаётся heightSampler.,LINEAR_R_OR_RG_BC5
normal_spec_tnt_pxm.sps > BumpSampler,normal_spec_tnt_pxm.sps,normal_spec_pxm_tnt,0,BumpSampler,0,False,Нормаль / упакованная высота,SEM_716E7D47E446AA46,resolved,active,"{""A"": ""Обычная normal ветка A не читает."", ""B"": ""Не является отдельным художественным каналом в этих branches."", ""RG"": ""Tangent-space normal XY после remap; масштабируется bumpiness.""}",F_NORMAL,"Nxy = (2*Bump.RG-1) * max(bumpiness, 0.001)",,NORMAL_XY_AUTO
normal_spec_tnt_pxm.sps > SpecSampler,normal_spec_tnt_pxm.sps,normal_spec_pxm_tnt,0,SpecSampler,0,False,Блик (specular),SEM_840D1A0C69E3B2FE,resolved,active,"{""A"": ""Линейный exponent/falloff; при detail также A_detail."", ""B"": ""Линейный weighted intensity через specMapIntMask.B."", ""G"": ""Квадратится; weighted intensity через specMapIntMask.G; у spec-only ещё blend alpha."", ""R"": ""Квадратится; weighted intensity через specMapIntMask.R.""}",F_SPEC,"S=(Spec.R^2,Spec.G^2,Spec.B,Spec.A); I=dot(S.rgb,specMapIntMask.xyz)*specularIntensityMult; P=S.a*specularFalloffMult",,LINEAR_RGBA_BC3
normal_spec_um.sps > DiffuseSampler,normal_spec_um.sps,normal_spec_um,0,DiffuseSampler,0,False,Альбедо / непрозрачность,SEM_32077C77D80BB001,resolved,active,"{""A"": ""Surface opacity: decal blend или cutout; в detail-diffspec дополнительно A_detail."", ""RGB"": ""Albedo. В diffspec также источник I/P; у specialised decal может быть маской, а не выводимым цветом.""}",F_ALPHA,alpha_surface = Diffuse.A * Colour0.A * globalAlpha,,DIFFUSE_RGBA_AUTO
normal_spec_um.sps > BumpSampler,normal_spec_um.sps,normal_spec_um,0,BumpSampler,0,False,Нормаль / упакованная высота,SEM_716E7D47E446AA46,resolved,active,"{""A"": ""Обычная normal ветка A не читает."", ""B"": ""Не является отдельным художественным каналом в этих branches."", ""RG"": ""Tangent-space normal XY после remap; масштабируется bumpiness.""}",F_NORMAL,"Nxy = (2*Bump.RG-1) * max(bumpiness, 0.001)",,NORMAL_XY_AUTO
normal_spec_um.sps > SpecSampler,normal_spec_um.sps,normal_spec_um,0,SpecSampler,0,False,Блик (specular),SEM_840D1A0C69E3B2FE,resolved,active,"{""A"": ""Линейный exponent/falloff; при detail также A_detail."", ""B"": ""Линейный weighted intensity через specMapIntMask.B."", ""G"": ""Квадратится; weighted intensity через specMapIntMask.G; у spec-only ещё blend alpha."", ""R"": ""Квадратится; weighted intensity через specMapIntMask.R.""}",F_SPEC,"S=(Spec.R^2,Spec.G^2,Spec.B,Spec.A); I=dot(S.rgb,specMapIntMask.xyz)*specularIntensityMult; P=S.a*specularFalloffMult",,LINEAR_RGBA_BC3
normal_spec_wrinkle.sps > DiffuseSampler,normal_spec_wrinkle.sps,normal_spec_wrinkle,0,DiffuseSampler,0,False,Альбедо / непрозрачность,SEM_32077C77D80BB001,resolved,active,"{""A"": ""Surface opacity: decal blend или cutout; в detail-diffspec дополнительно A_detail."", ""RGB"": ""Albedo. В diffspec также источник I/P; у specialised decal может быть маской, а не выводимым цветом.""}",F_ALPHA,alpha_surface = Diffuse.A * Colour0.A * globalAlpha,,DIFFUSE_RGBA_AUTO
normal_spec_wrinkle.sps > WrinkleMaskSampler_0,normal_spec_wrinkle.sps,normal_spec_wrinkle,0,WrinkleMaskSampler_0,0,False,Маска морщин,SEM_7704C0858F8464D3,resolved,active,"{""A"": ""Независимый вес для соответствующего компонента strength vector."", ""B"": ""Независимый вес для соответствующего компонента strength vector."", ""G"": ""Независимый вес для соответствующего компонента strength vector."", ""R"": ""Независимый вес для соответствующего компонента strength vector.""}",F_WRINKLE,"a=dot(M0,S0)+dot(M1,S1); b=dot(M2,S2)+dot(M3,S3); N=lerp(lerp(Bump.xy,WrinkleA.xy,a),WrinkleB.xy,b); N*=bumpiness",,LINEAR_RGBA_BC3
normal_spec_wrinkle.sps > WrinkleMaskSampler_1,normal_spec_wrinkle.sps,normal_spec_wrinkle,0,WrinkleMaskSampler_1,0,False,Маска морщин,SEM_7704C0858F8464D3,resolved,active,"{""A"": ""Независимый вес для соответствующего компонента strength vector."", ""B"": ""Независимый вес для соответствующего компонента strength vector."", ""G"": ""Независимый вес для соответствующего компонента strength vector."", ""R"": ""Независимый вес для соответствующего компонента strength vector.""}",F_WRINKLE,"a=dot(M0,S0)+dot(M1,S1); b=dot(M2,S2)+dot(M3,S3); N=lerp(lerp(Bump.xy,WrinkleA.xy,a),WrinkleB.xy,b); N*=bumpiness",,LINEAR_RGBA_BC3
normal_spec_wrinkle.sps > WrinkleMaskSampler_2,normal_spec_wrinkle.sps,normal_spec_wrinkle,0,WrinkleMaskSampler_2,0,False,Маска морщин,SEM_7704C0858F8464D3,resolved,active,"{""A"": ""Независимый вес для соответствующего компонента strength vector."", ""B"": ""Независимый вес для соответствующего компонента strength vector."", ""G"": ""Независимый вес для соответствующего компонента strength vector."", ""R"": ""Независимый вес для соответствующего компонента strength vector.""}",F_WRINKLE,"a=dot(M0,S0)+dot(M1,S1); b=dot(M2,S2)+dot(M3,S3); N=lerp(lerp(Bump.xy,WrinkleA.xy,a),WrinkleB.xy,b); N*=bumpiness",,LINEAR_RGBA_BC3
normal_spec_wrinkle.sps > WrinkleMaskSampler_3,normal_spec_wrinkle.sps,normal_spec_wrinkle,0,WrinkleMaskSampler_3,0,False,Маска морщин,SEM_7704C0858F8464D3,resolved,active,"{""A"": ""Независимый вес для соответствующего компонента strength vector."", ""B"": ""Независимый вес для соответствующего компонента strength vector."", ""G"": ""Независимый вес для соответствующего компонента strength vector."", ""R"": ""Независимый вес для соответствующего компонента strength vector.""}",F_WRINKLE,"a=dot(M0,S0)+dot(M1,S1); b=dot(M2,S2)+dot(M3,S3); N=lerp(lerp(Bump.xy,WrinkleA.xy,a),WrinkleB.xy,b); N*=bumpiness",,LINEAR_RGBA_BC3
normal_spec_wrinkle.sps > WrinkleSampler_A,normal_spec_wrinkle.sps,normal_spec_wrinkle,0,WrinkleSampler_A,0,False,Нормаль морщин,SEM_FBDBAC8737ED9566,resolved,active,"{""A"": ""Не используется в wrinkle blend."", ""B"": ""Не используется в wrinkle blend."", ""RG"": ""Tangent-space normal XY target для последовательного lerp.""}",F_WRINKLE,"a=dot(M0,S0)+dot(M1,S1); b=dot(M2,S2)+dot(M3,S3); N=lerp(lerp(Bump.xy,WrinkleA.xy,a),WrinkleB.xy,b); N*=bumpiness",,NORMAL_XY_AUTO
normal_spec_wrinkle.sps > WrinkleSampler_B,normal_spec_wrinkle.sps,normal_spec_wrinkle,0,WrinkleSampler_B,0,False,Нормаль морщин,SEM_FBDBAC8737ED9566,resolved,active,"{""A"": ""Не используется в wrinkle blend."", ""B"": ""Не используется в wrinkle blend."", ""RG"": ""Tangent-space normal XY target для последовательного lerp.""}",F_WRINKLE,"a=dot(M0,S0)+dot(M1,S1); b=dot(M2,S2)+dot(M3,S3); N=lerp(lerp(Bump.xy,WrinkleA.xy,a),WrinkleB.xy,b); N*=bumpiness",,NORMAL_XY_AUTO
normal_spec_wrinkle.sps > BumpSampler,normal_spec_wrinkle.sps,normal_spec_wrinkle,0,BumpSampler,0,False,Нормаль / упакованная высота,SEM_716E7D47E446AA46,resolved,active,"{""A"": ""Обычная normal ветка A не читает."", ""B"": ""Не является отдельным художественным каналом в этих branches."", ""RG"": ""Tangent-space normal XY после remap; масштабируется bumpiness.""}",F_NORMAL,"Nxy = (2*Bump.RG-1) * max(bumpiness, 0.001)",,NORMAL_XY_AUTO
normal_spec_wrinkle.sps > SpecSampler,normal_spec_wrinkle.sps,normal_spec_wrinkle,0,SpecSampler,0,False,Блик (specular),SEM_840D1A0C69E3B2FE,resolved,active,"{""A"": ""Линейный exponent/falloff; при detail также A_detail."", ""B"": ""Линейный weighted intensity через specMapIntMask.B."", ""G"": ""Квадратится; weighted intensity через specMapIntMask.G; у spec-only ещё blend alpha."", ""R"": ""Квадратится; weighted intensity через specMapIntMask.R.""}",F_SPEC,"S=(Spec.R^2,Spec.G^2,Spec.B,Spec.A); I=dot(S.rgb,specMapIntMask.xyz)*specularIntensityMult; P=S.a*specularFalloffMult",,LINEAR_RGBA_BC3
normal_terrain_wet.sps > DiffuseSampler,normal_terrain_wet.sps,normal_terrain_wet,0,DiffuseSampler,0,False,Альбедо / непрозрачность,SEM_32077C77D80BB001,resolved,active,"{""A"": ""Surface opacity: decal blend или cutout; в detail-diffspec дополнительно A_detail."", ""RGB"": ""Albedo. В diffspec также источник I/P; у specialised decal может быть маской, а не выводимым цветом.""}",F_ALPHA,alpha_surface = Diffuse.A * Colour0.A * globalAlpha,,DIFFUSE_RGBA_AUTO
normal_terrain_wet.sps > BumpSampler,normal_terrain_wet.sps,normal_terrain_wet,0,BumpSampler,0,False,Нормаль / упакованная высота,SEM_716E7D47E446AA46,resolved,active,"{""A"": ""Обычная normal ветка A не читает."", ""B"": ""Не является отдельным художественным каналом в этих branches."", ""RG"": ""Tangent-space normal XY после remap; масштабируется bumpiness.""}",F_NORMAL,"Nxy = (2*Bump.RG-1) * max(bumpiness, 0.001)",,NORMAL_XY_AUTO
normal_tnt.sps > DiffuseSampler,normal_tnt.sps,normal_tnt,0,DiffuseSampler,0,False,Базовый цвет,SEM_44A8211FFB386091,resolved,active,"{""A"": ""Surface alpha; в CUTOUT также источник alpha-test."", ""RGB"": ""Базовый цвет поверхности. DXBC не доказывает transfer-функцию исходного DDS.""}",F_SURFACE_ALPHA | F_TINT_PALETTE,"T=TintPaletteSampler(Colour0.B,tintPaletteSelector.X); albedo=DiffuseSampler.RGB×T.RGB | surface_alpha = DiffuseSampler.A × Colour0.A; затем runtime умножает globalAlpha",,DIFFUSE_RGBA_AUTO
normal_tnt.sps > TintPaletteSampler,normal_tnt.sps,normal_tnt,0,TintPaletteSampler,,False,Палитра оттенков,SEM_5882847584F3EEED,resolved,active,"{""A"": ""В проверенном основном deferred lit-пути не используется."", ""RGB"": ""Палитровый RGB-множитель albedo.""}",F_TINT_PALETTE,"T=TintPaletteSampler(Colour0.B,tintPaletteSelector.X); albedo=DiffuseSampler.RGB×T.RGB",Координаты формируются из Colour0.B и tintPaletteSelector.X; это не обычная UV-текстура.,PALETTE_RGBA8
normal_tnt.sps > BumpSampler,normal_tnt.sps,normal_tnt,0,BumpSampler,0,False,Карта нормалей,SEM_BC1FC7E4B6D69C43,resolved,active,"{""A"": ""В проверенном normal decode не используется."", ""B"": ""В проверенном normal decode не используется; Z восстанавливается."", ""G"": ""Компонента Y касательного пространства: 2·G−1."", ""R"": ""Компонента X касательного пространства: 2·R−1.""}",F_NORMAL_RG,"q=2·BumpSampler.RG−1; z=sqrt(abs(1−dot(q,q))); N=normalize(T·q.x·b+B·q.y·b+Ngeo·z)",,NORMAL_XY_AUTO
normal_tnt_alpha.sps > DiffuseSampler,normal_tnt_alpha.sps,normal_tnt,1,DiffuseSampler,0,False,Базовый цвет,SEM_44A8211FFB386091,resolved,active,"{""A"": ""Surface alpha; в CUTOUT также источник alpha-test."", ""RGB"": ""Базовый цвет поверхности. DXBC не доказывает transfer-функцию исходного DDS.""}",F_SURFACE_ALPHA | F_TINT_PALETTE,"T=TintPaletteSampler(Colour0.B,tintPaletteSelector.X); albedo=DiffuseSampler.RGB×T.RGB | surface_alpha = DiffuseSampler.A × Colour0.A; затем runtime умножает globalAlpha",,DIFFUSE_RGBA_AUTO
normal_tnt_alpha.sps > TintPaletteSampler,normal_tnt_alpha.sps,normal_tnt,1,TintPaletteSampler,,False,Палитра оттенков,SEM_5882847584F3EEED,resolved,active,"{""A"": ""В проверенном основном deferred lit-пути не используется."", ""RGB"": ""Палитровый RGB-множитель albedo.""}",F_TINT_PALETTE,"T=TintPaletteSampler(Colour0.B,tintPaletteSelector.X); albedo=DiffuseSampler.RGB×T.RGB",Координаты формируются из Colour0.B и tintPaletteSelector.X; это не обычная UV-текстура.,PALETTE_RGBA8
normal_tnt_alpha.sps > BumpSampler,normal_tnt_alpha.sps,normal_tnt,1,BumpSampler,0,False,Карта нормалей,SEM_BC1FC7E4B6D69C43,resolved,active,"{""A"": ""В проверенном normal decode не используется."", ""B"": ""В проверенном normal decode не используется; Z восстанавливается."", ""G"": ""Компонента Y касательного пространства: 2·G−1."", ""R"": ""Компонента X касательного пространства: 2·R−1.""}",F_NORMAL_RG,"q=2·BumpSampler.RG−1; z=sqrt(abs(1−dot(q,q))); N=normalize(T·q.x·b+B·q.y·b+Ngeo·z)",,NORMAL_XY_AUTO
normal_tnt_pxm.sps > DiffuseSampler,normal_tnt_pxm.sps,normal_pxm_tnt,0,DiffuseSampler,0,False,Альбедо / непрозрачность,SEM_32077C77D80BB001,resolved,active,"{""A"": ""Surface opacity: decal blend или cutout; в detail-diffspec дополнительно A_detail."", ""RGB"": ""Albedo. В diffspec также источник I/P; у specialised decal может быть маской, а не выводимым цветом.""}",F_ALPHA,alpha_surface = Diffuse.A * Colour0.A * globalAlpha,,DIFFUSE_RGBA_AUTO
normal_tnt_pxm.sps > TintPaletteSampler,normal_tnt_pxm.sps,normal_pxm_tnt,0,TintPaletteSampler,,False,Палитра оттенков,SEM_55CA30E417FD7662,resolved,active,"{""A"": ""Сэмплируется в float4, но отдельное художественное использование A в этом path не доказано."", ""RGB"": ""Множитель albedo после point/clamp palette lookup.""}",F_TINT,"Tint=TintPaletteSampler(float2(Colour0.B,tintPaletteSelector.X)); Albedo.rgb*=Tint.rgb",,PALETTE_RGBA8
normal_tnt_pxm.sps > heightSampler,normal_tnt_pxm.sps,normal_pxm_tnt,0,heightSampler,0,False,Высота,SEM_916079B5700D30F1,resolved,active,"{""A"": ""Не используется."", ""B"": ""Не используется."", ""G"": ""Не используется."", ""R"": ""Height для PXM raymarch или DPM domain displacement.""}",F_PXM,"maxOff=(-Vt.xy/max(zLimit,Vt.z))*heightScale*globalScale; biasOff=(Vt.xy/max(zLimit,Vt.z))*heightBias*globalScale; UV'=UV+biasOff+maxOff*(1-tracedHeight)",В DPM shipped DXBC имя resource — heightTexture; registry key остаётся heightSampler.,LINEAR_R_OR_RG_BC5
normal_tnt_pxm.sps > BumpSampler,normal_tnt_pxm.sps,normal_pxm_tnt,0,BumpSampler,0,False,Нормаль / упакованная высота,SEM_716E7D47E446AA46,resolved,active,"{""A"": ""Обычная normal ветка A не читает."", ""B"": ""Не является отдельным художественным каналом в этих branches."", ""RG"": ""Tangent-space normal XY после remap; масштабируется bumpiness.""}",F_NORMAL,"Nxy = (2*Bump.RG-1) * max(bumpiness, 0.001)",,NORMAL_XY_AUTO
normal_um.sps > DiffuseSampler,normal_um.sps,normal_um,0,DiffuseSampler,0,False,Альбедо / непрозрачность,SEM_32077C77D80BB001,resolved,active,"{""A"": ""Surface opacity: decal blend или cutout; в detail-diffspec дополнительно A_detail."", ""RGB"": ""Albedo. В diffspec также источник I/P; у specialised decal может быть маской, а не выводимым цветом.""}",F_ALPHA,alpha_surface = Diffuse.A * Colour0.A * globalAlpha,,DIFFUSE_RGBA_AUTO
normal_um.sps > BumpSampler,normal_um.sps,normal_um,0,BumpSampler,0,False,Нормаль / упакованная высота,SEM_716E7D47E446AA46,resolved,active,"{""A"": ""Обычная normal ветка A не читает."", ""B"": ""Не является отдельным художественным каналом в этих branches."", ""RG"": ""Tangent-space normal XY после remap; масштабируется bumpiness.""}",F_NORMAL,"Nxy = (2*Bump.RG-1) * max(bumpiness, 0.001)",,NORMAL_XY_AUTO
normal_um_tnt.sps > DiffuseSampler,normal_um_tnt.sps,normal_um_tnt,0,DiffuseSampler,0,False,Альбедо / непрозрачность,SEM_32077C77D80BB001,resolved,active,"{""A"": ""Surface opacity: decal blend или cutout; в detail-diffspec дополнительно A_detail."", ""RGB"": ""Albedo. В diffspec также источник I/P; у specialised decal может быть маской, а не выводимым цветом.""}",F_ALPHA,alpha_surface = Diffuse.A * Colour0.A * globalAlpha,,DIFFUSE_RGBA_AUTO
normal_um_tnt.sps > TintPaletteSampler,normal_um_tnt.sps,normal_um_tnt,0,TintPaletteSampler,,False,Палитра оттенков,SEM_55CA30E417FD7662,resolved,active,"{""A"": ""Сэмплируется в float4, но отдельное художественное использование A в этом path не доказано."", ""RGB"": ""Множитель albedo после point/clamp palette lookup.""}",F_TINT,"Tint=TintPaletteSampler(float2(Colour0.B,tintPaletteSelector.X)); Albedo.rgb*=Tint.rgb",,PALETTE_RGBA8
normal_um_tnt.sps > BumpSampler,normal_um_tnt.sps,normal_um_tnt,0,BumpSampler,0,False,Нормаль / упакованная высота,SEM_716E7D47E446AA46,resolved,active,"{""A"": ""Обычная normal ветка A не читает."", ""B"": ""Не является отдельным художественным каналом в этих branches."", ""RG"": ""Tangent-space normal XY после remap; масштабируется bumpiness.""}",F_NORMAL,"Nxy = (2*Bump.RG-1) * max(bumpiness, 0.001)",,NORMAL_XY_AUTO
parallax.sps > DiffuseSampler,parallax.sps,parallax,0,DiffuseSampler,0,False,Альбедо / непрозрачность,SEM_32077C77D80BB001,resolved,active,"{""A"": ""Surface opacity: decal blend или cutout; в detail-diffspec дополнительно A_detail."", ""RGB"": ""Albedo. В diffspec также источник I/P; у specialised decal может быть маской, а не выводимым цветом.""}",F_ALPHA,alpha_surface = Diffuse.A * Colour0.A * globalAlpha,,DIFFUSE_RGBA_AUTO
parallax.sps > BumpSampler,parallax.sps,parallax,0,BumpSampler,0,False,Нормаль / упакованная высота,SEM_172D1D6FE0188A91,resolved,active,"{""A"": ""Height для legacy one-step parallax."", ""B"": ""Не является отдельным художественным каналом в этих branches."", ""RG"": ""Tangent-space normal XY после remap; масштабируется bumpiness.""}",F_NORMAL | F_LEGACY_PARALLAX,"Nxy = (2*Bump.RG-1) * max(bumpiness, 0.001) | h=Bump.A*parallaxScaleBias-0.5*parallaxScaleBias; UV'=UV+h*normalize(tangentEye).xy",,NORMAL_XY_AUTO
parallax_specmap.sps > DiffuseSampler,parallax_specmap.sps,parallax_specmap,0,DiffuseSampler,0,False,Альбедо / непрозрачность,SEM_32077C77D80BB001,resolved,active,"{""A"": ""Surface opacity: decal blend или cutout; в detail-diffspec дополнительно A_detail."", ""RGB"": ""Albedo. В diffspec также источник I/P; у specialised decal может быть маской, а не выводимым цветом.""}",F_ALPHA,alpha_surface = Diffuse.A * Colour0.A * globalAlpha,,DIFFUSE_RGBA_AUTO
parallax_specmap.sps > BumpSampler,parallax_specmap.sps,parallax_specmap,0,BumpSampler,0,False,Нормаль / упакованная высота,SEM_172D1D6FE0188A91,resolved,active,"{""A"": ""Height для legacy one-step parallax."", ""B"": ""Не является отдельным художественным каналом в этих branches."", ""RG"": ""Tangent-space normal XY после remap; масштабируется bumpiness.""}",F_NORMAL | F_LEGACY_PARALLAX,"Nxy = (2*Bump.RG-1) * max(bumpiness, 0.001) | h=Bump.A*parallaxScaleBias-0.5*parallaxScaleBias; UV'=UV+h*normalize(tangentEye).xy",,NORMAL_XY_AUTO
parallax_specmap.sps > SpecSampler,parallax_specmap.sps,parallax_specmap,0,SpecSampler,0,False,Блик (specular),SEM_840D1A0C69E3B2FE,resolved,active,"{""A"": ""Линейный exponent/falloff; при detail также A_detail."", ""B"": ""Линейный weighted intensity через specMapIntMask.B."", ""G"": ""Квадратится; weighted intensity через specMapIntMask.G; у spec-only ещё blend alpha."", ""R"": ""Квадратится; weighted intensity через specMapIntMask.R.""}",F_SPEC,"S=(Spec.R^2,Spec.G^2,Spec.B,Spec.A); I=dot(S.rgb,specMapIntMask.xyz)*specularIntensityMult; P=S.a*specularFalloffMult",,LINEAR_RGBA_BC3
ped.sps > DiffuseSampler,ped.sps,ped,0,DiffuseSampler,0,False,Альбедо / цвет поверхности,SEM_AAB9681C5ED121B4,resolved,active,"{""A"": ""Альфа поверхности; в palette-перестановках может быть дискретным индексом палитры."", ""RGB"": ""Цвет поверхности.""}",,,,DIFFUSE_RGBA_AUTO
ped.sps > TextureSamplerDiffPal,ped.sps,ped,0,TextureSamplerDiffPal,,False,Inactive registry slot,SEM_FE08F33CB5098D31,resolved,inactive,{},,,Registry-declared slot absent from every active DXBC binding for this shader.,SKIP_INACTIVE
ped.sps > VolumeSampler,ped.sps,ped,0,VolumeSampler,0,False,Объёмная 3D-карта микродеталей кожи/ткани,SEM_92C18A19C0FDFDC4,resolved,active,"{""A"": ""В проверенном deferred-пути не используется."", ""RGB"": ""3D microdetail: компоненты дают мелкую вариацию нормали и/или diffuse.""}",,,"Это Texture3D с процедурными координатами из UV0, а не обычная 2D detail-карта.",VOLUME_RGB_READY_DDS
ped.sps > BumpSampler,ped.sps,ped,0,BumpSampler,0,False,Карта нормалей,SEM_70339F15FEA87B00,resolved,active,"{""A"": ""В основном ped-пути не читается."", ""B"": ""В основном ped-пути не читается."", ""RG"": ""XY-нормаль в tangent space: Nxy = (2·RG−1)·max(bumpiness, 0.001).""}",ped_normal,"Nxy = (2·RG−1)·max(bumpiness, 0.001)",,NORMAL_XY_AUTO
ped.sps > SpecSampler,ped.sps,ped,0,SpecSampler,0,False,Карта бликов персонажа / управление кожей,SEM_66A9FBE02B7E8941,resolved,active,"{""A"": ""Вспомогательная ped skin/detail маска; не falloff и не переносима как generic spec A."", ""B"": ""Код класса кожи: пороги около 13/16…15/16 включают skin/subsurface ветви; не цвет блика."", ""G"": ""Falloff/exponent input; читается с квадратом."", ""R"": ""Интенсивность обычного блика; читается с квадратом.""}",ped_spec,I = R²·SpecInt; P = G²·SpecFalloff,В ped_alpha основной проверенный forward-путь использует R²/G²; B/A там не формируют обычный spec.,TODO_SPECIAL_SPEC_BA
ped_alpha.sps > DiffuseSampler,ped_alpha.sps,ped_alpha,1,DiffuseSampler,0,False,Альбедо / цвет поверхности,SEM_AAB9681C5ED121B4,resolved,active,"{""A"": ""Альфа поверхности; в palette-перестановках может быть дискретным индексом палитры."", ""RGB"": ""Цвет поверхности.""}",,,,DIFFUSE_RGBA_AUTO
ped_alpha.sps > TextureSamplerDiffPal,ped_alpha.sps,ped_alpha,1,TextureSamplerDiffPal,,False,Inactive registry slot,SEM_FE08F33CB5098D31,resolved,inactive,{},,,Registry-declared slot absent from every active DXBC binding for this shader.,SKIP_INACTIVE
ped_alpha.sps > BumpSampler,ped_alpha.sps,ped_alpha,1,BumpSampler,0,False,Карта нормалей,SEM_70339F15FEA87B00,resolved,active,"{""A"": ""В основном ped-пути не читается."", ""B"": ""В основном ped-пути не читается."", ""RG"": ""XY-нормаль в tangent space: Nxy = (2·RG−1)·max(bumpiness, 0.001).""}",ped_normal,"Nxy = (2·RG−1)·max(bumpiness, 0.001)",,NORMAL_XY_AUTO
ped_alpha.sps > SpecSampler,ped_alpha.sps,ped_alpha,1,SpecSampler,0,False,Карта бликов персонажа / управление кожей,SEM_66A9FBE02B7E8941,resolved,active,"{""A"": ""Вспомогательная ped skin/detail маска; не falloff и не переносима как generic spec A."", ""B"": ""Код класса кожи: пороги около 13/16…15/16 включают skin/subsurface ветви; не цвет блика."", ""G"": ""Falloff/exponent input; читается с квадратом."", ""R"": ""Интенсивность обычного блика; читается с квадратом.""}",ped_spec,I = R²·SpecInt; P = G²·SpecFalloff,В ped_alpha основной проверенный forward-путь использует R²/G²; B/A там не формируют обычный spec.,TODO_SPECIAL_SPEC_BA
ped_cloth.sps > DiffuseSampler,ped_cloth.sps,ped_cloth,0,DiffuseSampler,0,False,Альбедо / цвет поверхности,SEM_AAB9681C5ED121B4,resolved,active,"{""A"": ""Альфа поверхности; в palette-перестановках может быть дискретным индексом палитры."", ""RGB"": ""Цвет поверхности.""}",,,,DIFFUSE_RGBA_AUTO
ped_cloth.sps > TextureSamplerDiffPal,ped_cloth.sps,ped_cloth,0,TextureSamplerDiffPal,,False,Inactive registry slot,SEM_FE08F33CB5098D31,resolved,inactive,{},,,Registry-declared slot absent from every active DXBC binding for this shader.,SKIP_INACTIVE
ped_cloth.sps > VolumeSampler,ped_cloth.sps,ped_cloth,0,VolumeSampler,0,False,Объёмная 3D-карта микродеталей кожи/ткани,SEM_92C18A19C0FDFDC4,resolved,active,"{""A"": ""В проверенном deferred-пути не используется."", ""RGB"": ""3D microdetail: компоненты дают мелкую вариацию нормали и/или diffuse.""}",,,"Это Texture3D с процедурными координатами из UV0, а не обычная 2D detail-карта.",VOLUME_RGB_READY_DDS
ped_cloth.sps > BumpSampler,ped_cloth.sps,ped_cloth,0,BumpSampler,0,False,Карта нормалей,SEM_70339F15FEA87B00,resolved,active,"{""A"": ""В основном ped-пути не читается."", ""B"": ""В основном ped-пути не читается."", ""RG"": ""XY-нормаль в tangent space: Nxy = (2·RG−1)·max(bumpiness, 0.001).""}",ped_normal,"Nxy = (2·RG−1)·max(bumpiness, 0.001)",,NORMAL_XY_AUTO
ped_cloth.sps > SpecSampler,ped_cloth.sps,ped_cloth,0,SpecSampler,0,False,Карта бликов персонажа / управление кожей,SEM_66A9FBE02B7E8941,resolved,active,"{""A"": ""Вспомогательная ped skin/detail маска; не falloff и не переносима как generic spec A."", ""B"": ""Код класса кожи: пороги около 13/16…15/16 включают skin/subsurface ветви; не цвет блика."", ""G"": ""Falloff/exponent input; читается с квадратом."", ""R"": ""Интенсивность обычного блика; читается с квадратом.""}",ped_spec,I = R²·SpecInt; P = G²·SpecFalloff,В ped_alpha основной проверенный forward-путь использует R²/G²; B/A там не формируют обычный spec.,TODO_SPECIAL_SPEC_BA
ped_cloth_enveff.sps > DiffuseSampler,ped_cloth_enveff.sps,ped_cloth_enveff,0,DiffuseSampler,0,False,Альбедо / цвет поверхности,SEM_AAB9681C5ED121B4,resolved,active,"{""A"": ""Альфа поверхности; в palette-перестановках может быть дискретным индексом палитры."", ""RGB"": ""Цвет поверхности.""}",,,,DIFFUSE_RGBA_AUTO
ped_cloth_enveff.sps > TextureSamplerDiffPal,ped_cloth_enveff.sps,ped_cloth_enveff,0,TextureSamplerDiffPal,,False,Inactive registry slot,SEM_FE08F33CB5098D31,resolved,inactive,{},,,Registry-declared slot absent from every active DXBC binding for this shader.,SKIP_INACTIVE
ped_cloth_enveff.sps > VolumeSampler,ped_cloth_enveff.sps,ped_cloth_enveff,0,VolumeSampler,0,False,Объёмная 3D-карта микродеталей кожи/ткани,SEM_92C18A19C0FDFDC4,resolved,active,"{""A"": ""В проверенном deferred-пути не используется."", ""RGB"": ""3D microdetail: компоненты дают мелкую вариацию нормали и/или diffuse.""}",,,"Это Texture3D с процедурными координатами из UV0, а не обычная 2D detail-карта.",VOLUME_RGB_READY_DDS
ped_cloth_enveff.sps > BumpSampler,ped_cloth_enveff.sps,ped_cloth_enveff,0,BumpSampler,0,False,Карта нормалей,SEM_70339F15FEA87B00,resolved,active,"{""A"": ""В основном ped-пути не читается."", ""B"": ""В основном ped-пути не читается."", ""RG"": ""XY-нормаль в tangent space: Nxy = (2·RG−1)·max(bumpiness, 0.001).""}",ped_normal,"Nxy = (2·RG−1)·max(bumpiness, 0.001)",,NORMAL_XY_AUTO
ped_cloth_enveff.sps > SpecSampler,ped_cloth_enveff.sps,ped_cloth_enveff,0,SpecSampler,0,False,Карта бликов персонажа / управление кожей,SEM_66A9FBE02B7E8941,resolved,active,"{""A"": ""Вспомогательная ped skin/detail маска; не falloff и не переносима как generic spec A."", ""B"": ""Код класса кожи: пороги около 13/16…15/16 включают skin/subsurface ветви; не цвет блика."", ""G"": ""Falloff/exponent input; читается с квадратом."", ""R"": ""Интенсивность обычного блика; читается с квадратом.""}",ped_spec,I = R²·SpecInt; P = G²·SpecFalloff,В ped_alpha основной проверенный forward-путь использует R²/G²; B/A там не формируют обычный spec.,TODO_SPECIAL_SPEC_BA
ped_cloth_enveff.sps > SnowSampler,ped_cloth_enveff.sps,ped_cloth_enveff,0,SnowSampler,0,False,Слой окружения / снег,SEM_DED4846B449C5250,resolved,active,"{""A"": ""В проверенном deferred-пути не читается."", ""RGB"": ""Цвет env/snow overlay, смешиваемый с diffuse runtime-фактором.""}",,,,COLOR_RGB_BC1
ped_decal.sps > DiffuseSampler,ped_decal.sps,ped_decal,2,DiffuseSampler,0,False,Альбедо / цвет поверхности,SEM_AAB9681C5ED121B4,resolved,active,"{""A"": ""Альфа поверхности; в palette-перестановках может быть дискретным индексом палитры."", ""RGB"": ""Цвет поверхности.""}",,,,DIFFUSE_RGBA_AUTO
ped_decal.sps > TextureSamplerDiffPal,ped_decal.sps,ped_decal,2,TextureSamplerDiffPal,,False,Inactive registry slot,SEM_FE08F33CB5098D31,resolved,inactive,{},,,Registry-declared slot absent from every active DXBC binding for this shader.,SKIP_INACTIVE
ped_decal.sps > VolumeSampler,ped_decal.sps,ped_decal,2,VolumeSampler,0,False,Объёмная 3D-карта микродеталей кожи/ткани,SEM_92C18A19C0FDFDC4,resolved,active,"{""A"": ""В проверенном deferred-пути не используется."", ""RGB"": ""3D microdetail: компоненты дают мелкую вариацию нормали и/или diffuse.""}",,,"Это Texture3D с процедурными координатами из UV0, а не обычная 2D detail-карта.",VOLUME_RGB_READY_DDS
ped_decal.sps > BumpSampler,ped_decal.sps,ped_decal,2,BumpSampler,0,False,Inactive registry slot,SEM_FE08F33CB5098D31,resolved,inactive,{},,,Registry-declared slot absent from every active DXBC binding for this shader.,SKIP_INACTIVE
ped_decal.sps > SpecSampler,ped_decal.sps,ped_decal,2,SpecSampler,0,False,Inactive registry slot,SEM_FE08F33CB5098D31,resolved,inactive,{},,,Registry-declared slot absent from every active DXBC binding for this shader.,SKIP_INACTIVE
ped_decal_decoration.sps > DiffuseSampler,ped_decal_decoration.sps,ped_decal_decoration,2,DiffuseSampler,0,False,Альбедо / цвет поверхности,SEM_AAB9681C5ED121B4,resolved,active,"{""A"": ""Альфа поверхности; в palette-перестановках может быть дискретным индексом палитры."", ""RGB"": ""Цвет поверхности.""}",,,,DIFFUSE_RGBA_AUTO
ped_decal_decoration.sps > TextureSamplerDiffPal,ped_decal_decoration.sps,ped_decal_decoration,2,TextureSamplerDiffPal,,False,Inactive registry slot,SEM_FE08F33CB5098D31,resolved,inactive,{},,,Registry-declared slot absent from every active DXBC binding for this shader.,SKIP_INACTIVE
ped_decal_decoration.sps > VolumeSampler,ped_decal_decoration.sps,ped_decal_decoration,2,VolumeSampler,0,False,Объёмная 3D-карта микродеталей кожи/ткани,SEM_92C18A19C0FDFDC4,resolved,active,"{""A"": ""В проверенном deferred-пути не используется."", ""RGB"": ""3D microdetail: компоненты дают мелкую вариацию нормали и/или diffuse.""}",,,"Это Texture3D с процедурными координатами из UV0, а не обычная 2D detail-карта.",VOLUME_RGB_READY_DDS
ped_decal_decoration.sps > BumpSampler,ped_decal_decoration.sps,ped_decal_decoration,2,BumpSampler,0,False,Карта нормалей,SEM_70339F15FEA87B00,resolved,active,"{""A"": ""В основном ped-пути не читается."", ""B"": ""В основном ped-пути не читается."", ""RG"": ""XY-нормаль в tangent space: Nxy = (2·RG−1)·max(bumpiness, 0.001).""}",ped_normal,"Nxy = (2·RG−1)·max(bumpiness, 0.001)",,NORMAL_XY_AUTO
ped_decal_decoration.sps > SpecSampler,ped_decal_decoration.sps,ped_decal_decoration,2,SpecSampler,0,False,Карта бликов персонажа / управление кожей,SEM_66A9FBE02B7E8941,resolved,active,"{""A"": ""Вспомогательная ped skin/detail маска; не falloff и не переносима как generic spec A."", ""B"": ""Код класса кожи: пороги около 13/16…15/16 включают skin/subsurface ветви; не цвет блика."", ""G"": ""Falloff/exponent input; читается с квадратом."", ""R"": ""Интенсивность обычного блика; читается с квадратом.""}",ped_spec,I = R²·SpecInt; P = G²·SpecFalloff,В ped_alpha основной проверенный forward-путь использует R²/G²; B/A там не формируют обычный spec.,TODO_SPECIAL_SPEC_BA
ped_decal_expensive.sps > DiffuseSampler,ped_decal_expensive.sps,ped_decal_exp,2,DiffuseSampler,0,False,Альбедо / цвет поверхности,SEM_AAB9681C5ED121B4,resolved,active,"{""A"": ""Альфа поверхности; в palette-перестановках может быть дискретным индексом палитры."", ""RGB"": ""Цвет поверхности.""}",,,,DIFFUSE_RGBA_AUTO
ped_decal_expensive.sps > TextureSamplerDiffPal,ped_decal_expensive.sps,ped_decal_exp,2,TextureSamplerDiffPal,,False,Inactive registry slot,SEM_FE08F33CB5098D31,resolved,inactive,{},,,Registry-declared slot absent from every active DXBC binding for this shader.,SKIP_INACTIVE
ped_decal_expensive.sps > VolumeSampler,ped_decal_expensive.sps,ped_decal_exp,2,VolumeSampler,0,False,Объёмная 3D-карта микродеталей кожи/ткани,SEM_92C18A19C0FDFDC4,resolved,active,"{""A"": ""В проверенном deferred-пути не используется."", ""RGB"": ""3D microdetail: компоненты дают мелкую вариацию нормали и/или diffuse.""}",,,"Это Texture3D с процедурными координатами из UV0, а не обычная 2D detail-карта.",VOLUME_RGB_READY_DDS
ped_decal_expensive.sps > BumpSampler,ped_decal_expensive.sps,ped_decal_exp,2,BumpSampler,0,False,Карта нормалей,SEM_70339F15FEA87B00,resolved,active,"{""A"": ""В основном ped-пути не читается."", ""B"": ""В основном ped-пути не читается."", ""RG"": ""XY-нормаль в tangent space: Nxy = (2·RG−1)·max(bumpiness, 0.001).""}",ped_normal,"Nxy = (2·RG−1)·max(bumpiness, 0.001)",,NORMAL_XY_AUTO
ped_decal_expensive.sps > SpecSampler,ped_decal_expensive.sps,ped_decal_exp,2,SpecSampler,0,False,Карта бликов персонажа / управление кожей,SEM_66A9FBE02B7E8941,resolved,active,"{""A"": ""Вспомогательная ped skin/detail маска; не falloff и не переносима как generic spec A."", ""B"": ""Код класса кожи: пороги около 13/16…15/16 включают skin/subsurface ветви; не цвет блика."", ""G"": ""Falloff/exponent input; читается с квадратом."", ""R"": ""Интенсивность обычного блика; читается с квадратом.""}",ped_spec,I = R²·SpecInt; P = G²·SpecFalloff,В ped_alpha основной проверенный forward-путь использует R²/G²; B/A там не формируют обычный spec.,TODO_SPECIAL_SPEC_BA
ped_decal_nodiff.sps > DiffuseSampler,ped_decal_nodiff.sps,ped_decal_nodiff,2,DiffuseSampler,0,False,Альбедо / цвет поверхности,SEM_AAB9681C5ED121B4,resolved,active,"{""A"": ""Альфа поверхности; в palette-перестановках может быть дискретным индексом палитры."", ""RGB"": ""Цвет поверхности.""}",,,,DIFFUSE_RGBA_AUTO
ped_decal_nodiff.sps > TextureSamplerDiffPal,ped_decal_nodiff.sps,ped_decal_nodiff,2,TextureSamplerDiffPal,,False,Inactive registry slot,SEM_FE08F33CB5098D31,resolved,inactive,{},,,Registry-declared slot absent from every active DXBC binding for this shader.,SKIP_INACTIVE
ped_decal_nodiff.sps > VolumeSampler,ped_decal_nodiff.sps,ped_decal_nodiff,2,VolumeSampler,0,False,Объёмная 3D-карта микродеталей кожи/ткани,SEM_92C18A19C0FDFDC4,resolved,active,"{""A"": ""В проверенном deferred-пути не используется."", ""RGB"": ""3D microdetail: компоненты дают мелкую вариацию нормали и/или diffuse.""}",,,"Это Texture3D с процедурными координатами из UV0, а не обычная 2D detail-карта.",VOLUME_RGB_READY_DDS
ped_decal_nodiff.sps > BumpSampler,ped_decal_nodiff.sps,ped_decal_nodiff,2,BumpSampler,0,False,Карта нормалей,SEM_70339F15FEA87B00,resolved,active,"{""A"": ""В основном ped-пути не читается."", ""B"": ""В основном ped-пути не читается."", ""RG"": ""XY-нормаль в tangent space: Nxy = (2·RG−1)·max(bumpiness, 0.001).""}",ped_normal,"Nxy = (2·RG−1)·max(bumpiness, 0.001)",,NORMAL_XY_AUTO
ped_decal_nodiff.sps > SpecSampler,ped_decal_nodiff.sps,ped_decal_nodiff,2,SpecSampler,0,False,Карта бликов персонажа / управление кожей,SEM_66A9FBE02B7E8941,resolved,active,"{""A"": ""Вспомогательная ped skin/detail маска; не falloff и не переносима как generic spec A."", ""B"": ""Код класса кожи: пороги около 13/16…15/16 включают skin/subsurface ветви; не цвет блика."", ""G"": ""Falloff/exponent input; читается с квадратом."", ""R"": ""Интенсивность обычного блика; читается с квадратом.""}",ped_spec,I = R²·SpecInt; P = G²·SpecFalloff,В ped_alpha основной проверенный forward-путь использует R²/G²; B/A там не формируют обычный spec.,TODO_SPECIAL_SPEC_BA
ped_default.sps > DiffuseSampler,ped_default.sps,ped_default,0,DiffuseSampler,0,False,Альбедо / цвет поверхности,SEM_AAB9681C5ED121B4,resolved,active,"{""A"": ""Альфа поверхности; в palette-перестановках может быть дискретным индексом палитры."", ""RGB"": ""Цвет поверхности.""}",,,,DIFFUSE_RGBA_AUTO
ped_default.sps > TextureSamplerDiffPal,ped_default.sps,ped_default,0,TextureSamplerDiffPal,,False,Inactive registry slot,SEM_FE08F33CB5098D31,resolved,inactive,{},,,Registry-declared slot absent from every active DXBC binding for this shader.,SKIP_INACTIVE
ped_default.sps > VolumeSampler,ped_default.sps,ped_default,0,VolumeSampler,0,False,Объёмная 3D-карта микродеталей кожи/ткани,SEM_92C18A19C0FDFDC4,resolved,active,"{""A"": ""В проверенном deferred-пути не используется."", ""RGB"": ""3D microdetail: компоненты дают мелкую вариацию нормали и/или diffuse.""}",,,"Это Texture3D с процедурными координатами из UV0, а не обычная 2D detail-карта.",VOLUME_RGB_READY_DDS
ped_default.sps > BumpSampler,ped_default.sps,ped_default,0,BumpSampler,0,False,Inactive registry slot,SEM_FE08F33CB5098D31,resolved,inactive,{},,,Registry-declared slot absent from every active DXBC binding for this shader.,SKIP_INACTIVE
ped_default.sps > SpecSampler,ped_default.sps,ped_default,0,SpecSampler,0,False,Inactive registry slot,SEM_FE08F33CB5098D31,resolved,inactive,{},,,Registry-declared slot absent from every active DXBC binding for this shader.,SKIP_INACTIVE
ped_default_cloth.sps > DiffuseSampler,ped_default_cloth.sps,ped_default_cloth,0,DiffuseSampler,0,False,Альбедо / цвет поверхности,SEM_AAB9681C5ED121B4,resolved,active,"{""A"": ""Альфа поверхности; в palette-перестановках может быть дискретным индексом палитры."", ""RGB"": ""Цвет поверхности.""}",,,,DIFFUSE_RGBA_AUTO
ped_default_cloth.sps > TextureSamplerDiffPal,ped_default_cloth.sps,ped_default_cloth,0,TextureSamplerDiffPal,,False,Inactive registry slot,SEM_FE08F33CB5098D31,resolved,inactive,{},,,Registry-declared slot absent from every active DXBC binding for this shader.,SKIP_INACTIVE
ped_default_cloth.sps > VolumeSampler,ped_default_cloth.sps,ped_default_cloth,0,VolumeSampler,0,False,Объёмная 3D-карта микродеталей кожи/ткани,SEM_92C18A19C0FDFDC4,resolved,active,"{""A"": ""В проверенном deferred-пути не используется."", ""RGB"": ""3D microdetail: компоненты дают мелкую вариацию нормали и/или diffuse.""}",,,"Это Texture3D с процедурными координатами из UV0, а не обычная 2D detail-карта.",VOLUME_RGB_READY_DDS
ped_default_cloth.sps > BumpSampler,ped_default_cloth.sps,ped_default_cloth,0,BumpSampler,0,False,Inactive registry slot,SEM_FE08F33CB5098D31,resolved,inactive,{},,,Registry-declared slot absent from every active DXBC binding for this shader.,SKIP_INACTIVE
ped_default_cloth.sps > SpecSampler,ped_default_cloth.sps,ped_default_cloth,0,SpecSampler,0,False,Inactive registry slot,SEM_FE08F33CB5098D31,resolved,inactive,{},,,Registry-declared slot absent from every active DXBC binding for this shader.,SKIP_INACTIVE
ped_default_cutout.sps > DiffuseSampler,ped_default_cutout.sps,ped_default,3,DiffuseSampler,0,False,Альбедо / цвет поверхности,SEM_AAB9681C5ED121B4,resolved,active,"{""A"": ""Альфа поверхности; в palette-перестановках может быть дискретным индексом палитры."", ""RGB"": ""Цвет поверхности.""}",,,,DIFFUSE_RGBA_AUTO
ped_default_cutout.sps > TextureSamplerDiffPal,ped_default_cutout.sps,ped_default,3,TextureSamplerDiffPal,,False,Inactive registry slot,SEM_FE08F33CB5098D31,resolved,inactive,{},,,Registry-declared slot absent from every active DXBC binding for this shader.,SKIP_INACTIVE
ped_default_cutout.sps > VolumeSampler,ped_default_cutout.sps,ped_default,3,VolumeSampler,0,False,Объёмная 3D-карта микродеталей кожи/ткани,SEM_92C18A19C0FDFDC4,resolved,active,"{""A"": ""В проверенном deferred-пути не используется."", ""RGB"": ""3D microdetail: компоненты дают мелкую вариацию нормали и/или diffuse.""}",,,"Это Texture3D с процедурными координатами из UV0, а не обычная 2D detail-карта.",VOLUME_RGB_READY_DDS
ped_default_cutout.sps > BumpSampler,ped_default_cutout.sps,ped_default,3,BumpSampler,0,False,Inactive registry slot,SEM_FE08F33CB5098D31,resolved,inactive,{},,,Registry-declared slot absent from every active DXBC binding for this shader.,SKIP_INACTIVE
ped_default_cutout.sps > SpecSampler,ped_default_cutout.sps,ped_default,3,SpecSampler,0,False,Inactive registry slot,SEM_FE08F33CB5098D31,resolved,inactive,{},,,Registry-declared slot absent from every active DXBC binding for this shader.,SKIP_INACTIVE
ped_default_enveff.sps > DiffuseSampler,ped_default_enveff.sps,ped_default_enveff,0,DiffuseSampler,0,False,Альбедо / цвет поверхности,SEM_AAB9681C5ED121B4,resolved,active,"{""A"": ""Альфа поверхности; в palette-перестановках может быть дискретным индексом палитры."", ""RGB"": ""Цвет поверхности.""}",,,,DIFFUSE_RGBA_AUTO
ped_default_enveff.sps > TextureSamplerDiffPal,ped_default_enveff.sps,ped_default_enveff,0,TextureSamplerDiffPal,,False,Inactive registry slot,SEM_FE08F33CB5098D31,resolved,inactive,{},,,Registry-declared slot absent from every active DXBC binding for this shader.,SKIP_INACTIVE
ped_default_enveff.sps > VolumeSampler,ped_default_enveff.sps,ped_default_enveff,0,VolumeSampler,0,False,Объёмная 3D-карта микродеталей кожи/ткани,SEM_92C18A19C0FDFDC4,resolved,active,"{""A"": ""В проверенном deferred-пути не используется."", ""RGB"": ""3D microdetail: компоненты дают мелкую вариацию нормали и/или diffuse.""}",,,"Это Texture3D с процедурными координатами из UV0, а не обычная 2D detail-карта.",VOLUME_RGB_READY_DDS
ped_default_enveff.sps > BumpSampler,ped_default_enveff.sps,ped_default_enveff,0,BumpSampler,0,False,Inactive registry slot,SEM_FE08F33CB5098D31,resolved,inactive,{},,,Registry-declared slot absent from every active DXBC binding for this shader.,SKIP_INACTIVE
ped_default_enveff.sps > SpecSampler,ped_default_enveff.sps,ped_default_enveff,0,SpecSampler,0,False,Inactive registry slot,SEM_FE08F33CB5098D31,resolved,inactive,{},,,Registry-declared slot absent from every active DXBC binding for this shader.,SKIP_INACTIVE
ped_default_enveff.sps > SnowSampler,ped_default_enveff.sps,ped_default_enveff,0,SnowSampler,0,False,Слой окружения / снег,SEM_DED4846B449C5250,resolved,active,"{""A"": ""В проверенном deferred-пути не читается."", ""RGB"": ""Цвет env/snow overlay, смешиваемый с diffuse runtime-фактором.""}",,,,COLOR_RGB_BC1
ped_default_mp.sps > DiffuseSampler,ped_default_mp.sps,ped_default_mp,0,DiffuseSampler,0,False,Альбедо / цвет поверхности,SEM_AAB9681C5ED121B4,resolved,active,"{""A"": ""Альфа поверхности; в palette-перестановках может быть дискретным индексом палитры."", ""RGB"": ""Цвет поверхности.""}",,,,DIFFUSE_RGBA_AUTO
ped_default_mp.sps > TextureSamplerDiffPal,ped_default_mp.sps,ped_default_mp,0,TextureSamplerDiffPal,,False,Inactive registry slot,SEM_FE08F33CB5098D31,resolved,inactive,{},,,Registry-declared slot absent from every active DXBC binding for this shader.,SKIP_INACTIVE
ped_default_mp.sps > VolumeSampler,ped_default_mp.sps,ped_default_mp,0,VolumeSampler,0,False,Объёмная 3D-карта микродеталей кожи/ткани,SEM_92C18A19C0FDFDC4,resolved,active,"{""A"": ""В проверенном deferred-пути не используется."", ""RGB"": ""3D microdetail: компоненты дают мелкую вариацию нормали и/или diffuse.""}",,,"Это Texture3D с процедурными координатами из UV0, а не обычная 2D detail-карта.",VOLUME_RGB_READY_DDS
ped_default_mp.sps > BumpSampler,ped_default_mp.sps,ped_default_mp,0,BumpSampler,0,False,Inactive registry slot,SEM_FE08F33CB5098D31,resolved,inactive,{},,,Registry-declared slot absent from every active DXBC binding for this shader.,SKIP_INACTIVE
ped_default_mp.sps > SpecSampler,ped_default_mp.sps,ped_default_mp,0,SpecSampler,0,False,Inactive registry slot,SEM_FE08F33CB5098D31,resolved,inactive,{},,,Registry-declared slot absent from every active DXBC binding for this shader.,SKIP_INACTIVE
ped_default_palette.sps > DiffuseSampler,ped_default_palette.sps,ped_default_palette,0,DiffuseSampler,0,False,Альбедо / цвет поверхности,SEM_AAB9681C5ED121B4,resolved,active,"{""A"": ""Альфа поверхности; в palette-перестановках может быть дискретным индексом палитры."", ""RGB"": ""Цвет поверхности.""}",,,,DIFFUSE_RGBA_AUTO
ped_default_palette.sps > TextureSamplerDiffPal,ped_default_palette.sps,ped_default_palette,0,TextureSamplerDiffPal,,False,Палитра персонажа,SEM_36675D1FEDDE4AF6,resolved,active,"{""A"": ""Художественная семантика не подтверждена; lookup использует RGB."", ""RGB"": ""Цвет, которым палитра модулирует diffuse.""}",,,"Сэмплируется только palette/tint hair FXC; наличие слота в registry не означает, что базовый ped его читает.",PALETTE_RGBA8
ped_default_palette.sps > VolumeSampler,ped_default_palette.sps,ped_default_palette,0,VolumeSampler,0,False,Объёмная 3D-карта микродеталей кожи/ткани,SEM_92C18A19C0FDFDC4,resolved,active,"{""A"": ""В проверенном deferred-пути не используется."", ""RGB"": ""3D microdetail: компоненты дают мелкую вариацию нормали и/или diffuse.""}",,,"Это Texture3D с процедурными координатами из UV0, а не обычная 2D detail-карта.",VOLUME_RGB_READY_DDS
ped_default_palette.sps > BumpSampler,ped_default_palette.sps,ped_default_palette,0,BumpSampler,0,False,Inactive registry slot,SEM_FE08F33CB5098D31,resolved,inactive,{},,,Registry-declared slot absent from every active DXBC binding for this shader.,SKIP_INACTIVE
ped_default_palette.sps > SpecSampler,ped_default_palette.sps,ped_default_palette,0,SpecSampler,0,False,Inactive registry slot,SEM_FE08F33CB5098D31,resolved,inactive,{},,,Registry-declared slot absent from every active DXBC binding for this shader.,SKIP_INACTIVE
ped_emissive.sps > DiffuseSampler,ped_emissive.sps,ped_emissive,0,DiffuseSampler,0,False,Альбедо / цвет поверхности,SEM_AAB9681C5ED121B4,resolved,active,"{""A"": ""Альфа поверхности; в palette-перестановках может быть дискретным индексом палитры."", ""RGB"": ""Цвет поверхности.""}",,,,DIFFUSE_RGBA_AUTO
ped_emissive.sps > TextureSamplerDiffPal,ped_emissive.sps,ped_emissive,0,TextureSamplerDiffPal,,False,Inactive registry slot,SEM_FE08F33CB5098D31,resolved,inactive,{},,,Registry-declared slot absent from every active DXBC binding for this shader.,SKIP_INACTIVE
ped_emissive.sps > VolumeSampler,ped_emissive.sps,ped_emissive,0,VolumeSampler,0,False,Объёмная 3D-карта микродеталей кожи/ткани,SEM_92C18A19C0FDFDC4,resolved,active,"{""A"": ""В проверенном deferred-пути не используется."", ""RGB"": ""3D microdetail: компоненты дают мелкую вариацию нормали и/или diffuse.""}",,,"Это Texture3D с процедурными координатами из UV0, а не обычная 2D detail-карта.",VOLUME_RGB_READY_DDS
ped_emissive.sps > BumpSampler,ped_emissive.sps,ped_emissive,0,BumpSampler,0,False,Карта нормалей,SEM_70339F15FEA87B00,resolved,active,"{""A"": ""В основном ped-пути не читается."", ""B"": ""В основном ped-пути не читается."", ""RG"": ""XY-нормаль в tangent space: Nxy = (2·RG−1)·max(bumpiness, 0.001).""}",ped_normal,"Nxy = (2·RG−1)·max(bumpiness, 0.001)",,NORMAL_XY_AUTO
ped_emissive.sps > SpecSampler,ped_emissive.sps,ped_emissive,0,SpecSampler,0,False,Карта бликов персонажа / управление кожей,SEM_66A9FBE02B7E8941,resolved,active,"{""A"": ""Вспомогательная ped skin/detail маска; не falloff и не переносима как generic spec A."", ""B"": ""Код класса кожи: пороги около 13/16…15/16 включают skin/subsurface ветви; не цвет блика."", ""G"": ""Falloff/exponent input; читается с квадратом."", ""R"": ""Интенсивность обычного блика; читается с квадратом.""}",ped_spec,I = R²·SpecInt; P = G²·SpecFalloff,В ped_alpha основной проверенный forward-путь использует R²/G²; B/A там не формируют обычный spec.,TODO_SPECIAL_SPEC_BA
ped_enveff.sps > DiffuseSampler,ped_enveff.sps,ped_enveff,0,DiffuseSampler,0,False,Альбедо / цвет поверхности,SEM_AAB9681C5ED121B4,resolved,active,"{""A"": ""Альфа поверхности; в palette-перестановках может быть дискретным индексом палитры."", ""RGB"": ""Цвет поверхности.""}",,,,DIFFUSE_RGBA_AUTO
ped_enveff.sps > TextureSamplerDiffPal,ped_enveff.sps,ped_enveff,0,TextureSamplerDiffPal,,False,Inactive registry slot,SEM_FE08F33CB5098D31,resolved,inactive,{},,,Registry-declared slot absent from every active DXBC binding for this shader.,SKIP_INACTIVE
ped_enveff.sps > VolumeSampler,ped_enveff.sps,ped_enveff,0,VolumeSampler,0,False,Объёмная 3D-карта микродеталей кожи/ткани,SEM_92C18A19C0FDFDC4,resolved,active,"{""A"": ""В проверенном deferred-пути не используется."", ""RGB"": ""3D microdetail: компоненты дают мелкую вариацию нормали и/или diffuse.""}",,,"Это Texture3D с процедурными координатами из UV0, а не обычная 2D detail-карта.",VOLUME_RGB_READY_DDS
ped_enveff.sps > BumpSampler,ped_enveff.sps,ped_enveff,0,BumpSampler,0,False,Карта нормалей,SEM_70339F15FEA87B00,resolved,active,"{""A"": ""В основном ped-пути не читается."", ""B"": ""В основном ped-пути не читается."", ""RG"": ""XY-нормаль в tangent space: Nxy = (2·RG−1)·max(bumpiness, 0.001).""}",ped_normal,"Nxy = (2·RG−1)·max(bumpiness, 0.001)",,NORMAL_XY_AUTO
ped_enveff.sps > SpecSampler,ped_enveff.sps,ped_enveff,0,SpecSampler,0,False,Карта бликов персонажа / управление кожей,SEM_66A9FBE02B7E8941,resolved,active,"{""A"": ""Вспомогательная ped skin/detail маска; не falloff и не переносима как generic spec A."", ""B"": ""Код класса кожи: пороги около 13/16…15/16 включают skin/subsurface ветви; не цвет блика."", ""G"": ""Falloff/exponent input; читается с квадратом."", ""R"": ""Интенсивность обычного блика; читается с квадратом.""}",ped_spec,I = R²·SpecInt; P = G²·SpecFalloff,В ped_alpha основной проверенный forward-путь использует R²/G²; B/A там не формируют обычный spec.,TODO_SPECIAL_SPEC_BA
ped_enveff.sps > SnowSampler,ped_enveff.sps,ped_enveff,0,SnowSampler,0,False,Слой окружения / снег,SEM_DED4846B449C5250,resolved,active,"{""A"": ""В проверенном deferred-пути не читается."", ""RGB"": ""Цвет env/snow overlay, смешиваемый с diffuse runtime-фактором.""}",,,,COLOR_RGB_BC1
ped_fur.sps > DiffuseSampler,ped_fur.sps,ped_fur,3,DiffuseSampler,0,False,Альбедо / цвет поверхности,SEM_AAB9681C5ED121B4,resolved,active,"{""A"": ""Альфа поверхности; в palette-перестановках может быть дискретным индексом палитры."", ""RGB"": ""Цвет поверхности.""}",,,,DIFFUSE_RGBA_AUTO
ped_fur.sps > TextureSamplerDiffPal,ped_fur.sps,ped_fur,3,TextureSamplerDiffPal,,False,Inactive registry slot,SEM_FE08F33CB5098D31,resolved,inactive,{},,,Registry-declared slot absent from every active DXBC binding for this shader.,SKIP_INACTIVE
ped_fur.sps > NoiseSampler,ped_fur.sps,ped_fur,3,NoiseSampler,0,False,Шум слоёв меха,SEM_15866391C05656BC,resolved,active,"{""RGBA"": ""Shell breakup/depth noise; стабильное per-channel authoring правило не восстановлено.""}",,,,LINEAR_RGBA_BC3
ped_fur.sps > BumpSampler,ped_fur.sps,ped_fur,3,BumpSampler,0,False,Карта нормалей,SEM_70339F15FEA87B00,resolved,active,"{""A"": ""В основном ped-пути не читается."", ""B"": ""В основном ped-пути не читается."", ""RG"": ""XY-нормаль в tangent space: Nxy = (2·RG−1)·max(bumpiness, 0.001).""}",ped_normal,"Nxy = (2·RG−1)·max(bumpiness, 0.001)",,NORMAL_XY_AUTO
ped_fur.sps > SpecSampler,ped_fur.sps,ped_fur,3,SpecSampler,0,False,Карта бликов персонажа / управление кожей,SEM_66A9FBE02B7E8941,resolved,active,"{""A"": ""Вспомогательная ped skin/detail маска; не falloff и не переносима как generic spec A."", ""B"": ""Код класса кожи: пороги около 13/16…15/16 включают skin/subsurface ветви; не цвет блика."", ""G"": ""Falloff/exponent input; читается с квадратом."", ""R"": ""Интенсивность обычного блика; читается с квадратом.""}",ped_spec,I = R²·SpecInt; P = G²·SpecFalloff,В ped_alpha основной проверенный forward-путь использует R²/G²; B/A там не формируют обычный spec.,TODO_SPECIAL_SPEC_BA
ped_hair_cutout_alpha.sps > DiffuseSampler,ped_hair_cutout_alpha.sps,ped_hair_cutout_alpha,3,DiffuseSampler,0,False,Альбедо / цвет поверхности,SEM_AAB9681C5ED121B4,resolved,active,"{""A"": ""Альфа поверхности; в palette-перестановках может быть дискретным индексом палитры."", ""RGB"": ""Цвет поверхности.""}",,,,DIFFUSE_RGBA_AUTO
ped_hair_cutout_alpha.sps > TextureSamplerDiffPal,ped_hair_cutout_alpha.sps,ped_hair_cutout_alpha,3,TextureSamplerDiffPal,,False,Палитра персонажа,SEM_36675D1FEDDE4AF6,resolved,active,"{""A"": ""Художественная семантика не подтверждена; lookup использует RGB."", ""RGB"": ""Цвет, которым палитра модулирует diffuse.""}",,,"Сэмплируется только palette/tint hair FXC; наличие слота в registry не означает, что базовый ped его читает.",PALETTE_RGBA8
ped_hair_cutout_alpha.sps > AnisoNoiseSpecSampler,ped_hair_cutout_alpha.sps,ped_hair_cutout_alpha,3,AnisoNoiseSpecSampler,0,False,Анизотропный шум волос,SEM_3D5A21DE38BA51EB,resolved,active,"{""GBA"": ""Не читаются в inspected deferred hair path."", ""R"": ""Возмущает направление прядей и анизотропный блик.""}",,,,LINEAR_R_OR_RG_BC5
ped_hair_cutout_alpha.sps > BumpSampler,ped_hair_cutout_alpha.sps,ped_hair_cutout_alpha,3,BumpSampler,0,False,Карта нормалей,SEM_70339F15FEA87B00,resolved,active,"{""A"": ""В основном ped-пути не читается."", ""B"": ""В основном ped-пути не читается."", ""RG"": ""XY-нормаль в tangent space: Nxy = (2·RG−1)·max(bumpiness, 0.001).""}",ped_normal,"Nxy = (2·RG−1)·max(bumpiness, 0.001)",,NORMAL_XY_AUTO
ped_hair_cutout_alpha.sps > SpecSampler,ped_hair_cutout_alpha.sps,ped_hair_cutout_alpha,3,SpecSampler,0,False,Карта бликов персонажа / управление кожей,SEM_66A9FBE02B7E8941,resolved,active,"{""A"": ""Вспомогательная ped skin/detail маска; не falloff и не переносима как generic spec A."", ""B"": ""Код класса кожи: пороги около 13/16…15/16 включают skin/subsurface ветви; не цвет блика."", ""G"": ""Falloff/exponent input; читается с квадратом."", ""R"": ""Интенсивность обычного блика; читается с квадратом.""}",ped_spec,I = R²·SpecInt; P = G²·SpecFalloff,В ped_alpha основной проверенный forward-путь использует R²/G²; B/A там не формируют обычный spec.,TODO_SPECIAL_SPEC_BA
ped_hair_cutout_alpha_cloth.sps > DiffuseSampler,ped_hair_cutout_alpha_cloth.sps,ped_hair_cutout_alpha_cloth,3,DiffuseSampler,0,False,Альбедо / цвет поверхности,SEM_AAB9681C5ED121B4,resolved,active,"{""A"": ""Альфа поверхности; в palette-перестановках может быть дискретным индексом палитры."", ""RGB"": ""Цвет поверхности.""}",,,,DIFFUSE_RGBA_AUTO
ped_hair_cutout_alpha_cloth.sps > TextureSamplerDiffPal,ped_hair_cutout_alpha_cloth.sps,ped_hair_cutout_alpha_cloth,3,TextureSamplerDiffPal,,False,Inactive registry slot,SEM_FE08F33CB5098D31,resolved,inactive,{},,,Registry-declared slot absent from every active DXBC binding for this shader.,SKIP_INACTIVE
ped_hair_cutout_alpha_cloth.sps > AnisoNoiseSpecSampler,ped_hair_cutout_alpha_cloth.sps,ped_hair_cutout_alpha_cloth,3,AnisoNoiseSpecSampler,0,False,Анизотропный шум волос,SEM_3D5A21DE38BA51EB,resolved,active,"{""GBA"": ""Не читаются в inspected deferred hair path."", ""R"": ""Возмущает направление прядей и анизотропный блик.""}",,,,LINEAR_R_OR_RG_BC5
ped_hair_cutout_alpha_cloth.sps > BumpSampler,ped_hair_cutout_alpha_cloth.sps,ped_hair_cutout_alpha_cloth,3,BumpSampler,0,False,Карта нормалей,SEM_70339F15FEA87B00,resolved,active,"{""A"": ""В основном ped-пути не читается."", ""B"": ""В основном ped-пути не читается."", ""RG"": ""XY-нормаль в tangent space: Nxy = (2·RG−1)·max(bumpiness, 0.001).""}",ped_normal,"Nxy = (2·RG−1)·max(bumpiness, 0.001)",,NORMAL_XY_AUTO
ped_hair_cutout_alpha_cloth.sps > SpecSampler,ped_hair_cutout_alpha_cloth.sps,ped_hair_cutout_alpha_cloth,3,SpecSampler,0,False,Карта бликов персонажа / управление кожей,SEM_66A9FBE02B7E8941,resolved,active,"{""A"": ""Вспомогательная ped skin/detail маска; не falloff и не переносима как generic spec A."", ""B"": ""Код класса кожи: пороги около 13/16…15/16 включают skin/subsurface ветви; не цвет блика."", ""G"": ""Falloff/exponent input; читается с квадратом."", ""R"": ""Интенсивность обычного блика; читается с квадратом.""}",ped_spec,I = R²·SpecInt; P = G²·SpecFalloff,В ped_alpha основной проверенный forward-путь использует R²/G²; B/A там не формируют обычный spec.,TODO_SPECIAL_SPEC_BA
ped_hair_spiked.sps > DiffuseSampler,ped_hair_spiked.sps,ped_hair_spiked,3,DiffuseSampler,0,False,Альбедо / цвет поверхности,SEM_AAB9681C5ED121B4,resolved,active,"{""A"": ""Альфа поверхности; в palette-перестановках может быть дискретным индексом палитры."", ""RGB"": ""Цвет поверхности.""}",,,,DIFFUSE_RGBA_AUTO
ped_hair_spiked.sps > TextureSamplerDiffPal,ped_hair_spiked.sps,ped_hair_spiked,3,TextureSamplerDiffPal,,False,Палитра персонажа,SEM_36675D1FEDDE4AF6,resolved,active,"{""A"": ""Художественная семантика не подтверждена; lookup использует RGB."", ""RGB"": ""Цвет, которым палитра модулирует diffuse.""}",,,"Сэмплируется только palette/tint hair FXC; наличие слота в registry не означает, что базовый ped его читает.",PALETTE_RGBA8
ped_hair_spiked.sps > AnisoNoiseSpecSampler,ped_hair_spiked.sps,ped_hair_spiked,3,AnisoNoiseSpecSampler,0,False,Анизотропный шум волос,SEM_3D5A21DE38BA51EB,resolved,active,"{""GBA"": ""Не читаются в inspected deferred hair path."", ""R"": ""Возмущает направление прядей и анизотропный блик.""}",,,,LINEAR_R_OR_RG_BC5
ped_hair_spiked.sps > BumpSampler,ped_hair_spiked.sps,ped_hair_spiked,3,BumpSampler,0,False,Карта нормалей,SEM_70339F15FEA87B00,resolved,active,"{""A"": ""В основном ped-пути не читается."", ""B"": ""В основном ped-пути не читается."", ""RG"": ""XY-нормаль в tangent space: Nxy = (2·RG−1)·max(bumpiness, 0.001).""}",ped_normal,"Nxy = (2·RG−1)·max(bumpiness, 0.001)",,NORMAL_XY_AUTO
ped_hair_spiked.sps > SpecSampler,ped_hair_spiked.sps,ped_hair_spiked,3,SpecSampler,0,False,Карта бликов персонажа / управление кожей,SEM_66A9FBE02B7E8941,resolved,active,"{""A"": ""Вспомогательная ped skin/detail маска; не falloff и не переносима как generic spec A."", ""B"": ""Код класса кожи: пороги около 13/16…15/16 включают skin/subsurface ветви; не цвет блика."", ""G"": ""Falloff/exponent input; читается с квадратом."", ""R"": ""Интенсивность обычного блика; читается с квадратом.""}",ped_spec,I = R²·SpecInt; P = G²·SpecFalloff,В ped_alpha основной проверенный forward-путь использует R²/G²; B/A там не формируют обычный spec.,TODO_SPECIAL_SPEC_BA
ped_nopeddamagedecals.sps > DiffuseSampler,ped_nopeddamagedecals.sps,ped_nopeddamagedecals,0,DiffuseSampler,0,False,Альбедо / цвет поверхности,SEM_AAB9681C5ED121B4,resolved,active,"{""A"": ""Альфа поверхности; в palette-перестановках может быть дискретным индексом палитры."", ""RGB"": ""Цвет поверхности.""}",,,,DIFFUSE_RGBA_AUTO
ped_nopeddamagedecals.sps > TextureSamplerDiffPal,ped_nopeddamagedecals.sps,ped_nopeddamagedecals,0,TextureSamplerDiffPal,,False,Inactive registry slot,SEM_FE08F33CB5098D31,resolved,inactive,{},,,Registry-declared slot absent from every active DXBC binding for this shader.,SKIP_INACTIVE
ped_nopeddamagedecals.sps > VolumeSampler,ped_nopeddamagedecals.sps,ped_nopeddamagedecals,0,VolumeSampler,0,False,Объёмная 3D-карта микродеталей кожи/ткани,SEM_92C18A19C0FDFDC4,resolved,active,"{""A"": ""В проверенном deferred-пути не используется."", ""RGB"": ""3D microdetail: компоненты дают мелкую вариацию нормали и/или diffuse.""}",,,"Это Texture3D с процедурными координатами из UV0, а не обычная 2D detail-карта.",VOLUME_RGB_READY_DDS
ped_nopeddamagedecals.sps > BumpSampler,ped_nopeddamagedecals.sps,ped_nopeddamagedecals,0,BumpSampler,0,False,Карта нормалей,SEM_70339F15FEA87B00,resolved,active,"{""A"": ""В основном ped-пути не читается."", ""B"": ""В основном ped-пути не читается."", ""RG"": ""XY-нормаль в tangent space: Nxy = (2·RG−1)·max(bumpiness, 0.001).""}",ped_normal,"Nxy = (2·RG−1)·max(bumpiness, 0.001)",,NORMAL_XY_AUTO
ped_nopeddamagedecals.sps > SpecSampler,ped_nopeddamagedecals.sps,ped_nopeddamagedecals,0,SpecSampler,0,False,Карта бликов персонажа / управление кожей,SEM_66A9FBE02B7E8941,resolved,active,"{""A"": ""Вспомогательная ped skin/detail маска; не falloff и не переносима как generic spec A."", ""B"": ""Код класса кожи: пороги около 13/16…15/16 включают skin/subsurface ветви; не цвет блика."", ""G"": ""Falloff/exponent input; читается с квадратом."", ""R"": ""Интенсивность обычного блика; читается с квадратом.""}",ped_spec,I = R²·SpecInt; P = G²·SpecFalloff,В ped_alpha основной проверенный forward-путь использует R²/G²; B/A там не формируют обычный spec.,TODO_SPECIAL_SPEC_BA
ped_palette.sps > DiffuseSampler,ped_palette.sps,ped_palette,0,DiffuseSampler,0,False,Альбедо / цвет поверхности,SEM_AAB9681C5ED121B4,resolved,active,"{""A"": ""Альфа поверхности; в palette-перестановках может быть дискретным индексом палитры."", ""RGB"": ""Цвет поверхности.""}",,,,DIFFUSE_RGBA_AUTO
ped_palette.sps > TextureSamplerDiffPal,ped_palette.sps,ped_palette,0,TextureSamplerDiffPal,,False,Палитра персонажа,SEM_36675D1FEDDE4AF6,resolved,active,"{""A"": ""Художественная семантика не подтверждена; lookup использует RGB."", ""RGB"": ""Цвет, которым палитра модулирует diffuse.""}",,,"Сэмплируется только palette/tint hair FXC; наличие слота в registry не означает, что базовый ped его читает.",PALETTE_RGBA8
ped_palette.sps > VolumeSampler,ped_palette.sps,ped_palette,0,VolumeSampler,0,False,Объёмная 3D-карта микродеталей кожи/ткани,SEM_92C18A19C0FDFDC4,resolved,active,"{""A"": ""В проверенном deferred-пути не используется."", ""RGB"": ""3D microdetail: компоненты дают мелкую вариацию нормали и/или diffuse.""}",,,"Это Texture3D с процедурными координатами из UV0, а не обычная 2D detail-карта.",VOLUME_RGB_READY_DDS
ped_palette.sps > BumpSampler,ped_palette.sps,ped_palette,0,BumpSampler,0,False,Карта нормалей,SEM_70339F15FEA87B00,resolved,active,"{""A"": ""В основном ped-пути не читается."", ""B"": ""В основном ped-пути не читается."", ""RG"": ""XY-нормаль в tangent space: Nxy = (2·RG−1)·max(bumpiness, 0.001).""}",ped_normal,"Nxy = (2·RG−1)·max(bumpiness, 0.001)",,NORMAL_XY_AUTO
ped_palette.sps > SpecSampler,ped_palette.sps,ped_palette,0,SpecSampler,0,False,Карта бликов персонажа / управление кожей,SEM_66A9FBE02B7E8941,resolved,active,"{""A"": ""Вспомогательная ped skin/detail маска; не falloff и не переносима как generic spec A."", ""B"": ""Код класса кожи: пороги около 13/16…15/16 включают skin/subsurface ветви; не цвет блика."", ""G"": ""Falloff/exponent input; читается с квадратом."", ""R"": ""Интенсивность обычного блика; читается с квадратом.""}",ped_spec,I = R²·SpecInt; P = G²·SpecFalloff,В ped_alpha основной проверенный forward-путь использует R²/G²; B/A там не формируют обычный spec.,TODO_SPECIAL_SPEC_BA
ped_wrinkle.sps > DiffuseSampler,ped_wrinkle.sps,ped_wrinkle,0,DiffuseSampler,0,False,Альбедо / цвет поверхности,SEM_AAB9681C5ED121B4,resolved,active,"{""A"": ""Альфа поверхности; в palette-перестановках может быть дискретным индексом палитры."", ""RGB"": ""Цвет поверхности.""}",,,,DIFFUSE_RGBA_AUTO
ped_wrinkle.sps > TextureSamplerDiffPal,ped_wrinkle.sps,ped_wrinkle,0,TextureSamplerDiffPal,,False,Inactive registry slot,SEM_FE08F33CB5098D31,resolved,inactive,{},,,Registry-declared slot absent from every active DXBC binding for this shader.,SKIP_INACTIVE
ped_wrinkle.sps > VolumeSampler,ped_wrinkle.sps,ped_wrinkle,0,VolumeSampler,0,False,Объёмная 3D-карта микродеталей кожи/ткани,SEM_92C18A19C0FDFDC4,resolved,active,"{""A"": ""В проверенном deferred-пути не используется."", ""RGB"": ""3D microdetail: компоненты дают мелкую вариацию нормали и/или diffuse.""}",,,"Это Texture3D с процедурными координатами из UV0, а не обычная 2D detail-карта.",VOLUME_RGB_READY_DDS
ped_wrinkle.sps > BumpSampler,ped_wrinkle.sps,ped_wrinkle,0,BumpSampler,0,False,Карта нормалей,SEM_70339F15FEA87B00,resolved,active,"{""A"": ""В основном ped-пути не читается."", ""B"": ""В основном ped-пути не читается."", ""RG"": ""XY-нормаль в tangent space: Nxy = (2·RG−1)·max(bumpiness, 0.001).""}",ped_normal,"Nxy = (2·RG−1)·max(bumpiness, 0.001)",,NORMAL_XY_AUTO
ped_wrinkle.sps > SpecSampler,ped_wrinkle.sps,ped_wrinkle,0,SpecSampler,0,False,Карта бликов персонажа / управление кожей,SEM_66A9FBE02B7E8941,resolved,active,"{""A"": ""Вспомогательная ped skin/detail маска; не falloff и не переносима как generic spec A."", ""B"": ""Код класса кожи: пороги около 13/16…15/16 включают skin/subsurface ветви; не цвет блика."", ""G"": ""Falloff/exponent input; читается с квадратом."", ""R"": ""Интенсивность обычного блика; читается с квадратом.""}",ped_spec,I = R²·SpecInt; P = G²·SpecFalloff,В ped_alpha основной проверенный forward-путь использует R²/G²; B/A там не формируют обычный spec.,TODO_SPECIAL_SPEC_BA
ped_wrinkle.sps > WrinkleMaskSampler_0,ped_wrinkle.sps,ped_wrinkle,0,WrinkleMaskSampler_0,0,False,Маска активации морщин 0,SEM_944818A3998F8980,resolved,active,"{""RGBA"": ""Четыре независимые маски, dot с runtime wrinkleMaskStrengths.""}",,,,LINEAR_RGBA_BC3
ped_wrinkle.sps > WrinkleMaskSampler_1,ped_wrinkle.sps,ped_wrinkle,0,WrinkleMaskSampler_1,0,False,Маска активации морщин 1,SEM_944818A3998F8980,resolved,active,"{""RGBA"": ""Четыре независимые маски, dot с runtime wrinkleMaskStrengths.""}",,,,LINEAR_RGBA_BC3
ped_wrinkle.sps > WrinkleMaskSampler_2,ped_wrinkle.sps,ped_wrinkle,0,WrinkleMaskSampler_2,0,False,Маска активации морщин 2,SEM_944818A3998F8980,resolved,active,"{""RGBA"": ""Четыре независимые маски, dot с runtime wrinkleMaskStrengths.""}",,,,LINEAR_RGBA_BC3
ped_wrinkle.sps > WrinkleMaskSampler_3,ped_wrinkle.sps,ped_wrinkle,0,WrinkleMaskSampler_3,0,False,Маска активации морщин 3,SEM_944818A3998F8980,resolved,active,"{""RGBA"": ""Четыре независимые маски, dot с runtime wrinkleMaskStrengths.""}",,,,LINEAR_RGBA_BC3
ped_wrinkle.sps > WrinkleSampler_A,ped_wrinkle.sps,ped_wrinkle,0,WrinkleSampler_A,0,False,Карта нормалей морщин A,SEM_B0126759817F411E,resolved,active,"{""BA"": ""Не читаются в проверенном blend."", ""RG"": ""Целевая XY-нормаль A.""}",,,,NORMAL_XY_AUTO
ped_wrinkle.sps > WrinkleSampler_B,ped_wrinkle.sps,ped_wrinkle,0,WrinkleSampler_B,0,False,Карта нормалей морщин B,SEM_E4616B66336F2A33,resolved,active,"{""BA"": ""Не читаются в проверенном blend."", ""RG"": ""Целевая XY-нормаль B.""}",,,,NORMAL_XY_AUTO
ped_wrinkle_cloth.sps > DiffuseSampler,ped_wrinkle_cloth.sps,ped_wrinkle_cloth,0,DiffuseSampler,0,False,Альбедо / цвет поверхности,SEM_AAB9681C5ED121B4,resolved,active,"{""A"": ""Альфа поверхности; в palette-перестановках может быть дискретным индексом палитры."", ""RGB"": ""Цвет поверхности.""}",,,,DIFFUSE_RGBA_AUTO
ped_wrinkle_cloth.sps > TextureSamplerDiffPal,ped_wrinkle_cloth.sps,ped_wrinkle_cloth,0,TextureSamplerDiffPal,,False,Inactive registry slot,SEM_FE08F33CB5098D31,resolved,inactive,{},,,Registry-declared slot absent from every active DXBC binding for this shader.,SKIP_INACTIVE
ped_wrinkle_cloth.sps > VolumeSampler,ped_wrinkle_cloth.sps,ped_wrinkle_cloth,0,VolumeSampler,0,False,Объёмная 3D-карта микродеталей кожи/ткани,SEM_92C18A19C0FDFDC4,resolved,active,"{""A"": ""В проверенном deferred-пути не используется."", ""RGB"": ""3D microdetail: компоненты дают мелкую вариацию нормали и/или diffuse.""}",,,"Это Texture3D с процедурными координатами из UV0, а не обычная 2D detail-карта.",VOLUME_RGB_READY_DDS
ped_wrinkle_cloth.sps > BumpSampler,ped_wrinkle_cloth.sps,ped_wrinkle_cloth,0,BumpSampler,0,False,Карта нормалей,SEM_70339F15FEA87B00,resolved,active,"{""A"": ""В основном ped-пути не читается."", ""B"": ""В основном ped-пути не читается."", ""RG"": ""XY-нормаль в tangent space: Nxy = (2·RG−1)·max(bumpiness, 0.001).""}",ped_normal,"Nxy = (2·RG−1)·max(bumpiness, 0.001)",,NORMAL_XY_AUTO
ped_wrinkle_cloth.sps > SpecSampler,ped_wrinkle_cloth.sps,ped_wrinkle_cloth,0,SpecSampler,0,False,Карта бликов персонажа / управление кожей,SEM_66A9FBE02B7E8941,resolved,active,"{""A"": ""Вспомогательная ped skin/detail маска; не falloff и не переносима как generic spec A."", ""B"": ""Код класса кожи: пороги около 13/16…15/16 включают skin/subsurface ветви; не цвет блика."", ""G"": ""Falloff/exponent input; читается с квадратом."", ""R"": ""Интенсивность обычного блика; читается с квадратом.""}",ped_spec,I = R²·SpecInt; P = G²·SpecFalloff,В ped_alpha основной проверенный forward-путь использует R²/G²; B/A там не формируют обычный spec.,TODO_SPECIAL_SPEC_BA
ped_wrinkle_cloth.sps > WrinkleMaskSampler_0,ped_wrinkle_cloth.sps,ped_wrinkle_cloth,0,WrinkleMaskSampler_0,0,False,Маска активации морщин 0,SEM_944818A3998F8980,resolved,active,"{""RGBA"": ""Четыре независимые маски, dot с runtime wrinkleMaskStrengths.""}",,,,LINEAR_RGBA_BC3
ped_wrinkle_cloth.sps > WrinkleMaskSampler_1,ped_wrinkle_cloth.sps,ped_wrinkle_cloth,0,WrinkleMaskSampler_1,0,False,Маска активации морщин 1,SEM_944818A3998F8980,resolved,active,"{""RGBA"": ""Четыре независимые маски, dot с runtime wrinkleMaskStrengths.""}",,,,LINEAR_RGBA_BC3
ped_wrinkle_cloth.sps > WrinkleMaskSampler_2,ped_wrinkle_cloth.sps,ped_wrinkle_cloth,0,WrinkleMaskSampler_2,0,False,Маска активации морщин 2,SEM_944818A3998F8980,resolved,active,"{""RGBA"": ""Четыре независимые маски, dot с runtime wrinkleMaskStrengths.""}",,,,LINEAR_RGBA_BC3
ped_wrinkle_cloth.sps > WrinkleMaskSampler_3,ped_wrinkle_cloth.sps,ped_wrinkle_cloth,0,WrinkleMaskSampler_3,0,False,Маска активации морщин 3,SEM_944818A3998F8980,resolved,active,"{""RGBA"": ""Четыре независимые маски, dot с runtime wrinkleMaskStrengths.""}",,,,LINEAR_RGBA_BC3
ped_wrinkle_cloth.sps > WrinkleSampler_A,ped_wrinkle_cloth.sps,ped_wrinkle_cloth,0,WrinkleSampler_A,0,False,Карта нормалей морщин A,SEM_B0126759817F411E,resolved,active,"{""BA"": ""Не читаются в проверенном blend."", ""RG"": ""Целевая XY-нормаль A.""}",,,,NORMAL_XY_AUTO
ped_wrinkle_cloth.sps > WrinkleSampler_B,ped_wrinkle_cloth.sps,ped_wrinkle_cloth,0,WrinkleSampler_B,0,False,Карта нормалей морщин B,SEM_E4616B66336F2A33,resolved,active,"{""BA"": ""Не читаются в проверенном blend."", ""RG"": ""Целевая XY-нормаль B.""}",,,,NORMAL_XY_AUTO
ped_wrinkle_cloth_enveff.sps > DiffuseSampler,ped_wrinkle_cloth_enveff.sps,ped_wrinkle_cloth_enveff,0,DiffuseSampler,0,False,Альбедо / цвет поверхности,SEM_AAB9681C5ED121B4,resolved,active,"{""A"": ""Альфа поверхности; в palette-перестановках может быть дискретным индексом палитры."", ""RGB"": ""Цвет поверхности.""}",,,,DIFFUSE_RGBA_AUTO
ped_wrinkle_cloth_enveff.sps > TextureSamplerDiffPal,ped_wrinkle_cloth_enveff.sps,ped_wrinkle_cloth_enveff,0,TextureSamplerDiffPal,,False,Inactive registry slot,SEM_FE08F33CB5098D31,resolved,inactive,{},,,Registry-declared slot absent from every active DXBC binding for this shader.,SKIP_INACTIVE
ped_wrinkle_cloth_enveff.sps > VolumeSampler,ped_wrinkle_cloth_enveff.sps,ped_wrinkle_cloth_enveff,0,VolumeSampler,0,False,Объёмная 3D-карта микродеталей кожи/ткани,SEM_92C18A19C0FDFDC4,resolved,active,"{""A"": ""В проверенном deferred-пути не используется."", ""RGB"": ""3D microdetail: компоненты дают мелкую вариацию нормали и/или diffuse.""}",,,"Это Texture3D с процедурными координатами из UV0, а не обычная 2D detail-карта.",VOLUME_RGB_READY_DDS
ped_wrinkle_cloth_enveff.sps > BumpSampler,ped_wrinkle_cloth_enveff.sps,ped_wrinkle_cloth_enveff,0,BumpSampler,0,False,Карта нормалей,SEM_70339F15FEA87B00,resolved,active,"{""A"": ""В основном ped-пути не читается."", ""B"": ""В основном ped-пути не читается."", ""RG"": ""XY-нормаль в tangent space: Nxy = (2·RG−1)·max(bumpiness, 0.001).""}",ped_normal,"Nxy = (2·RG−1)·max(bumpiness, 0.001)",,NORMAL_XY_AUTO
ped_wrinkle_cloth_enveff.sps > SpecSampler,ped_wrinkle_cloth_enveff.sps,ped_wrinkle_cloth_enveff,0,SpecSampler,0,False,Карта бликов персонажа / управление кожей,SEM_66A9FBE02B7E8941,resolved,active,"{""A"": ""Вспомогательная ped skin/detail маска; не falloff и не переносима как generic spec A."", ""B"": ""Код класса кожи: пороги около 13/16…15/16 включают skin/subsurface ветви; не цвет блика."", ""G"": ""Falloff/exponent input; читается с квадратом."", ""R"": ""Интенсивность обычного блика; читается с квадратом.""}",ped_spec,I = R²·SpecInt; P = G²·SpecFalloff,В ped_alpha основной проверенный forward-путь использует R²/G²; B/A там не формируют обычный spec.,TODO_SPECIAL_SPEC_BA
ped_wrinkle_cloth_enveff.sps > SnowSampler,ped_wrinkle_cloth_enveff.sps,ped_wrinkle_cloth_enveff,0,SnowSampler,0,False,Слой окружения / снег,SEM_DED4846B449C5250,resolved,active,"{""A"": ""В проверенном deferred-пути не читается."", ""RGB"": ""Цвет env/snow overlay, смешиваемый с diffuse runtime-фактором.""}",,,,COLOR_RGB_BC1
ped_wrinkle_cloth_enveff.sps > WrinkleMaskSampler_0,ped_wrinkle_cloth_enveff.sps,ped_wrinkle_cloth_enveff,0,WrinkleMaskSampler_0,0,False,Маска активации морщин 0,SEM_944818A3998F8980,resolved,active,"{""RGBA"": ""Четыре независимые маски, dot с runtime wrinkleMaskStrengths.""}",,,,LINEAR_RGBA_BC3
ped_wrinkle_cloth_enveff.sps > WrinkleMaskSampler_1,ped_wrinkle_cloth_enveff.sps,ped_wrinkle_cloth_enveff,0,WrinkleMaskSampler_1,0,False,Маска активации морщин 1,SEM_944818A3998F8980,resolved,active,"{""RGBA"": ""Четыре независимые маски, dot с runtime wrinkleMaskStrengths.""}",,,,LINEAR_RGBA_BC3
ped_wrinkle_cloth_enveff.sps > WrinkleMaskSampler_2,ped_wrinkle_cloth_enveff.sps,ped_wrinkle_cloth_enveff,0,WrinkleMaskSampler_2,0,False,Маска активации морщин 2,SEM_944818A3998F8980,resolved,active,"{""RGBA"": ""Четыре независимые маски, dot с runtime wrinkleMaskStrengths.""}",,,,LINEAR_RGBA_BC3
ped_wrinkle_cloth_enveff.sps > WrinkleMaskSampler_3,ped_wrinkle_cloth_enveff.sps,ped_wrinkle_cloth_enveff,0,WrinkleMaskSampler_3,0,False,Маска активации морщин 3,SEM_944818A3998F8980,resolved,active,"{""RGBA"": ""Четыре независимые маски, dot с runtime wrinkleMaskStrengths.""}",,,,LINEAR_RGBA_BC3
ped_wrinkle_cloth_enveff.sps > WrinkleSampler_A,ped_wrinkle_cloth_enveff.sps,ped_wrinkle_cloth_enveff,0,WrinkleSampler_A,0,False,Карта нормалей морщин A,SEM_B0126759817F411E,resolved,active,"{""BA"": ""Не читаются в проверенном blend."", ""RG"": ""Целевая XY-нормаль A.""}",,,,NORMAL_XY_AUTO
ped_wrinkle_cloth_enveff.sps > WrinkleSampler_B,ped_wrinkle_cloth_enveff.sps,ped_wrinkle_cloth_enveff,0,WrinkleSampler_B,0,False,Карта нормалей морщин B,SEM_E4616B66336F2A33,resolved,active,"{""BA"": ""Не читаются в проверенном blend."", ""RG"": ""Целевая XY-нормаль B.""}",,,,NORMAL_XY_AUTO
ped_wrinkle_cs.sps > DiffuseSampler,ped_wrinkle_cs.sps,ped_wrinkle_cs,0,DiffuseSampler,0,False,Альбедо / цвет поверхности,SEM_AAB9681C5ED121B4,resolved,active,"{""A"": ""Альфа поверхности; в palette-перестановках может быть дискретным индексом палитры."", ""RGB"": ""Цвет поверхности.""}",,,,DIFFUSE_RGBA_AUTO
ped_wrinkle_cs.sps > TextureSamplerDiffPal,ped_wrinkle_cs.sps,ped_wrinkle_cs,0,TextureSamplerDiffPal,,False,Inactive registry slot,SEM_FE08F33CB5098D31,resolved,inactive,{},,,Registry-declared slot absent from every active DXBC binding for this shader.,SKIP_INACTIVE
ped_wrinkle_cs.sps > VolumeSampler,ped_wrinkle_cs.sps,ped_wrinkle_cs,0,VolumeSampler,0,False,Объёмная 3D-карта микродеталей кожи/ткани,SEM_92C18A19C0FDFDC4,resolved,active,"{""A"": ""В проверенном deferred-пути не используется."", ""RGB"": ""3D microdetail: компоненты дают мелкую вариацию нормали и/или diffuse.""}",,,"Это Texture3D с процедурными координатами из UV0, а не обычная 2D detail-карта.",VOLUME_RGB_READY_DDS
ped_wrinkle_cs.sps > BumpSampler,ped_wrinkle_cs.sps,ped_wrinkle_cs,0,BumpSampler,0,False,Карта нормалей,SEM_70339F15FEA87B00,resolved,active,"{""A"": ""В основном ped-пути не читается."", ""B"": ""В основном ped-пути не читается."", ""RG"": ""XY-нормаль в tangent space: Nxy = (2·RG−1)·max(bumpiness, 0.001).""}",ped_normal,"Nxy = (2·RG−1)·max(bumpiness, 0.001)",,NORMAL_XY_AUTO
ped_wrinkle_cs.sps > SpecSampler,ped_wrinkle_cs.sps,ped_wrinkle_cs,0,SpecSampler,0,False,Карта бликов персонажа / управление кожей,SEM_66A9FBE02B7E8941,resolved,active,"{""A"": ""Вспомогательная ped skin/detail маска; не falloff и не переносима как generic spec A."", ""B"": ""Код класса кожи: пороги около 13/16…15/16 включают skin/subsurface ветви; не цвет блика."", ""G"": ""Falloff/exponent input; читается с квадратом."", ""R"": ""Интенсивность обычного блика; читается с квадратом.""}",ped_spec,I = R²·SpecInt; P = G²·SpecFalloff,В ped_alpha основной проверенный forward-путь использует R²/G²; B/A там не формируют обычный spec.,TODO_SPECIAL_SPEC_BA
ped_wrinkle_cs.sps > WrinkleMaskSampler_0,ped_wrinkle_cs.sps,ped_wrinkle_cs,0,WrinkleMaskSampler_0,0,False,Маска активации морщин 0,SEM_944818A3998F8980,resolved,active,"{""RGBA"": ""Четыре независимые маски, dot с runtime wrinkleMaskStrengths.""}",,,,LINEAR_RGBA_BC3
ped_wrinkle_cs.sps > WrinkleMaskSampler_1,ped_wrinkle_cs.sps,ped_wrinkle_cs,0,WrinkleMaskSampler_1,0,False,Маска активации морщин 1,SEM_944818A3998F8980,resolved,active,"{""RGBA"": ""Четыре независимые маски, dot с runtime wrinkleMaskStrengths.""}",,,,LINEAR_RGBA_BC3
ped_wrinkle_cs.sps > WrinkleMaskSampler_2,ped_wrinkle_cs.sps,ped_wrinkle_cs,0,WrinkleMaskSampler_2,0,False,Маска активации морщин 2,SEM_944818A3998F8980,resolved,active,"{""RGBA"": ""Четыре независимые маски, dot с runtime wrinkleMaskStrengths.""}",,,,LINEAR_RGBA_BC3
ped_wrinkle_cs.sps > WrinkleMaskSampler_3,ped_wrinkle_cs.sps,ped_wrinkle_cs,0,WrinkleMaskSampler_3,0,False,Маска активации морщин 3,SEM_944818A3998F8980,resolved,active,"{""RGBA"": ""Четыре независимые маски, dot с runtime wrinkleMaskStrengths.""}",,,,LINEAR_RGBA_BC3
ped_wrinkle_cs.sps > WrinkleMaskSampler_4,ped_wrinkle_cs.sps,ped_wrinkle_cs,0,WrinkleMaskSampler_4,0,False,Маска активации морщин 4,SEM_944818A3998F8980,resolved,active,"{""RGBA"": ""Четыре независимые маски, dot с runtime wrinkleMaskStrengths.""}",,,,LINEAR_RGBA_BC3
ped_wrinkle_cs.sps > WrinkleMaskSampler_5,ped_wrinkle_cs.sps,ped_wrinkle_cs,0,WrinkleMaskSampler_5,0,False,Маска активации морщин 5,SEM_944818A3998F8980,resolved,active,"{""RGBA"": ""Четыре независимые маски, dot с runtime wrinkleMaskStrengths.""}",,,,LINEAR_RGBA_BC3
ped_wrinkle_cs.sps > WrinkleSampler_A,ped_wrinkle_cs.sps,ped_wrinkle_cs,0,WrinkleSampler_A,0,False,Карта нормалей морщин A,SEM_B0126759817F411E,resolved,active,"{""BA"": ""Не читаются в проверенном blend."", ""RG"": ""Целевая XY-нормаль A.""}",,,,NORMAL_XY_AUTO
ped_wrinkle_cs.sps > WrinkleSampler_B,ped_wrinkle_cs.sps,ped_wrinkle_cs,0,WrinkleSampler_B,0,False,Карта нормалей морщин B,SEM_E4616B66336F2A33,resolved,active,"{""BA"": ""Не читаются в проверенном blend."", ""RG"": ""Целевая XY-нормаль B.""}",,,,NORMAL_XY_AUTO
ped_wrinkle_enveff.sps > DiffuseSampler,ped_wrinkle_enveff.sps,ped_wrinkle_enveff,0,DiffuseSampler,0,False,Альбедо / цвет поверхности,SEM_AAB9681C5ED121B4,resolved,active,"{""A"": ""Альфа поверхности; в palette-перестановках может быть дискретным индексом палитры."", ""RGB"": ""Цвет поверхности.""}",,,,DIFFUSE_RGBA_AUTO
ped_wrinkle_enveff.sps > TextureSamplerDiffPal,ped_wrinkle_enveff.sps,ped_wrinkle_enveff,0,TextureSamplerDiffPal,,False,Inactive registry slot,SEM_FE08F33CB5098D31,resolved,inactive,{},,,Registry-declared slot absent from every active DXBC binding for this shader.,SKIP_INACTIVE
ped_wrinkle_enveff.sps > VolumeSampler,ped_wrinkle_enveff.sps,ped_wrinkle_enveff,0,VolumeSampler,0,False,Объёмная 3D-карта микродеталей кожи/ткани,SEM_92C18A19C0FDFDC4,resolved,active,"{""A"": ""В проверенном deferred-пути не используется."", ""RGB"": ""3D microdetail: компоненты дают мелкую вариацию нормали и/или diffuse.""}",,,"Это Texture3D с процедурными координатами из UV0, а не обычная 2D detail-карта.",VOLUME_RGB_READY_DDS
ped_wrinkle_enveff.sps > BumpSampler,ped_wrinkle_enveff.sps,ped_wrinkle_enveff,0,BumpSampler,0,False,Карта нормалей,SEM_70339F15FEA87B00,resolved,active,"{""A"": ""В основном ped-пути не читается."", ""B"": ""В основном ped-пути не читается."", ""RG"": ""XY-нормаль в tangent space: Nxy = (2·RG−1)·max(bumpiness, 0.001).""}",ped_normal,"Nxy = (2·RG−1)·max(bumpiness, 0.001)",,NORMAL_XY_AUTO
ped_wrinkle_enveff.sps > SpecSampler,ped_wrinkle_enveff.sps,ped_wrinkle_enveff,0,SpecSampler,0,False,Карта бликов персонажа / управление кожей,SEM_66A9FBE02B7E8941,resolved,active,"{""A"": ""Вспомогательная ped skin/detail маска; не falloff и не переносима как generic spec A."", ""B"": ""Код класса кожи: пороги около 13/16…15/16 включают skin/subsurface ветви; не цвет блика."", ""G"": ""Falloff/exponent input; читается с квадратом."", ""R"": ""Интенсивность обычного блика; читается с квадратом.""}",ped_spec,I = R²·SpecInt; P = G²·SpecFalloff,В ped_alpha основной проверенный forward-путь использует R²/G²; B/A там не формируют обычный spec.,TODO_SPECIAL_SPEC_BA
ped_wrinkle_enveff.sps > SnowSampler,ped_wrinkle_enveff.sps,ped_wrinkle_enveff,0,SnowSampler,0,False,Слой окружения / снег,SEM_DED4846B449C5250,resolved,active,"{""A"": ""В проверенном deferred-пути не читается."", ""RGB"": ""Цвет env/snow overlay, смешиваемый с diffuse runtime-фактором.""}",,,,COLOR_RGB_BC1
ped_wrinkle_enveff.sps > WrinkleMaskSampler_0,ped_wrinkle_enveff.sps,ped_wrinkle_enveff,0,WrinkleMaskSampler_0,0,False,Маска активации морщин 0,SEM_944818A3998F8980,resolved,active,"{""RGBA"": ""Четыре независимые маски, dot с runtime wrinkleMaskStrengths.""}",,,,LINEAR_RGBA_BC3
ped_wrinkle_enveff.sps > WrinkleMaskSampler_1,ped_wrinkle_enveff.sps,ped_wrinkle_enveff,0,WrinkleMaskSampler_1,0,False,Маска активации морщин 1,SEM_944818A3998F8980,resolved,active,"{""RGBA"": ""Четыре независимые маски, dot с runtime wrinkleMaskStrengths.""}",,,,LINEAR_RGBA_BC3
ped_wrinkle_enveff.sps > WrinkleMaskSampler_2,ped_wrinkle_enveff.sps,ped_wrinkle_enveff,0,WrinkleMaskSampler_2,0,False,Маска активации морщин 2,SEM_944818A3998F8980,resolved,active,"{""RGBA"": ""Четыре независимые маски, dot с runtime wrinkleMaskStrengths.""}",,,,LINEAR_RGBA_BC3
ped_wrinkle_enveff.sps > WrinkleMaskSampler_3,ped_wrinkle_enveff.sps,ped_wrinkle_enveff,0,WrinkleMaskSampler_3,0,False,Маска активации морщин 3,SEM_944818A3998F8980,resolved,active,"{""RGBA"": ""Четыре независимые маски, dot с runtime wrinkleMaskStrengths.""}",,,,LINEAR_RGBA_BC3
ped_wrinkle_enveff.sps > WrinkleSampler_A,ped_wrinkle_enveff.sps,ped_wrinkle_enveff,0,WrinkleSampler_A,0,False,Карта нормалей морщин A,SEM_B0126759817F411E,resolved,active,"{""BA"": ""Не читаются в проверенном blend."", ""RG"": ""Целевая XY-нормаль A.""}",,,,NORMAL_XY_AUTO
ped_wrinkle_enveff.sps > WrinkleSampler_B,ped_wrinkle_enveff.sps,ped_wrinkle_enveff,0,WrinkleSampler_B,0,False,Карта нормалей морщин B,SEM_E4616B66336F2A33,resolved,active,"{""BA"": ""Не читаются в проверенном blend."", ""RG"": ""Целевая XY-нормаль B.""}",,,,NORMAL_XY_AUTO
ptfx_model.sps > DiffuseSampler,ptfx_model.sps,ptfx_model,1,DiffuseSampler,0,False,Карта diffuse,SEM_29206B3B351A0F2E,resolved,active,"{""A"": ""Прозрачность материала."", ""RGB"": ""Базовый цвет/цвет частицы.""}",,,,DIFFUSE_RGBA_AUTO
radar.sps > DiffuseSampler,radar.sps,radar,0,DiffuseSampler,0,False,Карта diffuse,SEM_29206B3B351A0F2E,resolved,active,"{""A"": ""Прозрачность материала."", ""RGB"": ""Базовый цвет/цвет частицы.""}",,,,DIFFUSE_RGBA_AUTO
reflect.sps > DiffuseSampler,reflect.sps,reflect,0,DiffuseSampler,0,False,Альбедо / непрозрачность,SEM_BDCA6A9993EA6364,resolved,active,"{""A"": ""Вход alpha/opacity поверхности; opaque bucket обычно сам по себе не превращает его в cutout."", ""RGB"": ""Базовый цвет/цвет эмиссии.""}",,,,DIFFUSE_RGBA_AUTO
reflect.sps > EnvironmentSampler,reflect.sps,reflect,0,EnvironmentSampler,,False,Статическое отражение окружения,SEM_03583B411F57462F,resolved,active,"{""A"": ""Не используется проверенным путём environment-reflection."", ""RGB"": ""Цвет отражения сэмплируется по процедурному отражённому направлению.""}",environment,"R=normalize(reflect(−V,N)); uv=−0.5·(R.xz+1); EnvRGB=Environment2D(uv).RGB·reflectivePower","Попиксельной маски отражения нет: reflectivePower задаёт общую силу материала. | Diffuse.A, Spec.A и Spec.RGB напрямую не маскируют, не размывают и не тонируют эту текстуру.",COLOR_RGB_BC1
reflect_alpha.sps > DiffuseSampler,reflect_alpha.sps,reflect,1,DiffuseSampler,0,False,Альбедо / непрозрачность,SEM_BDCA6A9993EA6364,resolved,active,"{""A"": ""Вход alpha/opacity поверхности; opaque bucket обычно сам по себе не превращает его в cutout."", ""RGB"": ""Базовый цвет/цвет эмиссии.""}",,,,DIFFUSE_RGBA_AUTO
reflect_alpha.sps > EnvironmentSampler,reflect_alpha.sps,reflect,1,EnvironmentSampler,,False,Статическое отражение окружения,SEM_03583B411F57462F,resolved,active,"{""A"": ""Не используется проверенным путём environment-reflection."", ""RGB"": ""Цвет отражения сэмплируется по процедурному отражённому направлению.""}",environment,"R=normalize(reflect(−V,N)); uv=−0.5·(R.xz+1); EnvRGB=Environment2D(uv).RGB·reflectivePower","Попиксельной маски отражения нет: reflectivePower задаёт общую силу материала. | Diffuse.A, Spec.A и Spec.RGB напрямую не маскируют, не размывают и не тонируют эту текстуру.",COLOR_RGB_BC1
reflect_decal.sps > DiffuseSampler,reflect_decal.sps,reflect_decal,2,DiffuseSampler,0,False,Альбедо / непрозрачность,SEM_BDCA6A9993EA6364,resolved,active,"{""A"": ""Вход alpha/opacity поверхности; opaque bucket обычно сам по себе не превращает его в cutout."", ""RGB"": ""Базовый цвет/цвет эмиссии.""}",,,,DIFFUSE_RGBA_AUTO
reflect_decal.sps > EnvironmentSampler,reflect_decal.sps,reflect_decal,2,EnvironmentSampler,,False,Статическое отражение окружения,SEM_03583B411F57462F,resolved,active,"{""A"": ""Не используется проверенным путём environment-reflection."", ""RGB"": ""Цвет отражения сэмплируется по процедурному отражённому направлению.""}",environment,"R=normalize(reflect(−V,N)); uv=−0.5·(R.xz+1); EnvRGB=Environment2D(uv).RGB·reflectivePower","Попиксельной маски отражения нет: reflectivePower задаёт общую силу материала. | Diffuse.A, Spec.A и Spec.RGB напрямую не маскируют, не размывают и не тонируют эту текстуру.",COLOR_RGB_BC1
sky_system.sps > NoiseSampler,sky_system.sps,sky_system,0,NoiseSampler,,False,Шум неба,SEM_BB01E745D48E9FF5,resolved,active,"{""A"": ""В исследованном sky path отдельно не используется."", ""RGB"": ""Три процедурные шумовые компоненты неба.""}",,,Служебная процедурная/engine-fed текстура.,LINEAR_RGB_BC1
sky_system.sps > perlinSampler,sky_system.sps,sky_system,0,perlinSampler,0,False,Упакованный Perlin-шум неба,SEM_50EA89D49878934A,resolved,active,"{""A"": ""Генерируется как 0 в исследованном update path."", ""B"": ""Перенормированный исходный шум."", ""G"": ""Смещённая плотность."", ""R"": ""Пороговая плотность облака.""}",,,,LINEAR_RGB_BC1
sky_system.sps > highDetailSampler,sky_system.sps,sky_system,0,highDetailSampler,0,False,Высокочастотные детали неба,SEM_94B8560FC0A4B5BC,resolved,active,"{""GBA"": ""Не используются."", ""R"": ""Микродеталь облака.""}",,,,LINEAR_R_OR_RG_BC5
sky_system.sps > StarFieldSampler,sky_system.sps,sky_system,0,StarFieldSampler,1,False,Карта звёзд,SEM_5676B87B00907E27,resolved,active,"{""A"": ""Отдельно не используется."", ""RGB"": ""Цвет звёзд; примерно saturate(RGB×2−0.1)×starfieldIntensity.""}",F_SKY_STARS,stars=saturate(StarField.RGB×2−0.1)×starfieldIntensity,,COLOR_RGB_BC1
sky_system.sps > ditherSampler,sky_system.sps,sky_system,0,ditherSampler,1,False,Дизеринг неба,SEM_CFDD47D7E1C5858C,resolved,active,"{""GBA"": ""Не используются."", ""R"": ""Малый центрированный шум R−0.5 против banding.""}",,,,LINEAR_R_OR_RG_BC5
sky_system.sps > moonSampler,sky_system.sps,sky_system,0,moonSampler,0,False,Текстура Луны,SEM_8018C4BA32975C7B,resolved,active,"{""A"": ""Маска видимости; RGB умножается на A."", ""RGB"": ""Цвет диска Луны.""}",F_SKY_MOON,moonRGB=moon.RGB×moon.A×moonIntensity,,COLOR_RGBA_BC3
spec.sps > DiffuseSampler,spec.sps,spec,0,DiffuseSampler,0,False,Базовый цвет,SEM_9B2FFD437A334725,resolved,active,"{""A"": ""Surface alpha; в CUTOUT также источник alpha-test."", ""RGB"": ""Базовый цвет поверхности. DXBC не доказывает transfer-функцию исходного DDS.""}",F_SURFACE_ALPHA,surface_alpha = DiffuseSampler.A × Colour0.A; затем runtime умножает globalAlpha,,DIFFUSE_RGBA_AUTO
spec.sps > SpecSampler,spec.sps,spec,0,SpecSampler,0,False,Упакованный specular,SEM_ADCA91AAC8552F7A,resolved,active,"{""A"": ""Линейный falloff/gloss input; умножается на specularFalloffMult."", ""B"": ""Третий скалярный spec-вклад; остаётся линейным."", ""G"": ""Второй скалярный spec-вклад; перед mask возводится в квадрат."", ""R"": ""Первый скалярный spec-вклад; перед mask возводится в квадрат.""}",F_SPEC_PACKED,"Q=(R²,G²,B); I=dot(Q,specMapIntMask)·specularIntensityMult; P=A·specularFalloffMult; n=3·min(P,500)+558·max(P−500,0)",,LINEAR_RGBA_BC3
spec_alpha.sps > DiffuseSampler,spec_alpha.sps,spec,1,DiffuseSampler,0,False,Базовый цвет,SEM_9B2FFD437A334725,resolved,active,"{""A"": ""Surface alpha; в CUTOUT также источник alpha-test."", ""RGB"": ""Базовый цвет поверхности. DXBC не доказывает transfer-функцию исходного DDS.""}",F_SURFACE_ALPHA,surface_alpha = DiffuseSampler.A × Colour0.A; затем runtime умножает globalAlpha,,DIFFUSE_RGBA_AUTO
spec_alpha.sps > SpecSampler,spec_alpha.sps,spec,1,SpecSampler,0,False,Упакованный specular,SEM_ADCA91AAC8552F7A,resolved,active,"{""A"": ""Линейный falloff/gloss input; умножается на specularFalloffMult."", ""B"": ""Третий скалярный spec-вклад; остаётся линейным."", ""G"": ""Второй скалярный spec-вклад; перед mask возводится в квадрат."", ""R"": ""Первый скалярный spec-вклад; перед mask возводится в квадрат.""}",F_SPEC_PACKED,"Q=(R²,G²,B); I=dot(Q,specMapIntMask)·specularIntensityMult; P=A·specularFalloffMult; n=3·min(P,500)+558·max(P−500,0)",,LINEAR_RGBA_BC3
spec_const.sps > DiffuseSampler,spec_const.sps,default_spec,0,DiffuseSampler,0,False,Базовый цвет,SEM_9B2FFD437A334725,resolved,active,"{""A"": ""Surface alpha; в CUTOUT также источник alpha-test."", ""RGB"": ""Базовый цвет поверхности. DXBC не доказывает transfer-функцию исходного DDS.""}",F_SURFACE_ALPHA,surface_alpha = DiffuseSampler.A × Colour0.A; затем runtime умножает globalAlpha,,DIFFUSE_RGBA_AUTO
spec_decal.sps > DiffuseSampler,spec_decal.sps,spec_decal,2,DiffuseSampler,0,False,Альбедо / непрозрачность,SEM_32077C77D80BB001,resolved,active,"{""A"": ""Surface opacity: decal blend или cutout; в detail-diffspec дополнительно A_detail."", ""RGB"": ""Albedo. В diffspec также источник I/P; у specialised decal может быть маской, а не выводимым цветом.""}",F_ALPHA,alpha_surface = Diffuse.A * Colour0.A * globalAlpha,,DIFFUSE_RGBA_AUTO
spec_decal.sps > SpecSampler,spec_decal.sps,spec_decal,2,SpecSampler,0,False,Блик (specular),SEM_840D1A0C69E3B2FE,resolved,active,"{""A"": ""Линейный exponent/falloff; при detail также A_detail."", ""B"": ""Линейный weighted intensity через specMapIntMask.B."", ""G"": ""Квадратится; weighted intensity через specMapIntMask.G; у spec-only ещё blend alpha."", ""R"": ""Квадратится; weighted intensity через specMapIntMask.R.""}",F_SPEC,"S=(Spec.R^2,Spec.G^2,Spec.B,Spec.A); I=dot(S.rgb,specMapIntMask.xyz)*specularIntensityMult; P=S.a*specularFalloffMult",,LINEAR_RGBA_BC3
spec_reflect.sps > DiffuseSampler,spec_reflect.sps,spec_reflect,0,DiffuseSampler,0,False,Альбедо / непрозрачность,SEM_C9A6E26136C17449,resolved,active,"{""A"": ""Вход alpha/opacity поверхности; opaque bucket обычно сам по себе не превращает его в cutout."", ""RGB"": ""Базовый цвет/цвет эмиссии.""}",hard_alpha,"hard=(alpha−alphaRef)/((1−alphaRef)·0.1); alpha=lerp(alpha,hard,HardAlphaBlend)",,DIFFUSE_RGBA_AUTO
spec_reflect.sps > SpecSampler,spec_reflect.sps,spec_reflect,0,SpecSampler,0,False,Общее скалярное управление бликом,SEM_4B4A57B8D59EECB6,resolved,active,"{""A"": ""Линейный вход falloff/exponent."", ""B"": ""Линейный член интенсивности с весом specMapIntMask.B."", ""G"": ""Квадратичный член интенсивности с весом specMapIntMask.G."", ""R"": ""Квадратичный член интенсивности с весом specMapIntMask.R.""}",generic_spec,"I = saturate(dot((R²,G²,B), specMapIntMask)·specularIntensityMult); P = A·specularFalloffMult","Параметр управляет отдельным скалярным белым прямым бликом, а не цветом или размытием EnvironmentSampler.",LINEAR_RGBA_BC3
spec_reflect.sps > EnvironmentSampler,spec_reflect.sps,spec_reflect,0,EnvironmentSampler,,False,Статическое отражение окружения,SEM_03583B411F57462F,resolved,active,"{""A"": ""Не используется проверенным путём environment-reflection."", ""RGB"": ""Цвет отражения сэмплируется по процедурному отражённому направлению.""}",environment,"R=normalize(reflect(−V,N)); uv=−0.5·(R.xz+1); EnvRGB=Environment2D(uv).RGB·reflectivePower","Попиксельной маски отражения нет: reflectivePower задаёт общую силу материала. | Diffuse.A, Spec.A и Spec.RGB напрямую не маскируют, не размывают и не тонируют эту текстуру.",COLOR_RGB_BC1
spec_reflect_alpha.sps > DiffuseSampler,spec_reflect_alpha.sps,spec_reflect,1,DiffuseSampler,0,False,Альбедо / непрозрачность,SEM_C9A6E26136C17449,resolved,active,"{""A"": ""Вход alpha/opacity поверхности; opaque bucket обычно сам по себе не превращает его в cutout."", ""RGB"": ""Базовый цвет/цвет эмиссии.""}",hard_alpha,"hard=(alpha−alphaRef)/((1−alphaRef)·0.1); alpha=lerp(alpha,hard,HardAlphaBlend)",,DIFFUSE_RGBA_AUTO
spec_reflect_alpha.sps > SpecSampler,spec_reflect_alpha.sps,spec_reflect,1,SpecSampler,0,False,Общее скалярное управление бликом,SEM_4B4A57B8D59EECB6,resolved,active,"{""A"": ""Линейный вход falloff/exponent."", ""B"": ""Линейный член интенсивности с весом specMapIntMask.B."", ""G"": ""Квадратичный член интенсивности с весом specMapIntMask.G."", ""R"": ""Квадратичный член интенсивности с весом specMapIntMask.R.""}",generic_spec,"I = saturate(dot((R²,G²,B), specMapIntMask)·specularIntensityMult); P = A·specularFalloffMult","Параметр управляет отдельным скалярным белым прямым бликом, а не цветом или размытием EnvironmentSampler.",LINEAR_RGBA_BC3
spec_reflect_alpha.sps > EnvironmentSampler,spec_reflect_alpha.sps,spec_reflect,1,EnvironmentSampler,,False,Статическое отражение окружения,SEM_03583B411F57462F,resolved,active,"{""A"": ""Не используется проверенным путём environment-reflection."", ""RGB"": ""Цвет отражения сэмплируется по процедурному отражённому направлению.""}",environment,"R=normalize(reflect(−V,N)); uv=−0.5·(R.xz+1); EnvRGB=Environment2D(uv).RGB·reflectivePower","Попиксельной маски отражения нет: reflectivePower задаёт общую силу материала. | Diffuse.A, Spec.A и Spec.RGB напрямую не маскируют, не размывают и не тонируют эту текстуру.",COLOR_RGB_BC1
spec_reflect_decal.sps > DiffuseSampler,spec_reflect_decal.sps,spec_reflect_decal,2,DiffuseSampler,0,False,Альбедо / непрозрачность,SEM_BDCA6A9993EA6364,resolved,active,"{""A"": ""Вход alpha/opacity поверхности; opaque bucket обычно сам по себе не превращает его в cutout."", ""RGB"": ""Базовый цвет/цвет эмиссии.""}",,,,DIFFUSE_RGBA_AUTO
spec_reflect_decal.sps > SpecSampler,spec_reflect_decal.sps,spec_reflect_decal,2,SpecSampler,0,False,Общее скалярное управление бликом,SEM_4B4A57B8D59EECB6,resolved,active,"{""A"": ""Линейный вход falloff/exponent."", ""B"": ""Линейный член интенсивности с весом specMapIntMask.B."", ""G"": ""Квадратичный член интенсивности с весом specMapIntMask.G."", ""R"": ""Квадратичный член интенсивности с весом specMapIntMask.R.""}",generic_spec,"I = saturate(dot((R²,G²,B), specMapIntMask)·specularIntensityMult); P = A·specularFalloffMult","Параметр управляет отдельным скалярным белым прямым бликом, а не цветом или размытием EnvironmentSampler.",LINEAR_RGBA_BC3
spec_reflect_decal.sps > EnvironmentSampler,spec_reflect_decal.sps,spec_reflect_decal,2,EnvironmentSampler,,False,Статическое отражение окружения,SEM_03583B411F57462F,resolved,active,"{""A"": ""Не используется проверенным путём environment-reflection."", ""RGB"": ""Цвет отражения сэмплируется по процедурному отражённому направлению.""}",environment,"R=normalize(reflect(−V,N)); uv=−0.5·(R.xz+1); EnvRGB=Environment2D(uv).RGB·reflectivePower","Попиксельной маски отражения нет: reflectivePower задаёт общую силу материала. | Diffuse.A, Spec.A и Spec.RGB напрямую не маскируют, не размывают и не тонируют эту текстуру.",COLOR_RGB_BC1
spec_screendooralpha.sps > DiffuseSampler,spec_screendooralpha.sps,spec,3,DiffuseSampler,0,False,Базовый цвет,SEM_9B2FFD437A334725,resolved,active,"{""A"": ""Surface alpha; в CUTOUT также источник alpha-test."", ""RGB"": ""Базовый цвет поверхности. DXBC не доказывает transfer-функцию исходного DDS.""}",F_SURFACE_ALPHA,surface_alpha = DiffuseSampler.A × Colour0.A; затем runtime умножает globalAlpha,,DIFFUSE_RGBA_AUTO
spec_screendooralpha.sps > SpecSampler,spec_screendooralpha.sps,spec,3,SpecSampler,0,False,Упакованный specular,SEM_ADCA91AAC8552F7A,resolved,active,"{""A"": ""Линейный falloff/gloss input; умножается на specularFalloffMult."", ""B"": ""Третий скалярный spec-вклад; остаётся линейным."", ""G"": ""Второй скалярный spec-вклад; перед mask возводится в квадрат."", ""R"": ""Первый скалярный spec-вклад; перед mask возводится в квадрат.""}",F_SPEC_PACKED,"Q=(R²,G²,B); I=dot(Q,specMapIntMask)·specularIntensityMult; P=A·specularFalloffMult; n=3·min(P,500)+558·max(P−500,0)",,LINEAR_RGBA_BC3
spec_tnt.sps > DiffuseSampler,spec_tnt.sps,spec_tnt,0,DiffuseSampler,0,False,Базовый цвет,SEM_44A8211FFB386091,resolved,active,"{""A"": ""Surface alpha; в CUTOUT также источник alpha-test."", ""RGB"": ""Базовый цвет поверхности. DXBC не доказывает transfer-функцию исходного DDS.""}",F_SURFACE_ALPHA | F_TINT_PALETTE,"T=TintPaletteSampler(Colour0.B,tintPaletteSelector.X); albedo=DiffuseSampler.RGB×T.RGB | surface_alpha = DiffuseSampler.A × Colour0.A; затем runtime умножает globalAlpha",,DIFFUSE_RGBA_AUTO
spec_tnt.sps > TintPaletteSampler,spec_tnt.sps,spec_tnt,0,TintPaletteSampler,,False,Палитра оттенков,SEM_5882847584F3EEED,resolved,active,"{""A"": ""В проверенном основном deferred lit-пути не используется."", ""RGB"": ""Палитровый RGB-множитель albedo.""}",F_TINT_PALETTE,"T=TintPaletteSampler(Colour0.B,tintPaletteSelector.X); albedo=DiffuseSampler.RGB×T.RGB",Координаты формируются из Colour0.B и tintPaletteSelector.X; это не обычная UV-текстура.,PALETTE_RGBA8
spec_tnt.sps > SpecSampler,spec_tnt.sps,spec_tnt,0,SpecSampler,0,False,Упакованный specular,SEM_ADCA91AAC8552F7A,resolved,active,"{""A"": ""Линейный falloff/gloss input; умножается на specularFalloffMult."", ""B"": ""Третий скалярный spec-вклад; остаётся линейным."", ""G"": ""Второй скалярный spec-вклад; перед mask возводится в квадрат."", ""R"": ""Первый скалярный spec-вклад; перед mask возводится в квадрат.""}",F_SPEC_PACKED,"Q=(R²,G²,B); I=dot(Q,specMapIntMask)·specularIntensityMult; P=A·specularFalloffMult; n=3·min(P,500)+558·max(P−500,0)",,LINEAR_RGBA_BC3
spec_twiddle_tnt.sps > DiffuseSampler,spec_twiddle_tnt.sps,spec_twiddle_tnt,0,DiffuseSampler,0,False,Базовый цвет,SEM_44A8211FFB386091,resolved,active,"{""A"": ""Surface alpha; в CUTOUT также источник alpha-test."", ""RGB"": ""Базовый цвет поверхности. DXBC не доказывает transfer-функцию исходного DDS.""}",F_SURFACE_ALPHA | F_TINT_PALETTE,"T=TintPaletteSampler(Colour0.B,tintPaletteSelector.X); albedo=DiffuseSampler.RGB×T.RGB | surface_alpha = DiffuseSampler.A × Colour0.A; затем runtime умножает globalAlpha",,DIFFUSE_RGBA_AUTO
spec_twiddle_tnt.sps > TintPaletteSampler,spec_twiddle_tnt.sps,spec_twiddle_tnt,0,TintPaletteSampler,,False,Палитра оттенков,SEM_5882847584F3EEED,resolved,active,"{""A"": ""В проверенном основном deferred lit-пути не используется."", ""RGB"": ""Палитровый RGB-множитель albedo.""}",F_TINT_PALETTE,"T=TintPaletteSampler(Colour0.B,tintPaletteSelector.X); albedo=DiffuseSampler.RGB×T.RGB",Координаты формируются из Colour0.B и tintPaletteSelector.X; это не обычная UV-текстура.,PALETTE_RGBA8
spec_twiddle_tnt.sps > SpecSampler,spec_twiddle_tnt.sps,spec_twiddle_tnt,0,SpecSampler,0,False,Упакованный specular,SEM_ADCA91AAC8552F7A,resolved,active,"{""A"": ""Линейный falloff/gloss input; умножается на specularFalloffMult."", ""B"": ""Третий скалярный spec-вклад; остаётся линейным."", ""G"": ""Второй скалярный spec-вклад; перед mask возводится в квадрат."", ""R"": ""Первый скалярный spec-вклад; перед mask возводится в квадрат.""}",F_SPEC_PACKED,"Q=(R²,G²,B); I=dot(Q,specMapIntMask)·specularIntensityMult; P=A·specularFalloffMult; n=3·min(P,500)+558·max(P−500,0)",,LINEAR_RGBA_BC3
terrain_cb_4lyr.sps > TextureSampler_layer0,terrain_cb_4lyr.sps,terrain_cb_4lyr,0,TextureSampler_layer0,0,False,Слой diffuse,SEM_EF09C2A8BCC20532,resolved,active,"{""A"": ""В 4-layer terrain-пути отдельно не читается."", ""RGB"": ""Цвет соответствующего слоя terrain.""}",F_TERRAIN_BLEND,surface = Σ wi × layer_i,,COLOR_RGB_BC1
terrain_cb_4lyr.sps > BumpSampler_layer0,terrain_cb_4lyr.sps,terrain_cb_4lyr,0,BumpSampler_layer0,0,False,Слой normal,SEM_C627EBE8953FDE17,resolved,active,"{""A"": ""Не отдельная художественная маска; физическая упаковка normal map зависит от формата текстуры."", ""RGB"": ""Тангенсная нормаль после GTA-декодирования; X/Y задают наклон, Z восстанавливается/нормализуется.""}",F_TERRAIN_BLEND,surface = Σ wi × layer_i,,NORMAL_XY_AUTO
terrain_cb_4lyr.sps > TextureSampler_layer1,terrain_cb_4lyr.sps,terrain_cb_4lyr,0,TextureSampler_layer1,0,False,Слой diffuse,SEM_EF09C2A8BCC20532,resolved,active,"{""A"": ""В 4-layer terrain-пути отдельно не читается."", ""RGB"": ""Цвет соответствующего слоя terrain.""}",F_TERRAIN_BLEND,surface = Σ wi × layer_i,,COLOR_RGB_BC1
terrain_cb_4lyr.sps > BumpSampler_layer1,terrain_cb_4lyr.sps,terrain_cb_4lyr,0,BumpSampler_layer1,0,False,Слой normal,SEM_C627EBE8953FDE17,resolved,active,"{""A"": ""Не отдельная художественная маска; физическая упаковка normal map зависит от формата текстуры."", ""RGB"": ""Тангенсная нормаль после GTA-декодирования; X/Y задают наклон, Z восстанавливается/нормализуется.""}",F_TERRAIN_BLEND,surface = Σ wi × layer_i,,NORMAL_XY_AUTO
terrain_cb_4lyr.sps > TextureSampler_layer2,terrain_cb_4lyr.sps,terrain_cb_4lyr,0,TextureSampler_layer2,0,False,Слой diffuse,SEM_EF09C2A8BCC20532,resolved,active,"{""A"": ""В 4-layer terrain-пути отдельно не читается."", ""RGB"": ""Цвет соответствующего слоя terrain.""}",F_TERRAIN_BLEND,surface = Σ wi × layer_i,,COLOR_RGB_BC1
terrain_cb_4lyr.sps > BumpSampler_layer2,terrain_cb_4lyr.sps,terrain_cb_4lyr,0,BumpSampler_layer2,0,False,Слой normal,SEM_C627EBE8953FDE17,resolved,active,"{""A"": ""Не отдельная художественная маска; физическая упаковка normal map зависит от формата текстуры."", ""RGB"": ""Тангенсная нормаль после GTA-декодирования; X/Y задают наклон, Z восстанавливается/нормализуется.""}",F_TERRAIN_BLEND,surface = Σ wi × layer_i,,NORMAL_XY_AUTO
terrain_cb_4lyr.sps > TextureSampler_layer3,terrain_cb_4lyr.sps,terrain_cb_4lyr,0,TextureSampler_layer3,0,False,Слой diffuse,SEM_EF09C2A8BCC20532,resolved,active,"{""A"": ""В 4-layer terrain-пути отдельно не читается."", ""RGB"": ""Цвет соответствующего слоя terrain.""}",F_TERRAIN_BLEND,surface = Σ wi × layer_i,,COLOR_RGB_BC1
terrain_cb_4lyr.sps > BumpSampler_layer3,terrain_cb_4lyr.sps,terrain_cb_4lyr,0,BumpSampler_layer3,0,False,Слой normal,SEM_C627EBE8953FDE17,resolved,active,"{""A"": ""Не отдельная художественная маска; физическая упаковка normal map зависит от формата текстуры."", ""RGB"": ""Тангенсная нормаль после GTA-декодирования; X/Y задают наклон, Z восстанавливается/нормализуется.""}",F_TERRAIN_BLEND,surface = Σ wi × layer_i,,NORMAL_XY_AUTO
terrain_cb_4lyr_2tex.sps > TextureSampler_layer0,terrain_cb_4lyr_2tex.sps,terrain_cb_4lyr_2tex,0,TextureSampler_layer0,0,False,Слой diffuse,SEM_EF09C2A8BCC20532,resolved,active,"{""A"": ""В 4-layer terrain-пути отдельно не читается."", ""RGB"": ""Цвет соответствующего слоя terrain.""}",F_TERRAIN_BLEND,surface = Σ wi × layer_i,,COLOR_RGB_BC1
terrain_cb_4lyr_2tex.sps > BumpSampler_layer0,terrain_cb_4lyr_2tex.sps,terrain_cb_4lyr_2tex,0,BumpSampler_layer0,0,False,Слой normal,SEM_C627EBE8953FDE17,resolved,active,"{""A"": ""Не отдельная художественная маска; физическая упаковка normal map зависит от формата текстуры."", ""RGB"": ""Тангенсная нормаль после GTA-декодирования; X/Y задают наклон, Z восстанавливается/нормализуется.""}",F_TERRAIN_BLEND,surface = Σ wi × layer_i,,NORMAL_XY_AUTO
terrain_cb_4lyr_2tex.sps > TextureSampler_layer1,terrain_cb_4lyr_2tex.sps,terrain_cb_4lyr_2tex,0,TextureSampler_layer1,1,False,Слой diffuse,SEM_EF09C2A8BCC20532,resolved,active,"{""A"": ""В 4-layer terrain-пути отдельно не читается."", ""RGB"": ""Цвет соответствующего слоя terrain.""}",F_TERRAIN_BLEND,surface = Σ wi × layer_i,,COLOR_RGB_BC1
terrain_cb_4lyr_2tex.sps > BumpSampler_layer1,terrain_cb_4lyr_2tex.sps,terrain_cb_4lyr_2tex,0,BumpSampler_layer1,1,False,Слой normal,SEM_C627EBE8953FDE17,resolved,active,"{""A"": ""Не отдельная художественная маска; физическая упаковка normal map зависит от формата текстуры."", ""RGB"": ""Тангенсная нормаль после GTA-декодирования; X/Y задают наклон, Z восстанавливается/нормализуется.""}",F_TERRAIN_BLEND,surface = Σ wi × layer_i,,NORMAL_XY_AUTO
terrain_cb_4lyr_2tex.sps > TextureSampler_layer2,terrain_cb_4lyr_2tex.sps,terrain_cb_4lyr_2tex,0,TextureSampler_layer2,1,False,Слой diffuse,SEM_EF09C2A8BCC20532,resolved,active,"{""A"": ""В 4-layer terrain-пути отдельно не читается."", ""RGB"": ""Цвет соответствующего слоя terrain.""}",F_TERRAIN_BLEND,surface = Σ wi × layer_i,,COLOR_RGB_BC1
terrain_cb_4lyr_2tex.sps > BumpSampler_layer2,terrain_cb_4lyr_2tex.sps,terrain_cb_4lyr_2tex,0,BumpSampler_layer2,1,False,Слой normal,SEM_C627EBE8953FDE17,resolved,active,"{""A"": ""Не отдельная художественная маска; физическая упаковка normal map зависит от формата текстуры."", ""RGB"": ""Тангенсная нормаль после GTA-декодирования; X/Y задают наклон, Z восстанавливается/нормализуется.""}",F_TERRAIN_BLEND,surface = Σ wi × layer_i,,NORMAL_XY_AUTO
terrain_cb_4lyr_2tex.sps > TextureSampler_layer3,terrain_cb_4lyr_2tex.sps,terrain_cb_4lyr_2tex,0,TextureSampler_layer3,1,False,Слой diffuse,SEM_EF09C2A8BCC20532,resolved,active,"{""A"": ""В 4-layer terrain-пути отдельно не читается."", ""RGB"": ""Цвет соответствующего слоя terrain.""}",F_TERRAIN_BLEND,surface = Σ wi × layer_i,,COLOR_RGB_BC1
terrain_cb_4lyr_2tex.sps > BumpSampler_layer3,terrain_cb_4lyr_2tex.sps,terrain_cb_4lyr_2tex,0,BumpSampler_layer3,1,False,Слой normal,SEM_C627EBE8953FDE17,resolved,active,"{""A"": ""Не отдельная художественная маска; физическая упаковка normal map зависит от формата текстуры."", ""RGB"": ""Тангенсная нормаль после GTA-декодирования; X/Y задают наклон, Z восстанавливается/нормализуется.""}",F_TERRAIN_BLEND,surface = Σ wi × layer_i,,NORMAL_XY_AUTO
terrain_cb_4lyr_lod.sps > TextureSampler_layer0,terrain_cb_4lyr_lod.sps,terrain_cb_4lyr_lod,0,TextureSampler_layer0,0,False,Слой diffuse,SEM_EF09C2A8BCC20532,resolved,active,"{""A"": ""В 4-layer terrain-пути отдельно не читается."", ""RGB"": ""Цвет соответствующего слоя terrain.""}",F_TERRAIN_BLEND,surface = Σ wi × layer_i,,COLOR_RGB_BC1
terrain_cb_4lyr_lod.sps > TextureSampler_layer1,terrain_cb_4lyr_lod.sps,terrain_cb_4lyr_lod,0,TextureSampler_layer1,0,False,Слой diffuse,SEM_EF09C2A8BCC20532,resolved,active,"{""A"": ""В 4-layer terrain-пути отдельно не читается."", ""RGB"": ""Цвет соответствующего слоя terrain.""}",F_TERRAIN_BLEND,surface = Σ wi × layer_i,,COLOR_RGB_BC1
terrain_cb_4lyr_lod.sps > TextureSampler_layer2,terrain_cb_4lyr_lod.sps,terrain_cb_4lyr_lod,0,TextureSampler_layer2,0,False,Слой diffuse,SEM_EF09C2A8BCC20532,resolved,active,"{""A"": ""В 4-layer terrain-пути отдельно не читается."", ""RGB"": ""Цвет соответствующего слоя terrain.""}",F_TERRAIN_BLEND,surface = Σ wi × layer_i,,COLOR_RGB_BC1
terrain_cb_4lyr_lod.sps > TextureSampler_layer3,terrain_cb_4lyr_lod.sps,terrain_cb_4lyr_lod,0,TextureSampler_layer3,0,False,Слой diffuse,SEM_EF09C2A8BCC20532,resolved,active,"{""A"": ""В 4-layer terrain-пути отдельно не читается."", ""RGB"": ""Цвет соответствующего слоя terrain.""}",F_TERRAIN_BLEND,surface = Σ wi × layer_i,,COLOR_RGB_BC1
terrain_cb_w_4lyr.sps > TextureSampler_layer0,terrain_cb_w_4lyr.sps,terrain_cb_w_4lyr,0,TextureSampler_layer0,0,False,Слой diffuse,SEM_EF09C2A8BCC20532,resolved,active,"{""A"": ""В 4-layer terrain-пути отдельно не читается."", ""RGB"": ""Цвет соответствующего слоя terrain.""}",F_TERRAIN_BLEND,surface = Σ wi × layer_i,,COLOR_RGB_BC1
terrain_cb_w_4lyr.sps > BumpSampler_layer0,terrain_cb_w_4lyr.sps,terrain_cb_w_4lyr,0,BumpSampler_layer0,0,False,Слой normal,SEM_C627EBE8953FDE17,resolved,active,"{""A"": ""Не отдельная художественная маска; физическая упаковка normal map зависит от формата текстуры."", ""RGB"": ""Тангенсная нормаль после GTA-декодирования; X/Y задают наклон, Z восстанавливается/нормализуется.""}",F_TERRAIN_BLEND,surface = Σ wi × layer_i,,NORMAL_XY_AUTO
terrain_cb_w_4lyr.sps > TextureSampler_layer1,terrain_cb_w_4lyr.sps,terrain_cb_w_4lyr,0,TextureSampler_layer1,0,False,Слой diffuse,SEM_EF09C2A8BCC20532,resolved,active,"{""A"": ""В 4-layer terrain-пути отдельно не читается."", ""RGB"": ""Цвет соответствующего слоя terrain.""}",F_TERRAIN_BLEND,surface = Σ wi × layer_i,,COLOR_RGB_BC1
terrain_cb_w_4lyr.sps > BumpSampler_layer1,terrain_cb_w_4lyr.sps,terrain_cb_w_4lyr,0,BumpSampler_layer1,0,False,Слой normal,SEM_C627EBE8953FDE17,resolved,active,"{""A"": ""Не отдельная художественная маска; физическая упаковка normal map зависит от формата текстуры."", ""RGB"": ""Тангенсная нормаль после GTA-декодирования; X/Y задают наклон, Z восстанавливается/нормализуется.""}",F_TERRAIN_BLEND,surface = Σ wi × layer_i,,NORMAL_XY_AUTO
terrain_cb_w_4lyr.sps > TextureSampler_layer2,terrain_cb_w_4lyr.sps,terrain_cb_w_4lyr,0,TextureSampler_layer2,0,False,Слой diffuse,SEM_EF09C2A8BCC20532,resolved,active,"{""A"": ""В 4-layer terrain-пути отдельно не читается."", ""RGB"": ""Цвет соответствующего слоя terrain.""}",F_TERRAIN_BLEND,surface = Σ wi × layer_i,,COLOR_RGB_BC1
terrain_cb_w_4lyr.sps > BumpSampler_layer2,terrain_cb_w_4lyr.sps,terrain_cb_w_4lyr,0,BumpSampler_layer2,0,False,Слой normal,SEM_C627EBE8953FDE17,resolved,active,"{""A"": ""Не отдельная художественная маска; физическая упаковка normal map зависит от формата текстуры."", ""RGB"": ""Тангенсная нормаль после GTA-декодирования; X/Y задают наклон, Z восстанавливается/нормализуется.""}",F_TERRAIN_BLEND,surface = Σ wi × layer_i,,NORMAL_XY_AUTO
terrain_cb_w_4lyr.sps > TextureSampler_layer3,terrain_cb_w_4lyr.sps,terrain_cb_w_4lyr,0,TextureSampler_layer3,0,False,Слой diffuse,SEM_EF09C2A8BCC20532,resolved,active,"{""A"": ""В 4-layer terrain-пути отдельно не читается."", ""RGB"": ""Цвет соответствующего слоя terrain.""}",F_TERRAIN_BLEND,surface = Σ wi × layer_i,,COLOR_RGB_BC1
terrain_cb_w_4lyr.sps > BumpSampler_layer3,terrain_cb_w_4lyr.sps,terrain_cb_w_4lyr,0,BumpSampler_layer3,0,False,Слой normal,SEM_C627EBE8953FDE17,resolved,active,"{""A"": ""Не отдельная художественная маска; физическая упаковка normal map зависит от формата текстуры."", ""RGB"": ""Тангенсная нормаль после GTA-декодирования; X/Y задают наклон, Z восстанавливается/нормализуется.""}",F_TERRAIN_BLEND,surface = Σ wi × layer_i,,NORMAL_XY_AUTO
terrain_cb_w_4lyr_2tex.sps > TextureSampler_layer0,terrain_cb_w_4lyr_2tex.sps,terrain_cb_w_4lyr_2tex,0,TextureSampler_layer0,0,False,Слой diffuse,SEM_EF09C2A8BCC20532,resolved,active,"{""A"": ""В 4-layer terrain-пути отдельно не читается."", ""RGB"": ""Цвет соответствующего слоя terrain.""}",F_TERRAIN_BLEND,surface = Σ wi × layer_i,,COLOR_RGB_BC1
terrain_cb_w_4lyr_2tex.sps > BumpSampler_layer0,terrain_cb_w_4lyr_2tex.sps,terrain_cb_w_4lyr_2tex,0,BumpSampler_layer0,0,False,Слой normal,SEM_C627EBE8953FDE17,resolved,active,"{""A"": ""Не отдельная художественная маска; физическая упаковка normal map зависит от формата текстуры."", ""RGB"": ""Тангенсная нормаль после GTA-декодирования; X/Y задают наклон, Z восстанавливается/нормализуется.""}",F_TERRAIN_BLEND,surface = Σ wi × layer_i,,NORMAL_XY_AUTO
terrain_cb_w_4lyr_2tex.sps > TextureSampler_layer1,terrain_cb_w_4lyr_2tex.sps,terrain_cb_w_4lyr_2tex,0,TextureSampler_layer1,1,False,Слой diffuse,SEM_EF09C2A8BCC20532,resolved,active,"{""A"": ""В 4-layer terrain-пути отдельно не читается."", ""RGB"": ""Цвет соответствующего слоя terrain.""}",F_TERRAIN_BLEND,surface = Σ wi × layer_i,,COLOR_RGB_BC1
terrain_cb_w_4lyr_2tex.sps > BumpSampler_layer1,terrain_cb_w_4lyr_2tex.sps,terrain_cb_w_4lyr_2tex,0,BumpSampler_layer1,1,False,Слой normal,SEM_C627EBE8953FDE17,resolved,active,"{""A"": ""Не отдельная художественная маска; физическая упаковка normal map зависит от формата текстуры."", ""RGB"": ""Тангенсная нормаль после GTA-декодирования; X/Y задают наклон, Z восстанавливается/нормализуется.""}",F_TERRAIN_BLEND,surface = Σ wi × layer_i,,NORMAL_XY_AUTO
terrain_cb_w_4lyr_2tex.sps > TextureSampler_layer2,terrain_cb_w_4lyr_2tex.sps,terrain_cb_w_4lyr_2tex,0,TextureSampler_layer2,1,False,Слой diffuse,SEM_EF09C2A8BCC20532,resolved,active,"{""A"": ""В 4-layer terrain-пути отдельно не читается."", ""RGB"": ""Цвет соответствующего слоя terrain.""}",F_TERRAIN_BLEND,surface = Σ wi × layer_i,,COLOR_RGB_BC1
terrain_cb_w_4lyr_2tex.sps > BumpSampler_layer2,terrain_cb_w_4lyr_2tex.sps,terrain_cb_w_4lyr_2tex,0,BumpSampler_layer2,1,False,Слой normal,SEM_C627EBE8953FDE17,resolved,active,"{""A"": ""Не отдельная художественная маска; физическая упаковка normal map зависит от формата текстуры."", ""RGB"": ""Тангенсная нормаль после GTA-декодирования; X/Y задают наклон, Z восстанавливается/нормализуется.""}",F_TERRAIN_BLEND,surface = Σ wi × layer_i,,NORMAL_XY_AUTO
terrain_cb_w_4lyr_2tex.sps > TextureSampler_layer3,terrain_cb_w_4lyr_2tex.sps,terrain_cb_w_4lyr_2tex,0,TextureSampler_layer3,1,False,Слой diffuse,SEM_EF09C2A8BCC20532,resolved,active,"{""A"": ""В 4-layer terrain-пути отдельно не читается."", ""RGB"": ""Цвет соответствующего слоя terrain.""}",F_TERRAIN_BLEND,surface = Σ wi × layer_i,,COLOR_RGB_BC1
terrain_cb_w_4lyr_2tex.sps > BumpSampler_layer3,terrain_cb_w_4lyr_2tex.sps,terrain_cb_w_4lyr_2tex,0,BumpSampler_layer3,1,False,Слой normal,SEM_C627EBE8953FDE17,resolved,active,"{""A"": ""Не отдельная художественная маска; физическая упаковка normal map зависит от формата текстуры."", ""RGB"": ""Тангенсная нормаль после GTA-декодирования; X/Y задают наклон, Z восстанавливается/нормализуется.""}",F_TERRAIN_BLEND,surface = Σ wi × layer_i,,NORMAL_XY_AUTO
terrain_cb_w_4lyr_2tex_blend.sps > TextureSampler_layer0,terrain_cb_w_4lyr_2tex_blend.sps,terrain_cb_w_4lyr_2tex_blend,0,TextureSampler_layer0,0,False,Слой diffuse,SEM_EF09C2A8BCC20532,resolved,active,"{""A"": ""В 4-layer terrain-пути отдельно не читается."", ""RGB"": ""Цвет соответствующего слоя terrain.""}",F_TERRAIN_BLEND,surface = Σ wi × layer_i,,COLOR_RGB_BC1
terrain_cb_w_4lyr_2tex_blend.sps > BumpSampler_layer0,terrain_cb_w_4lyr_2tex_blend.sps,terrain_cb_w_4lyr_2tex_blend,0,BumpSampler_layer0,0,False,Слой normal,SEM_C627EBE8953FDE17,resolved,active,"{""A"": ""Не отдельная художественная маска; физическая упаковка normal map зависит от формата текстуры."", ""RGB"": ""Тангенсная нормаль после GTA-декодирования; X/Y задают наклон, Z восстанавливается/нормализуется.""}",F_TERRAIN_BLEND,surface = Σ wi × layer_i,,NORMAL_XY_AUTO
terrain_cb_w_4lyr_2tex_blend.sps > TextureSampler_layer1,terrain_cb_w_4lyr_2tex_blend.sps,terrain_cb_w_4lyr_2tex_blend,0,TextureSampler_layer1,0,False,Слой diffuse,SEM_EF09C2A8BCC20532,resolved,active,"{""A"": ""В 4-layer terrain-пути отдельно не читается."", ""RGB"": ""Цвет соответствующего слоя terrain.""}",F_TERRAIN_BLEND,surface = Σ wi × layer_i,,COLOR_RGB_BC1
terrain_cb_w_4lyr_2tex_blend.sps > BumpSampler_layer1,terrain_cb_w_4lyr_2tex_blend.sps,terrain_cb_w_4lyr_2tex_blend,0,BumpSampler_layer1,0,False,Слой normal,SEM_C627EBE8953FDE17,resolved,active,"{""A"": ""Не отдельная художественная маска; физическая упаковка normal map зависит от формата текстуры."", ""RGB"": ""Тангенсная нормаль после GTA-декодирования; X/Y задают наклон, Z восстанавливается/нормализуется.""}",F_TERRAIN_BLEND,surface = Σ wi × layer_i,,NORMAL_XY_AUTO
terrain_cb_w_4lyr_2tex_blend.sps > TextureSampler_layer2,terrain_cb_w_4lyr_2tex_blend.sps,terrain_cb_w_4lyr_2tex_blend,0,TextureSampler_layer2,0,False,Слой diffuse,SEM_EF09C2A8BCC20532,resolved,active,"{""A"": ""В 4-layer terrain-пути отдельно не читается."", ""RGB"": ""Цвет соответствующего слоя terrain.""}",F_TERRAIN_BLEND,surface = Σ wi × layer_i,,COLOR_RGB_BC1
terrain_cb_w_4lyr_2tex_blend.sps > BumpSampler_layer2,terrain_cb_w_4lyr_2tex_blend.sps,terrain_cb_w_4lyr_2tex_blend,0,BumpSampler_layer2,0,False,Слой normal,SEM_C627EBE8953FDE17,resolved,active,"{""A"": ""Не отдельная художественная маска; физическая упаковка normal map зависит от формата текстуры."", ""RGB"": ""Тангенсная нормаль после GTA-декодирования; X/Y задают наклон, Z восстанавливается/нормализуется.""}",F_TERRAIN_BLEND,surface = Σ wi × layer_i,,NORMAL_XY_AUTO
terrain_cb_w_4lyr_2tex_blend.sps > TextureSampler_layer3,terrain_cb_w_4lyr_2tex_blend.sps,terrain_cb_w_4lyr_2tex_blend,0,TextureSampler_layer3,0,False,Слой diffuse,SEM_EF09C2A8BCC20532,resolved,active,"{""A"": ""В 4-layer terrain-пути отдельно не читается."", ""RGB"": ""Цвет соответствующего слоя terrain.""}",F_TERRAIN_BLEND,surface = Σ wi × layer_i,,COLOR_RGB_BC1
terrain_cb_w_4lyr_2tex_blend.sps > BumpSampler_layer3,terrain_cb_w_4lyr_2tex_blend.sps,terrain_cb_w_4lyr_2tex_blend,0,BumpSampler_layer3,0,False,Слой normal,SEM_C627EBE8953FDE17,resolved,active,"{""A"": ""Не отдельная художественная маска; физическая упаковка normal map зависит от формата текстуры."", ""RGB"": ""Тангенсная нормаль после GTA-декодирования; X/Y задают наклон, Z восстанавливается/нормализуется.""}",F_TERRAIN_BLEND,surface = Σ wi × layer_i,,NORMAL_XY_AUTO
terrain_cb_w_4lyr_2tex_blend.sps > lookupSampler,terrain_cb_w_4lyr_2tex_blend.sps,terrain_cb_w_4lyr_2tex_blend,0,lookupSampler,1,False,Таблица выбора слоёв,SEM_89D6190F262DF185,resolved,active,"{""A"": ""Не используется."", ""RGB"": ""Три координаты смешивания четырёх terrain-слоёв.""}",F_TERRAIN_WEIGHTS,w0=(1−R)(1−G)(1−B); w1=(1−R)(1−G)B; w2=(1−R)G(1−B); w3=(1−R)GB,,LINEAR_RGB_BC1
terrain_cb_w_4lyr_2tex_blend_lod.sps > TextureSampler_layer0,terrain_cb_w_4lyr_2tex_blend_lod.sps,terrain_cb_w_4lyr_2tex_blend_lod,0,TextureSampler_layer0,0,False,Слой diffuse,SEM_EF09C2A8BCC20532,resolved,active,"{""A"": ""В 4-layer terrain-пути отдельно не читается."", ""RGB"": ""Цвет соответствующего слоя terrain.""}",F_TERRAIN_BLEND,surface = Σ wi × layer_i,,COLOR_RGB_BC1
terrain_cb_w_4lyr_2tex_blend_lod.sps > TextureSampler_layer1,terrain_cb_w_4lyr_2tex_blend_lod.sps,terrain_cb_w_4lyr_2tex_blend_lod,0,TextureSampler_layer1,0,False,Слой diffuse,SEM_EF09C2A8BCC20532,resolved,active,"{""A"": ""В 4-layer terrain-пути отдельно не читается."", ""RGB"": ""Цвет соответствующего слоя terrain.""}",F_TERRAIN_BLEND,surface = Σ wi × layer_i,,COLOR_RGB_BC1
terrain_cb_w_4lyr_2tex_blend_lod.sps > TextureSampler_layer2,terrain_cb_w_4lyr_2tex_blend_lod.sps,terrain_cb_w_4lyr_2tex_blend_lod,0,TextureSampler_layer2,0,False,Слой diffuse,SEM_EF09C2A8BCC20532,resolved,active,"{""A"": ""В 4-layer terrain-пути отдельно не читается."", ""RGB"": ""Цвет соответствующего слоя terrain.""}",F_TERRAIN_BLEND,surface = Σ wi × layer_i,,COLOR_RGB_BC1
terrain_cb_w_4lyr_2tex_blend_lod.sps > TextureSampler_layer3,terrain_cb_w_4lyr_2tex_blend_lod.sps,terrain_cb_w_4lyr_2tex_blend_lod,0,TextureSampler_layer3,0,False,Слой diffuse,SEM_EF09C2A8BCC20532,resolved,active,"{""A"": ""В 4-layer terrain-пути отдельно не читается."", ""RGB"": ""Цвет соответствующего слоя terrain.""}",F_TERRAIN_BLEND,surface = Σ wi × layer_i,,COLOR_RGB_BC1
terrain_cb_w_4lyr_2tex_blend_lod.sps > lookupSampler,terrain_cb_w_4lyr_2tex_blend_lod.sps,terrain_cb_w_4lyr_2tex_blend_lod,0,lookupSampler,1,False,Таблица выбора слоёв,SEM_89D6190F262DF185,resolved,active,"{""A"": ""Не используется."", ""RGB"": ""Три координаты смешивания четырёх terrain-слоёв.""}",F_TERRAIN_WEIGHTS,w0=(1−R)(1−G)(1−B); w1=(1−R)(1−G)B; w2=(1−R)G(1−B); w3=(1−R)GB,,LINEAR_RGB_BC1
terrain_cb_w_4lyr_2tex_blend_pxm.sps > TextureSampler_layer0,terrain_cb_w_4lyr_2tex_blend_pxm.sps,terrain_cb_w_4lyr_2tex_blend_pxm,0,TextureSampler_layer0,0,False,Слой diffuse,SEM_EF09C2A8BCC20532,resolved,active,"{""A"": ""В 4-layer terrain-пути отдельно не читается."", ""RGB"": ""Цвет соответствующего слоя terrain.""}",F_TERRAIN_BLEND,surface = Σ wi × layer_i,,COLOR_RGB_BC1
terrain_cb_w_4lyr_2tex_blend_pxm.sps > BumpSampler_layer0,terrain_cb_w_4lyr_2tex_blend_pxm.sps,terrain_cb_w_4lyr_2tex_blend_pxm,0,BumpSampler_layer0,0,False,Слой normal,SEM_C627EBE8953FDE17,resolved,active,"{""A"": ""Не отдельная художественная маска; физическая упаковка normal map зависит от формата текстуры."", ""RGB"": ""Тангенсная нормаль после GTA-декодирования; X/Y задают наклон, Z восстанавливается/нормализуется.""}",F_TERRAIN_BLEND,surface = Σ wi × layer_i,,NORMAL_XY_AUTO
terrain_cb_w_4lyr_2tex_blend_pxm.sps > heightMapSamplerLayer0,terrain_cb_w_4lyr_2tex_blend_pxm.sps,terrain_cb_w_4lyr_2tex_blend_pxm,0,heightMapSamplerLayer0,0,False,Слой высоты/specular,SEM_6C2C8726336939B7,resolved,active,"{""A"": ""Не используется в исследованном пути."", ""B"": ""Не используется в исследованном пути."", ""G"": ""В этой не-SPM перестановке отдельно не используется."", ""R"": ""Высота для parallax/height offset.""}",,,,LINEAR_R_OR_RG_BC5
terrain_cb_w_4lyr_2tex_blend_pxm.sps > TextureSampler_layer1,terrain_cb_w_4lyr_2tex_blend_pxm.sps,terrain_cb_w_4lyr_2tex_blend_pxm,0,TextureSampler_layer1,0,False,Слой diffuse,SEM_EF09C2A8BCC20532,resolved,active,"{""A"": ""В 4-layer terrain-пути отдельно не читается."", ""RGB"": ""Цвет соответствующего слоя terrain.""}",F_TERRAIN_BLEND,surface = Σ wi × layer_i,,COLOR_RGB_BC1
terrain_cb_w_4lyr_2tex_blend_pxm.sps > BumpSampler_layer1,terrain_cb_w_4lyr_2tex_blend_pxm.sps,terrain_cb_w_4lyr_2tex_blend_pxm,0,BumpSampler_layer1,0,False,Слой normal,SEM_C627EBE8953FDE17,resolved,active,"{""A"": ""Не отдельная художественная маска; физическая упаковка normal map зависит от формата текстуры."", ""RGB"": ""Тангенсная нормаль после GTA-декодирования; X/Y задают наклон, Z восстанавливается/нормализуется.""}",F_TERRAIN_BLEND,surface = Σ wi × layer_i,,NORMAL_XY_AUTO
terrain_cb_w_4lyr_2tex_blend_pxm.sps > heightMapSamplerLayer1,terrain_cb_w_4lyr_2tex_blend_pxm.sps,terrain_cb_w_4lyr_2tex_blend_pxm,0,heightMapSamplerLayer1,0,False,Слой высоты/specular,SEM_6C2C8726336939B7,resolved,active,"{""A"": ""Не используется в исследованном пути."", ""B"": ""Не используется в исследованном пути."", ""G"": ""В этой не-SPM перестановке отдельно не используется."", ""R"": ""Высота для parallax/height offset.""}",,,,LINEAR_R_OR_RG_BC5
terrain_cb_w_4lyr_2tex_blend_pxm.sps > TextureSampler_layer2,terrain_cb_w_4lyr_2tex_blend_pxm.sps,terrain_cb_w_4lyr_2tex_blend_pxm,0,TextureSampler_layer2,0,False,Слой diffuse,SEM_EF09C2A8BCC20532,resolved,active,"{""A"": ""В 4-layer terrain-пути отдельно не читается."", ""RGB"": ""Цвет соответствующего слоя terrain.""}",F_TERRAIN_BLEND,surface = Σ wi × layer_i,,COLOR_RGB_BC1
terrain_cb_w_4lyr_2tex_blend_pxm.sps > BumpSampler_layer2,terrain_cb_w_4lyr_2tex_blend_pxm.sps,terrain_cb_w_4lyr_2tex_blend_pxm,0,BumpSampler_layer2,0,False,Слой normal,SEM_C627EBE8953FDE17,resolved,active,"{""A"": ""Не отдельная художественная маска; физическая упаковка normal map зависит от формата текстуры."", ""RGB"": ""Тангенсная нормаль после GTA-декодирования; X/Y задают наклон, Z восстанавливается/нормализуется.""}",F_TERRAIN_BLEND,surface = Σ wi × layer_i,,NORMAL_XY_AUTO
terrain_cb_w_4lyr_2tex_blend_pxm.sps > heightMapSamplerLayer2,terrain_cb_w_4lyr_2tex_blend_pxm.sps,terrain_cb_w_4lyr_2tex_blend_pxm,0,heightMapSamplerLayer2,0,False,Слой высоты/specular,SEM_6C2C8726336939B7,resolved,active,"{""A"": ""Не используется в исследованном пути."", ""B"": ""Не используется в исследованном пути."", ""G"": ""В этой не-SPM перестановке отдельно не используется."", ""R"": ""Высота для parallax/height offset.""}",,,,LINEAR_R_OR_RG_BC5
terrain_cb_w_4lyr_2tex_blend_pxm.sps > TextureSampler_layer3,terrain_cb_w_4lyr_2tex_blend_pxm.sps,terrain_cb_w_4lyr_2tex_blend_pxm,0,TextureSampler_layer3,0,False,Слой diffuse,SEM_EF09C2A8BCC20532,resolved,active,"{""A"": ""В 4-layer terrain-пути отдельно не читается."", ""RGB"": ""Цвет соответствующего слоя terrain.""}",F_TERRAIN_BLEND,surface = Σ wi × layer_i,,COLOR_RGB_BC1
terrain_cb_w_4lyr_2tex_blend_pxm.sps > BumpSampler_layer3,terrain_cb_w_4lyr_2tex_blend_pxm.sps,terrain_cb_w_4lyr_2tex_blend_pxm,0,BumpSampler_layer3,0,False,Слой normal,SEM_C627EBE8953FDE17,resolved,active,"{""A"": ""Не отдельная художественная маска; физическая упаковка normal map зависит от формата текстуры."", ""RGB"": ""Тангенсная нормаль после GTA-декодирования; X/Y задают наклон, Z восстанавливается/нормализуется.""}",F_TERRAIN_BLEND,surface = Σ wi × layer_i,,NORMAL_XY_AUTO
terrain_cb_w_4lyr_2tex_blend_pxm.sps > heightMapSamplerLayer3,terrain_cb_w_4lyr_2tex_blend_pxm.sps,terrain_cb_w_4lyr_2tex_blend_pxm,0,heightMapSamplerLayer3,0,False,Слой высоты/specular,SEM_6C2C8726336939B7,resolved,active,"{""A"": ""Не используется в исследованном пути."", ""B"": ""Не используется в исследованном пути."", ""G"": ""В этой не-SPM перестановке отдельно не используется."", ""R"": ""Высота для parallax/height offset.""}",,,,LINEAR_R_OR_RG_BC5
terrain_cb_w_4lyr_2tex_blend_pxm.sps > lookupSampler,terrain_cb_w_4lyr_2tex_blend_pxm.sps,terrain_cb_w_4lyr_2tex_blend_pxm,0,lookupSampler,1,False,Таблица выбора слоёв,SEM_89D6190F262DF185,resolved,active,"{""A"": ""Не используется."", ""RGB"": ""Три координаты смешивания четырёх terrain-слоёв.""}",F_TERRAIN_WEIGHTS,w0=(1−R)(1−G)(1−B); w1=(1−R)(1−G)B; w2=(1−R)G(1−B); w3=(1−R)GB,,LINEAR_RGB_BC1
terrain_cb_w_4lyr_2tex_blend_pxm_spm.sps > TextureSampler_layer0,terrain_cb_w_4lyr_2tex_blend_pxm_spm.sps,terrain_cb_w_4lyr_2tex_blend_pxm_spm,0,TextureSampler_layer0,0,False,Слой diffuse,SEM_EF09C2A8BCC20532,resolved,active,"{""A"": ""В 4-layer terrain-пути отдельно не читается."", ""RGB"": ""Цвет соответствующего слоя terrain.""}",F_TERRAIN_BLEND,surface = Σ wi × layer_i,,COLOR_RGB_BC1
terrain_cb_w_4lyr_2tex_blend_pxm_spm.sps > BumpSampler_layer0,terrain_cb_w_4lyr_2tex_blend_pxm_spm.sps,terrain_cb_w_4lyr_2tex_blend_pxm_spm,0,BumpSampler_layer0,0,False,Слой normal,SEM_C627EBE8953FDE17,resolved,active,"{""A"": ""Не отдельная художественная маска; физическая упаковка normal map зависит от формата текстуры."", ""RGB"": ""Тангенсная нормаль после GTA-декодирования; X/Y задают наклон, Z восстанавливается/нормализуется.""}",F_TERRAIN_BLEND,surface = Σ wi × layer_i,,NORMAL_XY_AUTO
terrain_cb_w_4lyr_2tex_blend_pxm_spm.sps > heightMapSamplerLayer0,terrain_cb_w_4lyr_2tex_blend_pxm_spm.sps,terrain_cb_w_4lyr_2tex_blend_pxm_spm,0,heightMapSamplerLayer0,0,False,Слой высоты/specular,SEM_DDBBED16C22D7212,resolved,active,"{""A"": ""Не используется в исследованном пути."", ""B"": ""Не используется в исследованном пути."", ""G"": ""Локальная specular-маска слоя; участвует как G²."", ""R"": ""Высота для parallax/height offset.""}",F_TERRAIN_SPM,"s=Gheight²; I=Ispm×lerp(1,s,IntensityAdjust); n=Fspm×lerp(1,s,FalloffAdjust)",,LINEAR_R_OR_RG_BC5
terrain_cb_w_4lyr_2tex_blend_pxm_spm.sps > TextureSampler_layer1,terrain_cb_w_4lyr_2tex_blend_pxm_spm.sps,terrain_cb_w_4lyr_2tex_blend_pxm_spm,0,TextureSampler_layer1,0,False,Слой diffuse,SEM_EF09C2A8BCC20532,resolved,active,"{""A"": ""В 4-layer terrain-пути отдельно не читается."", ""RGB"": ""Цвет соответствующего слоя terrain.""}",F_TERRAIN_BLEND,surface = Σ wi × layer_i,,COLOR_RGB_BC1
terrain_cb_w_4lyr_2tex_blend_pxm_spm.sps > BumpSampler_layer1,terrain_cb_w_4lyr_2tex_blend_pxm_spm.sps,terrain_cb_w_4lyr_2tex_blend_pxm_spm,0,BumpSampler_layer1,0,False,Слой normal,SEM_C627EBE8953FDE17,resolved,active,"{""A"": ""Не отдельная художественная маска; физическая упаковка normal map зависит от формата текстуры."", ""RGB"": ""Тангенсная нормаль после GTA-декодирования; X/Y задают наклон, Z восстанавливается/нормализуется.""}",F_TERRAIN_BLEND,surface = Σ wi × layer_i,,NORMAL_XY_AUTO
terrain_cb_w_4lyr_2tex_blend_pxm_spm.sps > heightMapSamplerLayer1,terrain_cb_w_4lyr_2tex_blend_pxm_spm.sps,terrain_cb_w_4lyr_2tex_blend_pxm_spm,0,heightMapSamplerLayer1,0,False,Слой высоты/specular,SEM_DDBBED16C22D7212,resolved,active,"{""A"": ""Не используется в исследованном пути."", ""B"": ""Не используется в исследованном пути."", ""G"": ""Локальная specular-маска слоя; участвует как G²."", ""R"": ""Высота для parallax/height offset.""}",F_TERRAIN_SPM,"s=Gheight²; I=Ispm×lerp(1,s,IntensityAdjust); n=Fspm×lerp(1,s,FalloffAdjust)",,LINEAR_R_OR_RG_BC5
terrain_cb_w_4lyr_2tex_blend_pxm_spm.sps > TextureSampler_layer2,terrain_cb_w_4lyr_2tex_blend_pxm_spm.sps,terrain_cb_w_4lyr_2tex_blend_pxm_spm,0,TextureSampler_layer2,0,False,Слой diffuse,SEM_EF09C2A8BCC20532,resolved,active,"{""A"": ""В 4-layer terrain-пути отдельно не читается."", ""RGB"": ""Цвет соответствующего слоя terrain.""}",F_TERRAIN_BLEND,surface = Σ wi × layer_i,,COLOR_RGB_BC1
terrain_cb_w_4lyr_2tex_blend_pxm_spm.sps > BumpSampler_layer2,terrain_cb_w_4lyr_2tex_blend_pxm_spm.sps,terrain_cb_w_4lyr_2tex_blend_pxm_spm,0,BumpSampler_layer2,0,False,Слой normal,SEM_C627EBE8953FDE17,resolved,active,"{""A"": ""Не отдельная художественная маска; физическая упаковка normal map зависит от формата текстуры."", ""RGB"": ""Тангенсная нормаль после GTA-декодирования; X/Y задают наклон, Z восстанавливается/нормализуется.""}",F_TERRAIN_BLEND,surface = Σ wi × layer_i,,NORMAL_XY_AUTO
terrain_cb_w_4lyr_2tex_blend_pxm_spm.sps > heightMapSamplerLayer2,terrain_cb_w_4lyr_2tex_blend_pxm_spm.sps,terrain_cb_w_4lyr_2tex_blend_pxm_spm,0,heightMapSamplerLayer2,0,False,Слой высоты/specular,SEM_DDBBED16C22D7212,resolved,active,"{""A"": ""Не используется в исследованном пути."", ""B"": ""Не используется в исследованном пути."", ""G"": ""Локальная specular-маска слоя; участвует как G²."", ""R"": ""Высота для parallax/height offset.""}",F_TERRAIN_SPM,"s=Gheight²; I=Ispm×lerp(1,s,IntensityAdjust); n=Fspm×lerp(1,s,FalloffAdjust)",,LINEAR_R_OR_RG_BC5
terrain_cb_w_4lyr_2tex_blend_pxm_spm.sps > TextureSampler_layer3,terrain_cb_w_4lyr_2tex_blend_pxm_spm.sps,terrain_cb_w_4lyr_2tex_blend_pxm_spm,0,TextureSampler_layer3,0,False,Слой diffuse,SEM_EF09C2A8BCC20532,resolved,active,"{""A"": ""В 4-layer terrain-пути отдельно не читается."", ""RGB"": ""Цвет соответствующего слоя terrain.""}",F_TERRAIN_BLEND,surface = Σ wi × layer_i,,COLOR_RGB_BC1
terrain_cb_w_4lyr_2tex_blend_pxm_spm.sps > BumpSampler_layer3,terrain_cb_w_4lyr_2tex_blend_pxm_spm.sps,terrain_cb_w_4lyr_2tex_blend_pxm_spm,0,BumpSampler_layer3,0,False,Слой normal,SEM_C627EBE8953FDE17,resolved,active,"{""A"": ""Не отдельная художественная маска; физическая упаковка normal map зависит от формата текстуры."", ""RGB"": ""Тангенсная нормаль после GTA-декодирования; X/Y задают наклон, Z восстанавливается/нормализуется.""}",F_TERRAIN_BLEND,surface = Σ wi × layer_i,,NORMAL_XY_AUTO
terrain_cb_w_4lyr_2tex_blend_pxm_spm.sps > heightMapSamplerLayer3,terrain_cb_w_4lyr_2tex_blend_pxm_spm.sps,terrain_cb_w_4lyr_2tex_blend_pxm_spm,0,heightMapSamplerLayer3,0,False,Слой высоты/specular,SEM_DDBBED16C22D7212,resolved,active,"{""A"": ""Не используется в исследованном пути."", ""B"": ""Не используется в исследованном пути."", ""G"": ""Локальная specular-маска слоя; участвует как G²."", ""R"": ""Высота для parallax/height offset.""}",F_TERRAIN_SPM,"s=Gheight²; I=Ispm×lerp(1,s,IntensityAdjust); n=Fspm×lerp(1,s,FalloffAdjust)",,LINEAR_R_OR_RG_BC5
terrain_cb_w_4lyr_2tex_blend_pxm_spm.sps > lookupSampler,terrain_cb_w_4lyr_2tex_blend_pxm_spm.sps,terrain_cb_w_4lyr_2tex_blend_pxm_spm,0,lookupSampler,1,False,Таблица выбора слоёв,SEM_89D6190F262DF185,resolved,active,"{""A"": ""Не используется."", ""RGB"": ""Три координаты смешивания четырёх terrain-слоёв.""}",F_TERRAIN_WEIGHTS,w0=(1−R)(1−G)(1−B); w1=(1−R)(1−G)B; w2=(1−R)G(1−B); w3=(1−R)GB,,LINEAR_RGB_BC1
terrain_cb_w_4lyr_2tex_pxm.sps > TextureSampler_layer0,terrain_cb_w_4lyr_2tex_pxm.sps,terrain_cb_w_4lyr_2tex_pxm,0,TextureSampler_layer0,0,False,Слой diffuse,SEM_EF09C2A8BCC20532,resolved,active,"{""A"": ""В 4-layer terrain-пути отдельно не читается."", ""RGB"": ""Цвет соответствующего слоя terrain.""}",F_TERRAIN_BLEND,surface = Σ wi × layer_i,,COLOR_RGB_BC1
terrain_cb_w_4lyr_2tex_pxm.sps > BumpSampler_layer0,terrain_cb_w_4lyr_2tex_pxm.sps,terrain_cb_w_4lyr_2tex_pxm,0,BumpSampler_layer0,0,False,Слой normal,SEM_C627EBE8953FDE17,resolved,active,"{""A"": ""Не отдельная художественная маска; физическая упаковка normal map зависит от формата текстуры."", ""RGB"": ""Тангенсная нормаль после GTA-декодирования; X/Y задают наклон, Z восстанавливается/нормализуется.""}",F_TERRAIN_BLEND,surface = Σ wi × layer_i,,NORMAL_XY_AUTO
terrain_cb_w_4lyr_2tex_pxm.sps > heightMapSamplerLayer0,terrain_cb_w_4lyr_2tex_pxm.sps,terrain_cb_w_4lyr_2tex_pxm,0,heightMapSamplerLayer0,0,False,Слой высоты/specular,SEM_6C2C8726336939B7,resolved,active,"{""A"": ""Не используется в исследованном пути."", ""B"": ""Не используется в исследованном пути."", ""G"": ""В этой не-SPM перестановке отдельно не используется."", ""R"": ""Высота для parallax/height offset.""}",,,,LINEAR_R_OR_RG_BC5
terrain_cb_w_4lyr_2tex_pxm.sps > TextureSampler_layer1,terrain_cb_w_4lyr_2tex_pxm.sps,terrain_cb_w_4lyr_2tex_pxm,0,TextureSampler_layer1,1,False,Слой diffuse,SEM_EF09C2A8BCC20532,resolved,active,"{""A"": ""В 4-layer terrain-пути отдельно не читается."", ""RGB"": ""Цвет соответствующего слоя terrain.""}",F_TERRAIN_BLEND,surface = Σ wi × layer_i,,COLOR_RGB_BC1
terrain_cb_w_4lyr_2tex_pxm.sps > BumpSampler_layer1,terrain_cb_w_4lyr_2tex_pxm.sps,terrain_cb_w_4lyr_2tex_pxm,0,BumpSampler_layer1,1,False,Слой normal,SEM_C627EBE8953FDE17,resolved,active,"{""A"": ""Не отдельная художественная маска; физическая упаковка normal map зависит от формата текстуры."", ""RGB"": ""Тангенсная нормаль после GTA-декодирования; X/Y задают наклон, Z восстанавливается/нормализуется.""}",F_TERRAIN_BLEND,surface = Σ wi × layer_i,,NORMAL_XY_AUTO
terrain_cb_w_4lyr_2tex_pxm.sps > heightMapSamplerLayer1,terrain_cb_w_4lyr_2tex_pxm.sps,terrain_cb_w_4lyr_2tex_pxm,0,heightMapSamplerLayer1,1,False,Слой высоты/specular,SEM_6C2C8726336939B7,resolved,active,"{""A"": ""Не используется в исследованном пути."", ""B"": ""Не используется в исследованном пути."", ""G"": ""В этой не-SPM перестановке отдельно не используется."", ""R"": ""Высота для parallax/height offset.""}",,,,LINEAR_R_OR_RG_BC5
terrain_cb_w_4lyr_2tex_pxm.sps > TextureSampler_layer2,terrain_cb_w_4lyr_2tex_pxm.sps,terrain_cb_w_4lyr_2tex_pxm,0,TextureSampler_layer2,1,False,Слой diffuse,SEM_EF09C2A8BCC20532,resolved,active,"{""A"": ""В 4-layer terrain-пути отдельно не читается."", ""RGB"": ""Цвет соответствующего слоя terrain.""}",F_TERRAIN_BLEND,surface = Σ wi × layer_i,,COLOR_RGB_BC1
terrain_cb_w_4lyr_2tex_pxm.sps > BumpSampler_layer2,terrain_cb_w_4lyr_2tex_pxm.sps,terrain_cb_w_4lyr_2tex_pxm,0,BumpSampler_layer2,1,False,Слой normal,SEM_C627EBE8953FDE17,resolved,active,"{""A"": ""Не отдельная художественная маска; физическая упаковка normal map зависит от формата текстуры."", ""RGB"": ""Тангенсная нормаль после GTA-декодирования; X/Y задают наклон, Z восстанавливается/нормализуется.""}",F_TERRAIN_BLEND,surface = Σ wi × layer_i,,NORMAL_XY_AUTO
terrain_cb_w_4lyr_2tex_pxm.sps > heightMapSamplerLayer2,terrain_cb_w_4lyr_2tex_pxm.sps,terrain_cb_w_4lyr_2tex_pxm,0,heightMapSamplerLayer2,1,False,Слой высоты/specular,SEM_6C2C8726336939B7,resolved,active,"{""A"": ""Не используется в исследованном пути."", ""B"": ""Не используется в исследованном пути."", ""G"": ""В этой не-SPM перестановке отдельно не используется."", ""R"": ""Высота для parallax/height offset.""}",,,,LINEAR_R_OR_RG_BC5
terrain_cb_w_4lyr_2tex_pxm.sps > TextureSampler_layer3,terrain_cb_w_4lyr_2tex_pxm.sps,terrain_cb_w_4lyr_2tex_pxm,0,TextureSampler_layer3,1,False,Слой diffuse,SEM_EF09C2A8BCC20532,resolved,active,"{""A"": ""В 4-layer terrain-пути отдельно не читается."", ""RGB"": ""Цвет соответствующего слоя terrain.""}",F_TERRAIN_BLEND,surface = Σ wi × layer_i,,COLOR_RGB_BC1
terrain_cb_w_4lyr_2tex_pxm.sps > BumpSampler_layer3,terrain_cb_w_4lyr_2tex_pxm.sps,terrain_cb_w_4lyr_2tex_pxm,0,BumpSampler_layer3,1,False,Слой normal,SEM_C627EBE8953FDE17,resolved,active,"{""A"": ""Не отдельная художественная маска; физическая упаковка normal map зависит от формата текстуры."", ""RGB"": ""Тангенсная нормаль после GTA-декодирования; X/Y задают наклон, Z восстанавливается/нормализуется.""}",F_TERRAIN_BLEND,surface = Σ wi × layer_i,,NORMAL_XY_AUTO
terrain_cb_w_4lyr_2tex_pxm.sps > heightMapSamplerLayer3,terrain_cb_w_4lyr_2tex_pxm.sps,terrain_cb_w_4lyr_2tex_pxm,0,heightMapSamplerLayer3,1,False,Слой высоты/specular,SEM_6C2C8726336939B7,resolved,active,"{""A"": ""Не используется в исследованном пути."", ""B"": ""Не используется в исследованном пути."", ""G"": ""В этой не-SPM перестановке отдельно не используется."", ""R"": ""Высота для parallax/height offset.""}",,,,LINEAR_R_OR_RG_BC5
terrain_cb_w_4lyr_cm.sps > TextureSampler_layer0,terrain_cb_w_4lyr_cm.sps,terrain_cb_w_4lyr_cm,0,TextureSampler_layer0,0,False,Слой diffuse,SEM_EF09C2A8BCC20532,resolved,active,"{""A"": ""В 4-layer terrain-пути отдельно не читается."", ""RGB"": ""Цвет соответствующего слоя terrain.""}",F_TERRAIN_BLEND,surface = Σ wi × layer_i,,COLOR_RGB_BC1
terrain_cb_w_4lyr_cm.sps > BumpSampler_layer0,terrain_cb_w_4lyr_cm.sps,terrain_cb_w_4lyr_cm,0,BumpSampler_layer0,0,False,Слой normal,SEM_C627EBE8953FDE17,resolved,active,"{""A"": ""Не отдельная художественная маска; физическая упаковка normal map зависит от формата текстуры."", ""RGB"": ""Тангенсная нормаль после GTA-декодирования; X/Y задают наклон, Z восстанавливается/нормализуется.""}",F_TERRAIN_BLEND,surface = Σ wi × layer_i,,NORMAL_XY_AUTO
terrain_cb_w_4lyr_cm.sps > TextureSampler_layer1,terrain_cb_w_4lyr_cm.sps,terrain_cb_w_4lyr_cm,0,TextureSampler_layer1,0,False,Слой diffuse,SEM_EF09C2A8BCC20532,resolved,active,"{""A"": ""В 4-layer terrain-пути отдельно не читается."", ""RGB"": ""Цвет соответствующего слоя terrain.""}",F_TERRAIN_BLEND,surface = Σ wi × layer_i,,COLOR_RGB_BC1
terrain_cb_w_4lyr_cm.sps > BumpSampler_layer1,terrain_cb_w_4lyr_cm.sps,terrain_cb_w_4lyr_cm,0,BumpSampler_layer1,0,False,Слой normal,SEM_C627EBE8953FDE17,resolved,active,"{""A"": ""Не отдельная художественная маска; физическая упаковка normal map зависит от формата текстуры."", ""RGB"": ""Тангенсная нормаль после GTA-декодирования; X/Y задают наклон, Z восстанавливается/нормализуется.""}",F_TERRAIN_BLEND,surface = Σ wi × layer_i,,NORMAL_XY_AUTO
terrain_cb_w_4lyr_cm.sps > TextureSampler_layer2,terrain_cb_w_4lyr_cm.sps,terrain_cb_w_4lyr_cm,0,TextureSampler_layer2,0,False,Слой diffuse,SEM_EF09C2A8BCC20532,resolved,active,"{""A"": ""В 4-layer terrain-пути отдельно не читается."", ""RGB"": ""Цвет соответствующего слоя terrain.""}",F_TERRAIN_BLEND,surface = Σ wi × layer_i,,COLOR_RGB_BC1
terrain_cb_w_4lyr_cm.sps > BumpSampler_layer2,terrain_cb_w_4lyr_cm.sps,terrain_cb_w_4lyr_cm,0,BumpSampler_layer2,0,False,Слой normal,SEM_C627EBE8953FDE17,resolved,active,"{""A"": ""Не отдельная художественная маска; физическая упаковка normal map зависит от формата текстуры."", ""RGB"": ""Тангенсная нормаль после GTA-декодирования; X/Y задают наклон, Z восстанавливается/нормализуется.""}",F_TERRAIN_BLEND,surface = Σ wi × layer_i,,NORMAL_XY_AUTO
terrain_cb_w_4lyr_cm.sps > TextureSampler_layer3,terrain_cb_w_4lyr_cm.sps,terrain_cb_w_4lyr_cm,0,TextureSampler_layer3,0,False,Слой diffuse,SEM_EF09C2A8BCC20532,resolved,active,"{""A"": ""В 4-layer terrain-пути отдельно не читается."", ""RGB"": ""Цвет соответствующего слоя terrain.""}",F_TERRAIN_BLEND,surface = Σ wi × layer_i,,COLOR_RGB_BC1
terrain_cb_w_4lyr_cm.sps > BumpSampler_layer3,terrain_cb_w_4lyr_cm.sps,terrain_cb_w_4lyr_cm,0,BumpSampler_layer3,0,False,Слой normal,SEM_C627EBE8953FDE17,resolved,active,"{""A"": ""Не отдельная художественная маска; физическая упаковка normal map зависит от формата текстуры."", ""RGB"": ""Тангенсная нормаль после GTA-декодирования; X/Y задают наклон, Z восстанавливается/нормализуется.""}",F_TERRAIN_BLEND,surface = Σ wi × layer_i,,NORMAL_XY_AUTO
terrain_cb_w_4lyr_cm.sps > lookupSampler,terrain_cb_w_4lyr_cm.sps,terrain_cb_w_4lyr_cm,0,lookupSampler,1,False,Таблица выбора слоёв,SEM_89D6190F262DF185,resolved,active,"{""A"": ""Не используется."", ""RGB"": ""Три координаты смешивания четырёх terrain-слоёв.""}",F_TERRAIN_WEIGHTS,w0=(1−R)(1−G)(1−B); w1=(1−R)(1−G)B; w2=(1−R)G(1−B); w3=(1−R)GB,,LINEAR_RGB_BC1
terrain_cb_w_4lyr_cm_pxm.sps > TextureSampler_layer0,terrain_cb_w_4lyr_cm_pxm.sps,terrain_cb_w_4lyr_cm_pxm,0,TextureSampler_layer0,0,False,Слой diffuse,SEM_EF09C2A8BCC20532,resolved,active,"{""A"": ""В 4-layer terrain-пути отдельно не читается."", ""RGB"": ""Цвет соответствующего слоя terrain.""}",F_TERRAIN_BLEND,surface = Σ wi × layer_i,,COLOR_RGB_BC1
terrain_cb_w_4lyr_cm_pxm.sps > BumpSampler_layer0,terrain_cb_w_4lyr_cm_pxm.sps,terrain_cb_w_4lyr_cm_pxm,0,BumpSampler_layer0,0,False,Слой normal,SEM_C627EBE8953FDE17,resolved,active,"{""A"": ""Не отдельная художественная маска; физическая упаковка normal map зависит от формата текстуры."", ""RGB"": ""Тангенсная нормаль после GTA-декодирования; X/Y задают наклон, Z восстанавливается/нормализуется.""}",F_TERRAIN_BLEND,surface = Σ wi × layer_i,,NORMAL_XY_AUTO
terrain_cb_w_4lyr_cm_pxm.sps > heightMapSamplerLayer0,terrain_cb_w_4lyr_cm_pxm.sps,terrain_cb_w_4lyr_cm_pxm,0,heightMapSamplerLayer0,0,False,Слой высоты/specular,SEM_6C2C8726336939B7,resolved,active,"{""A"": ""Не используется в исследованном пути."", ""B"": ""Не используется в исследованном пути."", ""G"": ""В этой не-SPM перестановке отдельно не используется."", ""R"": ""Высота для parallax/height offset.""}",,,,LINEAR_R_OR_RG_BC5
terrain_cb_w_4lyr_cm_pxm.sps > TextureSampler_layer1,terrain_cb_w_4lyr_cm_pxm.sps,terrain_cb_w_4lyr_cm_pxm,0,TextureSampler_layer1,0,False,Слой diffuse,SEM_EF09C2A8BCC20532,resolved,active,"{""A"": ""В 4-layer terrain-пути отдельно не читается."", ""RGB"": ""Цвет соответствующего слоя terrain.""}",F_TERRAIN_BLEND,surface = Σ wi × layer_i,,COLOR_RGB_BC1
terrain_cb_w_4lyr_cm_pxm.sps > BumpSampler_layer1,terrain_cb_w_4lyr_cm_pxm.sps,terrain_cb_w_4lyr_cm_pxm,0,BumpSampler_layer1,0,False,Слой normal,SEM_C627EBE8953FDE17,resolved,active,"{""A"": ""Не отдельная художественная маска; физическая упаковка normal map зависит от формата текстуры."", ""RGB"": ""Тангенсная нормаль после GTA-декодирования; X/Y задают наклон, Z восстанавливается/нормализуется.""}",F_TERRAIN_BLEND,surface = Σ wi × layer_i,,NORMAL_XY_AUTO
terrain_cb_w_4lyr_cm_pxm.sps > heightMapSamplerLayer1,terrain_cb_w_4lyr_cm_pxm.sps,terrain_cb_w_4lyr_cm_pxm,0,heightMapSamplerLayer1,0,False,Слой высоты/specular,SEM_6C2C8726336939B7,resolved,active,"{""A"": ""Не используется в исследованном пути."", ""B"": ""Не используется в исследованном пути."", ""G"": ""В этой не-SPM перестановке отдельно не используется."", ""R"": ""Высота для parallax/height offset.""}",,,,LINEAR_R_OR_RG_BC5
terrain_cb_w_4lyr_cm_pxm.sps > TextureSampler_layer2,terrain_cb_w_4lyr_cm_pxm.sps,terrain_cb_w_4lyr_cm_pxm,0,TextureSampler_layer2,0,False,Слой diffuse,SEM_EF09C2A8BCC20532,resolved,active,"{""A"": ""В 4-layer terrain-пути отдельно не читается."", ""RGB"": ""Цвет соответствующего слоя terrain.""}",F_TERRAIN_BLEND,surface = Σ wi × layer_i,,COLOR_RGB_BC1
terrain_cb_w_4lyr_cm_pxm.sps > BumpSampler_layer2,terrain_cb_w_4lyr_cm_pxm.sps,terrain_cb_w_4lyr_cm_pxm,0,BumpSampler_layer2,0,False,Слой normal,SEM_C627EBE8953FDE17,resolved,active,"{""A"": ""Не отдельная художественная маска; физическая упаковка normal map зависит от формата текстуры."", ""RGB"": ""Тангенсная нормаль после GTA-декодирования; X/Y задают наклон, Z восстанавливается/нормализуется.""}",F_TERRAIN_BLEND,surface = Σ wi × layer_i,,NORMAL_XY_AUTO
terrain_cb_w_4lyr_cm_pxm.sps > heightMapSamplerLayer2,terrain_cb_w_4lyr_cm_pxm.sps,terrain_cb_w_4lyr_cm_pxm,0,heightMapSamplerLayer2,0,False,Слой высоты/specular,SEM_6C2C8726336939B7,resolved,active,"{""A"": ""Не используется в исследованном пути."", ""B"": ""Не используется в исследованном пути."", ""G"": ""В этой не-SPM перестановке отдельно не используется."", ""R"": ""Высота для parallax/height offset.""}",,,,LINEAR_R_OR_RG_BC5
terrain_cb_w_4lyr_cm_pxm.sps > TextureSampler_layer3,terrain_cb_w_4lyr_cm_pxm.sps,terrain_cb_w_4lyr_cm_pxm,0,TextureSampler_layer3,0,False,Слой diffuse,SEM_EF09C2A8BCC20532,resolved,active,"{""A"": ""В 4-layer terrain-пути отдельно не читается."", ""RGB"": ""Цвет соответствующего слоя terrain.""}",F_TERRAIN_BLEND,surface = Σ wi × layer_i,,COLOR_RGB_BC1
terrain_cb_w_4lyr_cm_pxm.sps > BumpSampler_layer3,terrain_cb_w_4lyr_cm_pxm.sps,terrain_cb_w_4lyr_cm_pxm,0,BumpSampler_layer3,0,False,Слой normal,SEM_C627EBE8953FDE17,resolved,active,"{""A"": ""Не отдельная художественная маска; физическая упаковка normal map зависит от формата текстуры."", ""RGB"": ""Тангенсная нормаль после GTA-декодирования; X/Y задают наклон, Z восстанавливается/нормализуется.""}",F_TERRAIN_BLEND,surface = Σ wi × layer_i,,NORMAL_XY_AUTO
terrain_cb_w_4lyr_cm_pxm.sps > heightMapSamplerLayer3,terrain_cb_w_4lyr_cm_pxm.sps,terrain_cb_w_4lyr_cm_pxm,0,heightMapSamplerLayer3,0,False,Слой высоты/specular,SEM_6C2C8726336939B7,resolved,active,"{""A"": ""Не используется в исследованном пути."", ""B"": ""Не используется в исследованном пути."", ""G"": ""В этой не-SPM перестановке отдельно не используется."", ""R"": ""Высота для parallax/height offset.""}",,,,LINEAR_R_OR_RG_BC5
terrain_cb_w_4lyr_cm_pxm.sps > lookupSampler,terrain_cb_w_4lyr_cm_pxm.sps,terrain_cb_w_4lyr_cm_pxm,0,lookupSampler,1,False,Таблица выбора слоёв,SEM_89D6190F262DF185,resolved,active,"{""A"": ""Не используется."", ""RGB"": ""Три координаты смешивания четырёх terrain-слоёв.""}",F_TERRAIN_WEIGHTS,w0=(1−R)(1−G)(1−B); w1=(1−R)(1−G)B; w2=(1−R)G(1−B); w3=(1−R)GB,,LINEAR_RGB_BC1
terrain_cb_w_4lyr_cm_pxm_tnt.sps > TintPaletteSampler,terrain_cb_w_4lyr_cm_pxm_tnt.sps,terrain_cb_w_4lyr_cm_pxm_tnt,0,TintPaletteSampler,,False,Палитра оттенков,SEM_E5F13C1CA164E7EB,resolved,active,"{""A"": ""Отдельно не используется."", ""RGB"": ""Цвет палитры, умножаемый на итоговый terrain RGB.""}",F_TERRAIN_TINT,"RGBout = RGBterrain × TintPalette(Colour0.B, tintPaletteSelector.X)",,PALETTE_RGBA8
terrain_cb_w_4lyr_cm_pxm_tnt.sps > TextureSampler_layer0,terrain_cb_w_4lyr_cm_pxm_tnt.sps,terrain_cb_w_4lyr_cm_pxm_tnt,0,TextureSampler_layer0,0,False,Слой diffuse,SEM_EF09C2A8BCC20532,resolved,active,"{""A"": ""В 4-layer terrain-пути отдельно не читается."", ""RGB"": ""Цвет соответствующего слоя terrain.""}",F_TERRAIN_BLEND,surface = Σ wi × layer_i,,COLOR_RGB_BC1
terrain_cb_w_4lyr_cm_pxm_tnt.sps > BumpSampler_layer0,terrain_cb_w_4lyr_cm_pxm_tnt.sps,terrain_cb_w_4lyr_cm_pxm_tnt,0,BumpSampler_layer0,0,False,Слой normal,SEM_C627EBE8953FDE17,resolved,active,"{""A"": ""Не отдельная художественная маска; физическая упаковка normal map зависит от формата текстуры."", ""RGB"": ""Тангенсная нормаль после GTA-декодирования; X/Y задают наклон, Z восстанавливается/нормализуется.""}",F_TERRAIN_BLEND,surface = Σ wi × layer_i,,NORMAL_XY_AUTO
terrain_cb_w_4lyr_cm_pxm_tnt.sps > heightMapSamplerLayer0,terrain_cb_w_4lyr_cm_pxm_tnt.sps,terrain_cb_w_4lyr_cm_pxm_tnt,0,heightMapSamplerLayer0,0,False,Слой высоты/specular,SEM_6C2C8726336939B7,resolved,active,"{""A"": ""Не используется в исследованном пути."", ""B"": ""Не используется в исследованном пути."", ""G"": ""В этой не-SPM перестановке отдельно не используется."", ""R"": ""Высота для parallax/height offset.""}",,,,LINEAR_R_OR_RG_BC5
terrain_cb_w_4lyr_cm_pxm_tnt.sps > TextureSampler_layer1,terrain_cb_w_4lyr_cm_pxm_tnt.sps,terrain_cb_w_4lyr_cm_pxm_tnt,0,TextureSampler_layer1,0,False,Слой diffuse,SEM_EF09C2A8BCC20532,resolved,active,"{""A"": ""В 4-layer terrain-пути отдельно не читается."", ""RGB"": ""Цвет соответствующего слоя terrain.""}",F_TERRAIN_BLEND,surface = Σ wi × layer_i,,COLOR_RGB_BC1
terrain_cb_w_4lyr_cm_pxm_tnt.sps > BumpSampler_layer1,terrain_cb_w_4lyr_cm_pxm_tnt.sps,terrain_cb_w_4lyr_cm_pxm_tnt,0,BumpSampler_layer1,0,False,Слой normal,SEM_C627EBE8953FDE17,resolved,active,"{""A"": ""Не отдельная художественная маска; физическая упаковка normal map зависит от формата текстуры."", ""RGB"": ""Тангенсная нормаль после GTA-декодирования; X/Y задают наклон, Z восстанавливается/нормализуется.""}",F_TERRAIN_BLEND,surface = Σ wi × layer_i,,NORMAL_XY_AUTO
terrain_cb_w_4lyr_cm_pxm_tnt.sps > heightMapSamplerLayer1,terrain_cb_w_4lyr_cm_pxm_tnt.sps,terrain_cb_w_4lyr_cm_pxm_tnt,0,heightMapSamplerLayer1,0,False,Слой высоты/specular,SEM_6C2C8726336939B7,resolved,active,"{""A"": ""Не используется в исследованном пути."", ""B"": ""Не используется в исследованном пути."", ""G"": ""В этой не-SPM перестановке отдельно не используется."", ""R"": ""Высота для parallax/height offset.""}",,,,LINEAR_R_OR_RG_BC5
terrain_cb_w_4lyr_cm_pxm_tnt.sps > TextureSampler_layer2,terrain_cb_w_4lyr_cm_pxm_tnt.sps,terrain_cb_w_4lyr_cm_pxm_tnt,0,TextureSampler_layer2,0,False,Слой diffuse,SEM_EF09C2A8BCC20532,resolved,active,"{""A"": ""В 4-layer terrain-пути отдельно не читается."", ""RGB"": ""Цвет соответствующего слоя terrain.""}",F_TERRAIN_BLEND,surface = Σ wi × layer_i,,COLOR_RGB_BC1
terrain_cb_w_4lyr_cm_pxm_tnt.sps > BumpSampler_layer2,terrain_cb_w_4lyr_cm_pxm_tnt.sps,terrain_cb_w_4lyr_cm_pxm_tnt,0,BumpSampler_layer2,0,False,Слой normal,SEM_C627EBE8953FDE17,resolved,active,"{""A"": ""Не отдельная художественная маска; физическая упаковка normal map зависит от формата текстуры."", ""RGB"": ""Тангенсная нормаль после GTA-декодирования; X/Y задают наклон, Z восстанавливается/нормализуется.""}",F_TERRAIN_BLEND,surface = Σ wi × layer_i,,NORMAL_XY_AUTO
terrain_cb_w_4lyr_cm_pxm_tnt.sps > heightMapSamplerLayer2,terrain_cb_w_4lyr_cm_pxm_tnt.sps,terrain_cb_w_4lyr_cm_pxm_tnt,0,heightMapSamplerLayer2,0,False,Слой высоты/specular,SEM_6C2C8726336939B7,resolved,active,"{""A"": ""Не используется в исследованном пути."", ""B"": ""Не используется в исследованном пути."", ""G"": ""В этой не-SPM перестановке отдельно не используется."", ""R"": ""Высота для parallax/height offset.""}",,,,LINEAR_R_OR_RG_BC5
terrain_cb_w_4lyr_cm_pxm_tnt.sps > TextureSampler_layer3,terrain_cb_w_4lyr_cm_pxm_tnt.sps,terrain_cb_w_4lyr_cm_pxm_tnt,0,TextureSampler_layer3,0,False,Слой diffuse,SEM_EF09C2A8BCC20532,resolved,active,"{""A"": ""В 4-layer terrain-пути отдельно не читается."", ""RGB"": ""Цвет соответствующего слоя terrain.""}",F_TERRAIN_BLEND,surface = Σ wi × layer_i,,COLOR_RGB_BC1
terrain_cb_w_4lyr_cm_pxm_tnt.sps > BumpSampler_layer3,terrain_cb_w_4lyr_cm_pxm_tnt.sps,terrain_cb_w_4lyr_cm_pxm_tnt,0,BumpSampler_layer3,0,False,Слой normal,SEM_C627EBE8953FDE17,resolved,active,"{""A"": ""Не отдельная художественная маска; физическая упаковка normal map зависит от формата текстуры."", ""RGB"": ""Тангенсная нормаль после GTA-декодирования; X/Y задают наклон, Z восстанавливается/нормализуется.""}",F_TERRAIN_BLEND,surface = Σ wi × layer_i,,NORMAL_XY_AUTO
terrain_cb_w_4lyr_cm_pxm_tnt.sps > heightMapSamplerLayer3,terrain_cb_w_4lyr_cm_pxm_tnt.sps,terrain_cb_w_4lyr_cm_pxm_tnt,0,heightMapSamplerLayer3,0,False,Слой высоты/specular,SEM_6C2C8726336939B7,resolved,active,"{""A"": ""Не используется в исследованном пути."", ""B"": ""Не используется в исследованном пути."", ""G"": ""В этой не-SPM перестановке отдельно не используется."", ""R"": ""Высота для parallax/height offset.""}",,,,LINEAR_R_OR_RG_BC5
terrain_cb_w_4lyr_cm_pxm_tnt.sps > lookupSampler,terrain_cb_w_4lyr_cm_pxm_tnt.sps,terrain_cb_w_4lyr_cm_pxm_tnt,0,lookupSampler,1,False,Таблица выбора слоёв,SEM_89D6190F262DF185,resolved,active,"{""A"": ""Не используется."", ""RGB"": ""Три координаты смешивания четырёх terrain-слоёв.""}",F_TERRAIN_WEIGHTS,w0=(1−R)(1−G)(1−B); w1=(1−R)(1−G)B; w2=(1−R)G(1−B); w3=(1−R)GB,,LINEAR_RGB_BC1
terrain_cb_w_4lyr_cm_tnt.sps > TintPaletteSampler,terrain_cb_w_4lyr_cm_tnt.sps,terrain_cb_w_4lyr_cm_tnt,0,TintPaletteSampler,,False,Палитра оттенков,SEM_E5F13C1CA164E7EB,resolved,active,"{""A"": ""Отдельно не используется."", ""RGB"": ""Цвет палитры, умножаемый на итоговый terrain RGB.""}",F_TERRAIN_TINT,"RGBout = RGBterrain × TintPalette(Colour0.B, tintPaletteSelector.X)",,PALETTE_RGBA8
terrain_cb_w_4lyr_cm_tnt.sps > TextureSampler_layer0,terrain_cb_w_4lyr_cm_tnt.sps,terrain_cb_w_4lyr_cm_tnt,0,TextureSampler_layer0,0,False,Слой diffuse,SEM_EF09C2A8BCC20532,resolved,active,"{""A"": ""В 4-layer terrain-пути отдельно не читается."", ""RGB"": ""Цвет соответствующего слоя terrain.""}",F_TERRAIN_BLEND,surface = Σ wi × layer_i,,COLOR_RGB_BC1
terrain_cb_w_4lyr_cm_tnt.sps > BumpSampler_layer0,terrain_cb_w_4lyr_cm_tnt.sps,terrain_cb_w_4lyr_cm_tnt,0,BumpSampler_layer0,0,False,Слой normal,SEM_C627EBE8953FDE17,resolved,active,"{""A"": ""Не отдельная художественная маска; физическая упаковка normal map зависит от формата текстуры."", ""RGB"": ""Тангенсная нормаль после GTA-декодирования; X/Y задают наклон, Z восстанавливается/нормализуется.""}",F_TERRAIN_BLEND,surface = Σ wi × layer_i,,NORMAL_XY_AUTO
terrain_cb_w_4lyr_cm_tnt.sps > TextureSampler_layer1,terrain_cb_w_4lyr_cm_tnt.sps,terrain_cb_w_4lyr_cm_tnt,0,TextureSampler_layer1,0,False,Слой diffuse,SEM_EF09C2A8BCC20532,resolved,active,"{""A"": ""В 4-layer terrain-пути отдельно не читается."", ""RGB"": ""Цвет соответствующего слоя terrain.""}",F_TERRAIN_BLEND,surface = Σ wi × layer_i,,COLOR_RGB_BC1
terrain_cb_w_4lyr_cm_tnt.sps > BumpSampler_layer1,terrain_cb_w_4lyr_cm_tnt.sps,terrain_cb_w_4lyr_cm_tnt,0,BumpSampler_layer1,0,False,Слой normal,SEM_C627EBE8953FDE17,resolved,active,"{""A"": ""Не отдельная художественная маска; физическая упаковка normal map зависит от формата текстуры."", ""RGB"": ""Тангенсная нормаль после GTA-декодирования; X/Y задают наклон, Z восстанавливается/нормализуется.""}",F_TERRAIN_BLEND,surface = Σ wi × layer_i,,NORMAL_XY_AUTO
terrain_cb_w_4lyr_cm_tnt.sps > TextureSampler_layer2,terrain_cb_w_4lyr_cm_tnt.sps,terrain_cb_w_4lyr_cm_tnt,0,TextureSampler_layer2,0,False,Слой diffuse,SEM_EF09C2A8BCC20532,resolved,active,"{""A"": ""В 4-layer terrain-пути отдельно не читается."", ""RGB"": ""Цвет соответствующего слоя terrain.""}",F_TERRAIN_BLEND,surface = Σ wi × layer_i,,COLOR_RGB_BC1
terrain_cb_w_4lyr_cm_tnt.sps > BumpSampler_layer2,terrain_cb_w_4lyr_cm_tnt.sps,terrain_cb_w_4lyr_cm_tnt,0,BumpSampler_layer2,0,False,Слой normal,SEM_C627EBE8953FDE17,resolved,active,"{""A"": ""Не отдельная художественная маска; физическая упаковка normal map зависит от формата текстуры."", ""RGB"": ""Тангенсная нормаль после GTA-декодирования; X/Y задают наклон, Z восстанавливается/нормализуется.""}",F_TERRAIN_BLEND,surface = Σ wi × layer_i,,NORMAL_XY_AUTO
terrain_cb_w_4lyr_cm_tnt.sps > TextureSampler_layer3,terrain_cb_w_4lyr_cm_tnt.sps,terrain_cb_w_4lyr_cm_tnt,0,TextureSampler_layer3,0,False,Слой diffuse,SEM_EF09C2A8BCC20532,resolved,active,"{""A"": ""В 4-layer terrain-пути отдельно не читается."", ""RGB"": ""Цвет соответствующего слоя terrain.""}",F_TERRAIN_BLEND,surface = Σ wi × layer_i,,COLOR_RGB_BC1
terrain_cb_w_4lyr_cm_tnt.sps > BumpSampler_layer3,terrain_cb_w_4lyr_cm_tnt.sps,terrain_cb_w_4lyr_cm_tnt,0,BumpSampler_layer3,0,False,Слой normal,SEM_C627EBE8953FDE17,resolved,active,"{""A"": ""Не отдельная художественная маска; физическая упаковка normal map зависит от формата текстуры."", ""RGB"": ""Тангенсная нормаль после GTA-декодирования; X/Y задают наклон, Z восстанавливается/нормализуется.""}",F_TERRAIN_BLEND,surface = Σ wi × layer_i,,NORMAL_XY_AUTO
terrain_cb_w_4lyr_cm_tnt.sps > lookupSampler,terrain_cb_w_4lyr_cm_tnt.sps,terrain_cb_w_4lyr_cm_tnt,0,lookupSampler,1,False,Таблица выбора слоёв,SEM_89D6190F262DF185,resolved,active,"{""A"": ""Не используется."", ""RGB"": ""Три координаты смешивания четырёх terrain-слоёв.""}",F_TERRAIN_WEIGHTS,w0=(1−R)(1−G)(1−B); w1=(1−R)(1−G)B; w2=(1−R)G(1−B); w3=(1−R)GB,,LINEAR_RGB_BC1
terrain_cb_w_4lyr_lod.sps > TextureSampler_layer0,terrain_cb_w_4lyr_lod.sps,terrain_cb_w_4lyr_lod,0,TextureSampler_layer0,0,False,Слой diffuse,SEM_EF09C2A8BCC20532,resolved,active,"{""A"": ""В 4-layer terrain-пути отдельно не читается."", ""RGB"": ""Цвет соответствующего слоя terrain.""}",F_TERRAIN_BLEND,surface = Σ wi × layer_i,,COLOR_RGB_BC1
terrain_cb_w_4lyr_lod.sps > TextureSampler_layer1,terrain_cb_w_4lyr_lod.sps,terrain_cb_w_4lyr_lod,0,TextureSampler_layer1,0,False,Слой diffuse,SEM_EF09C2A8BCC20532,resolved,active,"{""A"": ""В 4-layer terrain-пути отдельно не читается."", ""RGB"": ""Цвет соответствующего слоя terrain.""}",F_TERRAIN_BLEND,surface = Σ wi × layer_i,,COLOR_RGB_BC1
terrain_cb_w_4lyr_lod.sps > TextureSampler_layer2,terrain_cb_w_4lyr_lod.sps,terrain_cb_w_4lyr_lod,0,TextureSampler_layer2,0,False,Слой diffuse,SEM_EF09C2A8BCC20532,resolved,active,"{""A"": ""В 4-layer terrain-пути отдельно не читается."", ""RGB"": ""Цвет соответствующего слоя terrain.""}",F_TERRAIN_BLEND,surface = Σ wi × layer_i,,COLOR_RGB_BC1
terrain_cb_w_4lyr_lod.sps > TextureSampler_layer3,terrain_cb_w_4lyr_lod.sps,terrain_cb_w_4lyr_lod,0,TextureSampler_layer3,0,False,Слой diffuse,SEM_EF09C2A8BCC20532,resolved,active,"{""A"": ""В 4-layer terrain-пути отдельно не читается."", ""RGB"": ""Цвет соответствующего слоя terrain.""}",F_TERRAIN_BLEND,surface = Σ wi × layer_i,,COLOR_RGB_BC1
terrain_cb_w_4lyr_pxm.sps > TextureSampler_layer0,terrain_cb_w_4lyr_pxm.sps,terrain_cb_w_4lyr_pxm,0,TextureSampler_layer0,0,False,Слой diffuse,SEM_EF09C2A8BCC20532,resolved,active,"{""A"": ""В 4-layer terrain-пути отдельно не читается."", ""RGB"": ""Цвет соответствующего слоя terrain.""}",F_TERRAIN_BLEND,surface = Σ wi × layer_i,,COLOR_RGB_BC1
terrain_cb_w_4lyr_pxm.sps > BumpSampler_layer0,terrain_cb_w_4lyr_pxm.sps,terrain_cb_w_4lyr_pxm,0,BumpSampler_layer0,0,False,Слой normal,SEM_C627EBE8953FDE17,resolved,active,"{""A"": ""Не отдельная художественная маска; физическая упаковка normal map зависит от формата текстуры."", ""RGB"": ""Тангенсная нормаль после GTA-декодирования; X/Y задают наклон, Z восстанавливается/нормализуется.""}",F_TERRAIN_BLEND,surface = Σ wi × layer_i,,NORMAL_XY_AUTO
terrain_cb_w_4lyr_pxm.sps > heightMapSamplerLayer0,terrain_cb_w_4lyr_pxm.sps,terrain_cb_w_4lyr_pxm,0,heightMapSamplerLayer0,0,False,Слой высоты/specular,SEM_6C2C8726336939B7,resolved,active,"{""A"": ""Не используется в исследованном пути."", ""B"": ""Не используется в исследованном пути."", ""G"": ""В этой не-SPM перестановке отдельно не используется."", ""R"": ""Высота для parallax/height offset.""}",,,,LINEAR_R_OR_RG_BC5
terrain_cb_w_4lyr_pxm.sps > TextureSampler_layer1,terrain_cb_w_4lyr_pxm.sps,terrain_cb_w_4lyr_pxm,0,TextureSampler_layer1,0,False,Слой diffuse,SEM_EF09C2A8BCC20532,resolved,active,"{""A"": ""В 4-layer terrain-пути отдельно не читается."", ""RGB"": ""Цвет соответствующего слоя terrain.""}",F_TERRAIN_BLEND,surface = Σ wi × layer_i,,COLOR_RGB_BC1
terrain_cb_w_4lyr_pxm.sps > BumpSampler_layer1,terrain_cb_w_4lyr_pxm.sps,terrain_cb_w_4lyr_pxm,0,BumpSampler_layer1,0,False,Слой normal,SEM_C627EBE8953FDE17,resolved,active,"{""A"": ""Не отдельная художественная маска; физическая упаковка normal map зависит от формата текстуры."", ""RGB"": ""Тангенсная нормаль после GTA-декодирования; X/Y задают наклон, Z восстанавливается/нормализуется.""}",F_TERRAIN_BLEND,surface = Σ wi × layer_i,,NORMAL_XY_AUTO
terrain_cb_w_4lyr_pxm.sps > heightMapSamplerLayer1,terrain_cb_w_4lyr_pxm.sps,terrain_cb_w_4lyr_pxm,0,heightMapSamplerLayer1,0,False,Слой высоты/specular,SEM_6C2C8726336939B7,resolved,active,"{""A"": ""Не используется в исследованном пути."", ""B"": ""Не используется в исследованном пути."", ""G"": ""В этой не-SPM перестановке отдельно не используется."", ""R"": ""Высота для parallax/height offset.""}",,,,LINEAR_R_OR_RG_BC5
terrain_cb_w_4lyr_pxm.sps > TextureSampler_layer2,terrain_cb_w_4lyr_pxm.sps,terrain_cb_w_4lyr_pxm,0,TextureSampler_layer2,0,False,Слой diffuse,SEM_EF09C2A8BCC20532,resolved,active,"{""A"": ""В 4-layer terrain-пути отдельно не читается."", ""RGB"": ""Цвет соответствующего слоя terrain.""}",F_TERRAIN_BLEND,surface = Σ wi × layer_i,,COLOR_RGB_BC1
terrain_cb_w_4lyr_pxm.sps > BumpSampler_layer2,terrain_cb_w_4lyr_pxm.sps,terrain_cb_w_4lyr_pxm,0,BumpSampler_layer2,0,False,Слой normal,SEM_C627EBE8953FDE17,resolved,active,"{""A"": ""Не отдельная художественная маска; физическая упаковка normal map зависит от формата текстуры."", ""RGB"": ""Тангенсная нормаль после GTA-декодирования; X/Y задают наклон, Z восстанавливается/нормализуется.""}",F_TERRAIN_BLEND,surface = Σ wi × layer_i,,NORMAL_XY_AUTO
terrain_cb_w_4lyr_pxm.sps > heightMapSamplerLayer2,terrain_cb_w_4lyr_pxm.sps,terrain_cb_w_4lyr_pxm,0,heightMapSamplerLayer2,0,False,Слой высоты/specular,SEM_6C2C8726336939B7,resolved,active,"{""A"": ""Не используется в исследованном пути."", ""B"": ""Не используется в исследованном пути."", ""G"": ""В этой не-SPM перестановке отдельно не используется."", ""R"": ""Высота для parallax/height offset.""}",,,,LINEAR_R_OR_RG_BC5
terrain_cb_w_4lyr_pxm.sps > TextureSampler_layer3,terrain_cb_w_4lyr_pxm.sps,terrain_cb_w_4lyr_pxm,0,TextureSampler_layer3,0,False,Слой diffuse,SEM_EF09C2A8BCC20532,resolved,active,"{""A"": ""В 4-layer terrain-пути отдельно не читается."", ""RGB"": ""Цвет соответствующего слоя terrain.""}",F_TERRAIN_BLEND,surface = Σ wi × layer_i,,COLOR_RGB_BC1
terrain_cb_w_4lyr_pxm.sps > BumpSampler_layer3,terrain_cb_w_4lyr_pxm.sps,terrain_cb_w_4lyr_pxm,0,BumpSampler_layer3,0,False,Слой normal,SEM_C627EBE8953FDE17,resolved,active,"{""A"": ""Не отдельная художественная маска; физическая упаковка normal map зависит от формата текстуры."", ""RGB"": ""Тангенсная нормаль после GTA-декодирования; X/Y задают наклон, Z восстанавливается/нормализуется.""}",F_TERRAIN_BLEND,surface = Σ wi × layer_i,,NORMAL_XY_AUTO
terrain_cb_w_4lyr_pxm.sps > heightMapSamplerLayer3,terrain_cb_w_4lyr_pxm.sps,terrain_cb_w_4lyr_pxm,0,heightMapSamplerLayer3,0,False,Слой высоты/specular,SEM_6C2C8726336939B7,resolved,active,"{""A"": ""Не используется в исследованном пути."", ""B"": ""Не используется в исследованном пути."", ""G"": ""В этой не-SPM перестановке отдельно не используется."", ""R"": ""Высота для parallax/height offset.""}",,,,LINEAR_R_OR_RG_BC5
terrain_cb_w_4lyr_pxm_spm.sps > TextureSampler_layer0,terrain_cb_w_4lyr_pxm_spm.sps,terrain_cb_w_4lyr_pxm_spm,0,TextureSampler_layer0,0,False,Слой diffuse,SEM_EF09C2A8BCC20532,resolved,active,"{""A"": ""В 4-layer terrain-пути отдельно не читается."", ""RGB"": ""Цвет соответствующего слоя terrain.""}",F_TERRAIN_BLEND,surface = Σ wi × layer_i,,COLOR_RGB_BC1
terrain_cb_w_4lyr_pxm_spm.sps > BumpSampler_layer0,terrain_cb_w_4lyr_pxm_spm.sps,terrain_cb_w_4lyr_pxm_spm,0,BumpSampler_layer0,0,False,Слой normal,SEM_C627EBE8953FDE17,resolved,active,"{""A"": ""Не отдельная художественная маска; физическая упаковка normal map зависит от формата текстуры."", ""RGB"": ""Тангенсная нормаль после GTA-декодирования; X/Y задают наклон, Z восстанавливается/нормализуется.""}",F_TERRAIN_BLEND,surface = Σ wi × layer_i,,NORMAL_XY_AUTO
terrain_cb_w_4lyr_pxm_spm.sps > heightMapSamplerLayer0,terrain_cb_w_4lyr_pxm_spm.sps,terrain_cb_w_4lyr_pxm_spm,0,heightMapSamplerLayer0,0,False,Слой высоты/specular,SEM_DDBBED16C22D7212,resolved,active,"{""A"": ""Не используется в исследованном пути."", ""B"": ""Не используется в исследованном пути."", ""G"": ""Локальная specular-маска слоя; участвует как G²."", ""R"": ""Высота для parallax/height offset.""}",F_TERRAIN_SPM,"s=Gheight²; I=Ispm×lerp(1,s,IntensityAdjust); n=Fspm×lerp(1,s,FalloffAdjust)",,LINEAR_R_OR_RG_BC5
terrain_cb_w_4lyr_pxm_spm.sps > TextureSampler_layer1,terrain_cb_w_4lyr_pxm_spm.sps,terrain_cb_w_4lyr_pxm_spm,0,TextureSampler_layer1,0,False,Слой diffuse,SEM_EF09C2A8BCC20532,resolved,active,"{""A"": ""В 4-layer terrain-пути отдельно не читается."", ""RGB"": ""Цвет соответствующего слоя terrain.""}",F_TERRAIN_BLEND,surface = Σ wi × layer_i,,COLOR_RGB_BC1
terrain_cb_w_4lyr_pxm_spm.sps > BumpSampler_layer1,terrain_cb_w_4lyr_pxm_spm.sps,terrain_cb_w_4lyr_pxm_spm,0,BumpSampler_layer1,0,False,Слой normal,SEM_C627EBE8953FDE17,resolved,active,"{""A"": ""Не отдельная художественная маска; физическая упаковка normal map зависит от формата текстуры."", ""RGB"": ""Тангенсная нормаль после GTA-декодирования; X/Y задают наклон, Z восстанавливается/нормализуется.""}",F_TERRAIN_BLEND,surface = Σ wi × layer_i,,NORMAL_XY_AUTO
terrain_cb_w_4lyr_pxm_spm.sps > heightMapSamplerLayer1,terrain_cb_w_4lyr_pxm_spm.sps,terrain_cb_w_4lyr_pxm_spm,0,heightMapSamplerLayer1,0,False,Слой высоты/specular,SEM_DDBBED16C22D7212,resolved,active,"{""A"": ""Не используется в исследованном пути."", ""B"": ""Не используется в исследованном пути."", ""G"": ""Локальная specular-маска слоя; участвует как G²."", ""R"": ""Высота для parallax/height offset.""}",F_TERRAIN_SPM,"s=Gheight²; I=Ispm×lerp(1,s,IntensityAdjust); n=Fspm×lerp(1,s,FalloffAdjust)",,LINEAR_R_OR_RG_BC5
terrain_cb_w_4lyr_pxm_spm.sps > TextureSampler_layer2,terrain_cb_w_4lyr_pxm_spm.sps,terrain_cb_w_4lyr_pxm_spm,0,TextureSampler_layer2,0,False,Слой diffuse,SEM_EF09C2A8BCC20532,resolved,active,"{""A"": ""В 4-layer terrain-пути отдельно не читается."", ""RGB"": ""Цвет соответствующего слоя terrain.""}",F_TERRAIN_BLEND,surface = Σ wi × layer_i,,COLOR_RGB_BC1
terrain_cb_w_4lyr_pxm_spm.sps > BumpSampler_layer2,terrain_cb_w_4lyr_pxm_spm.sps,terrain_cb_w_4lyr_pxm_spm,0,BumpSampler_layer2,0,False,Слой normal,SEM_C627EBE8953FDE17,resolved,active,"{""A"": ""Не отдельная художественная маска; физическая упаковка normal map зависит от формата текстуры."", ""RGB"": ""Тангенсная нормаль после GTA-декодирования; X/Y задают наклон, Z восстанавливается/нормализуется.""}",F_TERRAIN_BLEND,surface = Σ wi × layer_i,,NORMAL_XY_AUTO
terrain_cb_w_4lyr_pxm_spm.sps > heightMapSamplerLayer2,terrain_cb_w_4lyr_pxm_spm.sps,terrain_cb_w_4lyr_pxm_spm,0,heightMapSamplerLayer2,0,False,Слой высоты/specular,SEM_DDBBED16C22D7212,resolved,active,"{""A"": ""Не используется в исследованном пути."", ""B"": ""Не используется в исследованном пути."", ""G"": ""Локальная specular-маска слоя; участвует как G²."", ""R"": ""Высота для parallax/height offset.""}",F_TERRAIN_SPM,"s=Gheight²; I=Ispm×lerp(1,s,IntensityAdjust); n=Fspm×lerp(1,s,FalloffAdjust)",,LINEAR_R_OR_RG_BC5
terrain_cb_w_4lyr_pxm_spm.sps > TextureSampler_layer3,terrain_cb_w_4lyr_pxm_spm.sps,terrain_cb_w_4lyr_pxm_spm,0,TextureSampler_layer3,0,False,Слой diffuse,SEM_EF09C2A8BCC20532,resolved,active,"{""A"": ""В 4-layer terrain-пути отдельно не читается."", ""RGB"": ""Цвет соответствующего слоя terrain.""}",F_TERRAIN_BLEND,surface = Σ wi × layer_i,,COLOR_RGB_BC1
terrain_cb_w_4lyr_pxm_spm.sps > BumpSampler_layer3,terrain_cb_w_4lyr_pxm_spm.sps,terrain_cb_w_4lyr_pxm_spm,0,BumpSampler_layer3,0,False,Слой normal,SEM_C627EBE8953FDE17,resolved,active,"{""A"": ""Не отдельная художественная маска; физическая упаковка normal map зависит от формата текстуры."", ""RGB"": ""Тангенсная нормаль после GTA-декодирования; X/Y задают наклон, Z восстанавливается/нормализуется.""}",F_TERRAIN_BLEND,surface = Σ wi × layer_i,,NORMAL_XY_AUTO
terrain_cb_w_4lyr_pxm_spm.sps > heightMapSamplerLayer3,terrain_cb_w_4lyr_pxm_spm.sps,terrain_cb_w_4lyr_pxm_spm,0,heightMapSamplerLayer3,0,False,Слой высоты/specular,SEM_DDBBED16C22D7212,resolved,active,"{""A"": ""Не используется в исследованном пути."", ""B"": ""Не используется в исследованном пути."", ""G"": ""Локальная specular-маска слоя; участвует как G²."", ""R"": ""Высота для parallax/height offset.""}",F_TERRAIN_SPM,"s=Gheight²; I=Ispm×lerp(1,s,IntensityAdjust); n=Fspm×lerp(1,s,FalloffAdjust)",,LINEAR_R_OR_RG_BC5
terrain_cb_w_4lyr_spec.sps > TextureSampler_layer0,terrain_cb_w_4lyr_spec.sps,terrain_cb_w_4lyr_spec,0,TextureSampler_layer0,0,False,Слой diffuse,SEM_EF09C2A8BCC20532,resolved,active,"{""A"": ""В 4-layer terrain-пути отдельно не читается."", ""RGB"": ""Цвет соответствующего слоя terrain.""}",F_TERRAIN_BLEND,surface = Σ wi × layer_i,,COLOR_RGB_BC1
terrain_cb_w_4lyr_spec.sps > BumpSampler_layer0,terrain_cb_w_4lyr_spec.sps,terrain_cb_w_4lyr_spec,0,BumpSampler_layer0,0,False,Слой normal,SEM_C627EBE8953FDE17,resolved,active,"{""A"": ""Не отдельная художественная маска; физическая упаковка normal map зависит от формата текстуры."", ""RGB"": ""Тангенсная нормаль после GTA-декодирования; X/Y задают наклон, Z восстанавливается/нормализуется.""}",F_TERRAIN_BLEND,surface = Σ wi × layer_i,,NORMAL_XY_AUTO
terrain_cb_w_4lyr_spec.sps > TextureSampler_layer1,terrain_cb_w_4lyr_spec.sps,terrain_cb_w_4lyr_spec,0,TextureSampler_layer1,0,False,Слой diffuse,SEM_EF09C2A8BCC20532,resolved,active,"{""A"": ""В 4-layer terrain-пути отдельно не читается."", ""RGB"": ""Цвет соответствующего слоя terrain.""}",F_TERRAIN_BLEND,surface = Σ wi × layer_i,,COLOR_RGB_BC1
terrain_cb_w_4lyr_spec.sps > BumpSampler_layer1,terrain_cb_w_4lyr_spec.sps,terrain_cb_w_4lyr_spec,0,BumpSampler_layer1,0,False,Слой normal,SEM_C627EBE8953FDE17,resolved,active,"{""A"": ""Не отдельная художественная маска; физическая упаковка normal map зависит от формата текстуры."", ""RGB"": ""Тангенсная нормаль после GTA-декодирования; X/Y задают наклон, Z восстанавливается/нормализуется.""}",F_TERRAIN_BLEND,surface = Σ wi × layer_i,,NORMAL_XY_AUTO
terrain_cb_w_4lyr_spec.sps > TextureSampler_layer2,terrain_cb_w_4lyr_spec.sps,terrain_cb_w_4lyr_spec,0,TextureSampler_layer2,0,False,Слой diffuse,SEM_EF09C2A8BCC20532,resolved,active,"{""A"": ""В 4-layer terrain-пути отдельно не читается."", ""RGB"": ""Цвет соответствующего слоя terrain.""}",F_TERRAIN_BLEND,surface = Σ wi × layer_i,,COLOR_RGB_BC1
terrain_cb_w_4lyr_spec.sps > BumpSampler_layer2,terrain_cb_w_4lyr_spec.sps,terrain_cb_w_4lyr_spec,0,BumpSampler_layer2,0,False,Слой normal,SEM_C627EBE8953FDE17,resolved,active,"{""A"": ""Не отдельная художественная маска; физическая упаковка normal map зависит от формата текстуры."", ""RGB"": ""Тангенсная нормаль после GTA-декодирования; X/Y задают наклон, Z восстанавливается/нормализуется.""}",F_TERRAIN_BLEND,surface = Σ wi × layer_i,,NORMAL_XY_AUTO
terrain_cb_w_4lyr_spec.sps > TextureSampler_layer3,terrain_cb_w_4lyr_spec.sps,terrain_cb_w_4lyr_spec,0,TextureSampler_layer3,0,False,Слой diffuse,SEM_EF09C2A8BCC20532,resolved,active,"{""A"": ""В 4-layer terrain-пути отдельно не читается."", ""RGB"": ""Цвет соответствующего слоя terrain.""}",F_TERRAIN_BLEND,surface = Σ wi × layer_i,,COLOR_RGB_BC1
terrain_cb_w_4lyr_spec.sps > BumpSampler_layer3,terrain_cb_w_4lyr_spec.sps,terrain_cb_w_4lyr_spec,0,BumpSampler_layer3,0,False,Слой normal,SEM_C627EBE8953FDE17,resolved,active,"{""A"": ""Не отдельная художественная маска; физическая упаковка normal map зависит от формата текстуры."", ""RGB"": ""Тангенсная нормаль после GTA-декодирования; X/Y задают наклон, Z восстанавливается/нормализуется.""}",F_TERRAIN_BLEND,surface = Σ wi × layer_i,,NORMAL_XY_AUTO
terrain_cb_w_4lyr_spec_int.sps > TextureSampler_layer0,terrain_cb_w_4lyr_spec_int.sps,terrain_cb_w_4lyr_spec_int,0,TextureSampler_layer0,0,False,Слой diffuse,SEM_EF09C2A8BCC20532,resolved,active,"{""A"": ""В 4-layer terrain-пути отдельно не читается."", ""RGB"": ""Цвет соответствующего слоя terrain.""}",F_TERRAIN_BLEND,surface = Σ wi × layer_i,,COLOR_RGB_BC1
terrain_cb_w_4lyr_spec_int.sps > BumpSampler_layer0,terrain_cb_w_4lyr_spec_int.sps,terrain_cb_w_4lyr_spec_int,0,BumpSampler_layer0,0,False,Слой normal,SEM_C627EBE8953FDE17,resolved,active,"{""A"": ""Не отдельная художественная маска; физическая упаковка normal map зависит от формата текстуры."", ""RGB"": ""Тангенсная нормаль после GTA-декодирования; X/Y задают наклон, Z восстанавливается/нормализуется.""}",F_TERRAIN_BLEND,surface = Σ wi × layer_i,,NORMAL_XY_AUTO
terrain_cb_w_4lyr_spec_int.sps > TextureSampler_layer1,terrain_cb_w_4lyr_spec_int.sps,terrain_cb_w_4lyr_spec_int,0,TextureSampler_layer1,0,False,Слой diffuse,SEM_EF09C2A8BCC20532,resolved,active,"{""A"": ""В 4-layer terrain-пути отдельно не читается."", ""RGB"": ""Цвет соответствующего слоя terrain.""}",F_TERRAIN_BLEND,surface = Σ wi × layer_i,,COLOR_RGB_BC1
terrain_cb_w_4lyr_spec_int.sps > BumpSampler_layer1,terrain_cb_w_4lyr_spec_int.sps,terrain_cb_w_4lyr_spec_int,0,BumpSampler_layer1,0,False,Слой normal,SEM_C627EBE8953FDE17,resolved,active,"{""A"": ""Не отдельная художественная маска; физическая упаковка normal map зависит от формата текстуры."", ""RGB"": ""Тангенсная нормаль после GTA-декодирования; X/Y задают наклон, Z восстанавливается/нормализуется.""}",F_TERRAIN_BLEND,surface = Σ wi × layer_i,,NORMAL_XY_AUTO
terrain_cb_w_4lyr_spec_int.sps > TextureSampler_layer2,terrain_cb_w_4lyr_spec_int.sps,terrain_cb_w_4lyr_spec_int,0,TextureSampler_layer2,0,False,Слой diffuse,SEM_EF09C2A8BCC20532,resolved,active,"{""A"": ""В 4-layer terrain-пути отдельно не читается."", ""RGB"": ""Цвет соответствующего слоя terrain.""}",F_TERRAIN_BLEND,surface = Σ wi × layer_i,,COLOR_RGB_BC1
terrain_cb_w_4lyr_spec_int.sps > BumpSampler_layer2,terrain_cb_w_4lyr_spec_int.sps,terrain_cb_w_4lyr_spec_int,0,BumpSampler_layer2,0,False,Слой normal,SEM_C627EBE8953FDE17,resolved,active,"{""A"": ""Не отдельная художественная маска; физическая упаковка normal map зависит от формата текстуры."", ""RGB"": ""Тангенсная нормаль после GTA-декодирования; X/Y задают наклон, Z восстанавливается/нормализуется.""}",F_TERRAIN_BLEND,surface = Σ wi × layer_i,,NORMAL_XY_AUTO
terrain_cb_w_4lyr_spec_int.sps > TextureSampler_layer3,terrain_cb_w_4lyr_spec_int.sps,terrain_cb_w_4lyr_spec_int,0,TextureSampler_layer3,0,False,Слой diffuse,SEM_EF09C2A8BCC20532,resolved,active,"{""A"": ""В 4-layer terrain-пути отдельно не читается."", ""RGB"": ""Цвет соответствующего слоя terrain.""}",F_TERRAIN_BLEND,surface = Σ wi × layer_i,,COLOR_RGB_BC1
terrain_cb_w_4lyr_spec_int.sps > BumpSampler_layer3,terrain_cb_w_4lyr_spec_int.sps,terrain_cb_w_4lyr_spec_int,0,BumpSampler_layer3,0,False,Слой normal,SEM_C627EBE8953FDE17,resolved,active,"{""A"": ""Не отдельная художественная маска; физическая упаковка normal map зависит от формата текстуры."", ""RGB"": ""Тангенсная нормаль после GTA-декодирования; X/Y задают наклон, Z восстанавливается/нормализуется.""}",F_TERRAIN_BLEND,surface = Σ wi × layer_i,,NORMAL_XY_AUTO
terrain_cb_w_4lyr_spec_int_pxm.sps > TextureSampler_layer0,terrain_cb_w_4lyr_spec_int_pxm.sps,terrain_cb_w_4lyr_spec_int_pxm,0,TextureSampler_layer0,0,False,Слой diffuse,SEM_EF09C2A8BCC20532,resolved,active,"{""A"": ""В 4-layer terrain-пути отдельно не читается."", ""RGB"": ""Цвет соответствующего слоя terrain.""}",F_TERRAIN_BLEND,surface = Σ wi × layer_i,,COLOR_RGB_BC1
terrain_cb_w_4lyr_spec_int_pxm.sps > BumpSampler_layer0,terrain_cb_w_4lyr_spec_int_pxm.sps,terrain_cb_w_4lyr_spec_int_pxm,0,BumpSampler_layer0,0,False,Слой normal,SEM_C627EBE8953FDE17,resolved,active,"{""A"": ""Не отдельная художественная маска; физическая упаковка normal map зависит от формата текстуры."", ""RGB"": ""Тангенсная нормаль после GTA-декодирования; X/Y задают наклон, Z восстанавливается/нормализуется.""}",F_TERRAIN_BLEND,surface = Σ wi × layer_i,,NORMAL_XY_AUTO
terrain_cb_w_4lyr_spec_int_pxm.sps > heightMapSamplerLayer0,terrain_cb_w_4lyr_spec_int_pxm.sps,terrain_cb_w_4lyr_spec_int_pxm,0,heightMapSamplerLayer0,0,False,Слой высоты/specular,SEM_6C2C8726336939B7,resolved,active,"{""A"": ""Не используется в исследованном пути."", ""B"": ""Не используется в исследованном пути."", ""G"": ""В этой не-SPM перестановке отдельно не используется."", ""R"": ""Высота для parallax/height offset.""}",,,,LINEAR_R_OR_RG_BC5
terrain_cb_w_4lyr_spec_int_pxm.sps > TextureSampler_layer1,terrain_cb_w_4lyr_spec_int_pxm.sps,terrain_cb_w_4lyr_spec_int_pxm,0,TextureSampler_layer1,0,False,Слой diffuse,SEM_EF09C2A8BCC20532,resolved,active,"{""A"": ""В 4-layer terrain-пути отдельно не читается."", ""RGB"": ""Цвет соответствующего слоя terrain.""}",F_TERRAIN_BLEND,surface = Σ wi × layer_i,,COLOR_RGB_BC1
terrain_cb_w_4lyr_spec_int_pxm.sps > BumpSampler_layer1,terrain_cb_w_4lyr_spec_int_pxm.sps,terrain_cb_w_4lyr_spec_int_pxm,0,BumpSampler_layer1,0,False,Слой normal,SEM_C627EBE8953FDE17,resolved,active,"{""A"": ""Не отдельная художественная маска; физическая упаковка normal map зависит от формата текстуры."", ""RGB"": ""Тангенсная нормаль после GTA-декодирования; X/Y задают наклон, Z восстанавливается/нормализуется.""}",F_TERRAIN_BLEND,surface = Σ wi × layer_i,,NORMAL_XY_AUTO
terrain_cb_w_4lyr_spec_int_pxm.sps > heightMapSamplerLayer1,terrain_cb_w_4lyr_spec_int_pxm.sps,terrain_cb_w_4lyr_spec_int_pxm,0,heightMapSamplerLayer1,0,False,Слой высоты/specular,SEM_6C2C8726336939B7,resolved,active,"{""A"": ""Не используется в исследованном пути."", ""B"": ""Не используется в исследованном пути."", ""G"": ""В этой не-SPM перестановке отдельно не используется."", ""R"": ""Высота для parallax/height offset.""}",,,,LINEAR_R_OR_RG_BC5
terrain_cb_w_4lyr_spec_int_pxm.sps > TextureSampler_layer2,terrain_cb_w_4lyr_spec_int_pxm.sps,terrain_cb_w_4lyr_spec_int_pxm,0,TextureSampler_layer2,0,False,Слой diffuse,SEM_EF09C2A8BCC20532,resolved,active,"{""A"": ""В 4-layer terrain-пути отдельно не читается."", ""RGB"": ""Цвет соответствующего слоя terrain.""}",F_TERRAIN_BLEND,surface = Σ wi × layer_i,,COLOR_RGB_BC1
terrain_cb_w_4lyr_spec_int_pxm.sps > BumpSampler_layer2,terrain_cb_w_4lyr_spec_int_pxm.sps,terrain_cb_w_4lyr_spec_int_pxm,0,BumpSampler_layer2,0,False,Слой normal,SEM_C627EBE8953FDE17,resolved,active,"{""A"": ""Не отдельная художественная маска; физическая упаковка normal map зависит от формата текстуры."", ""RGB"": ""Тангенсная нормаль после GTA-декодирования; X/Y задают наклон, Z восстанавливается/нормализуется.""}",F_TERRAIN_BLEND,surface = Σ wi × layer_i,,NORMAL_XY_AUTO
terrain_cb_w_4lyr_spec_int_pxm.sps > heightMapSamplerLayer2,terrain_cb_w_4lyr_spec_int_pxm.sps,terrain_cb_w_4lyr_spec_int_pxm,0,heightMapSamplerLayer2,0,False,Слой высоты/specular,SEM_6C2C8726336939B7,resolved,active,"{""A"": ""Не используется в исследованном пути."", ""B"": ""Не используется в исследованном пути."", ""G"": ""В этой не-SPM перестановке отдельно не используется."", ""R"": ""Высота для parallax/height offset.""}",,,,LINEAR_R_OR_RG_BC5
terrain_cb_w_4lyr_spec_int_pxm.sps > TextureSampler_layer3,terrain_cb_w_4lyr_spec_int_pxm.sps,terrain_cb_w_4lyr_spec_int_pxm,0,TextureSampler_layer3,0,False,Слой diffuse,SEM_EF09C2A8BCC20532,resolved,active,"{""A"": ""В 4-layer terrain-пути отдельно не читается."", ""RGB"": ""Цвет соответствующего слоя terrain.""}",F_TERRAIN_BLEND,surface = Σ wi × layer_i,,COLOR_RGB_BC1
terrain_cb_w_4lyr_spec_int_pxm.sps > BumpSampler_layer3,terrain_cb_w_4lyr_spec_int_pxm.sps,terrain_cb_w_4lyr_spec_int_pxm,0,BumpSampler_layer3,0,False,Слой normal,SEM_C627EBE8953FDE17,resolved,active,"{""A"": ""Не отдельная художественная маска; физическая упаковка normal map зависит от формата текстуры."", ""RGB"": ""Тангенсная нормаль после GTA-декодирования; X/Y задают наклон, Z восстанавливается/нормализуется.""}",F_TERRAIN_BLEND,surface = Σ wi × layer_i,,NORMAL_XY_AUTO
terrain_cb_w_4lyr_spec_int_pxm.sps > heightMapSamplerLayer3,terrain_cb_w_4lyr_spec_int_pxm.sps,terrain_cb_w_4lyr_spec_int_pxm,0,heightMapSamplerLayer3,0,False,Слой высоты/specular,SEM_6C2C8726336939B7,resolved,active,"{""A"": ""Не используется в исследованном пути."", ""B"": ""Не используется в исследованном пути."", ""G"": ""В этой не-SPM перестановке отдельно не используется."", ""R"": ""Высота для parallax/height offset.""}",,,,LINEAR_R_OR_RG_BC5
terrain_cb_w_4lyr_spec_pxm.sps > TextureSampler_layer0,terrain_cb_w_4lyr_spec_pxm.sps,terrain_cb_w_4lyr_spec_pxm,0,TextureSampler_layer0,0,False,Слой diffuse,SEM_EF09C2A8BCC20532,resolved,active,"{""A"": ""В 4-layer terrain-пути отдельно не читается."", ""RGB"": ""Цвет соответствующего слоя terrain.""}",F_TERRAIN_BLEND,surface = Σ wi × layer_i,,COLOR_RGB_BC1
terrain_cb_w_4lyr_spec_pxm.sps > BumpSampler_layer0,terrain_cb_w_4lyr_spec_pxm.sps,terrain_cb_w_4lyr_spec_pxm,0,BumpSampler_layer0,0,False,Слой normal,SEM_C627EBE8953FDE17,resolved,active,"{""A"": ""Не отдельная художественная маска; физическая упаковка normal map зависит от формата текстуры."", ""RGB"": ""Тангенсная нормаль после GTA-декодирования; X/Y задают наклон, Z восстанавливается/нормализуется.""}",F_TERRAIN_BLEND,surface = Σ wi × layer_i,,NORMAL_XY_AUTO
terrain_cb_w_4lyr_spec_pxm.sps > heightMapSamplerLayer0,terrain_cb_w_4lyr_spec_pxm.sps,terrain_cb_w_4lyr_spec_pxm,0,heightMapSamplerLayer0,0,False,Слой высоты/specular,SEM_6C2C8726336939B7,resolved,active,"{""A"": ""Не используется в исследованном пути."", ""B"": ""Не используется в исследованном пути."", ""G"": ""В этой не-SPM перестановке отдельно не используется."", ""R"": ""Высота для parallax/height offset.""}",,,,LINEAR_R_OR_RG_BC5
terrain_cb_w_4lyr_spec_pxm.sps > TextureSampler_layer1,terrain_cb_w_4lyr_spec_pxm.sps,terrain_cb_w_4lyr_spec_pxm,0,TextureSampler_layer1,0,False,Слой diffuse,SEM_EF09C2A8BCC20532,resolved,active,"{""A"": ""В 4-layer terrain-пути отдельно не читается."", ""RGB"": ""Цвет соответствующего слоя terrain.""}",F_TERRAIN_BLEND,surface = Σ wi × layer_i,,COLOR_RGB_BC1
terrain_cb_w_4lyr_spec_pxm.sps > BumpSampler_layer1,terrain_cb_w_4lyr_spec_pxm.sps,terrain_cb_w_4lyr_spec_pxm,0,BumpSampler_layer1,0,False,Слой normal,SEM_C627EBE8953FDE17,resolved,active,"{""A"": ""Не отдельная художественная маска; физическая упаковка normal map зависит от формата текстуры."", ""RGB"": ""Тангенсная нормаль после GTA-декодирования; X/Y задают наклон, Z восстанавливается/нормализуется.""}",F_TERRAIN_BLEND,surface = Σ wi × layer_i,,NORMAL_XY_AUTO
terrain_cb_w_4lyr_spec_pxm.sps > heightMapSamplerLayer1,terrain_cb_w_4lyr_spec_pxm.sps,terrain_cb_w_4lyr_spec_pxm,0,heightMapSamplerLayer1,0,False,Слой высоты/specular,SEM_6C2C8726336939B7,resolved,active,"{""A"": ""Не используется в исследованном пути."", ""B"": ""Не используется в исследованном пути."", ""G"": ""В этой не-SPM перестановке отдельно не используется."", ""R"": ""Высота для parallax/height offset.""}",,,,LINEAR_R_OR_RG_BC5
terrain_cb_w_4lyr_spec_pxm.sps > TextureSampler_layer2,terrain_cb_w_4lyr_spec_pxm.sps,terrain_cb_w_4lyr_spec_pxm,0,TextureSampler_layer2,0,False,Слой diffuse,SEM_EF09C2A8BCC20532,resolved,active,"{""A"": ""В 4-layer terrain-пути отдельно не читается."", ""RGB"": ""Цвет соответствующего слоя terrain.""}",F_TERRAIN_BLEND,surface = Σ wi × layer_i,,COLOR_RGB_BC1
terrain_cb_w_4lyr_spec_pxm.sps > BumpSampler_layer2,terrain_cb_w_4lyr_spec_pxm.sps,terrain_cb_w_4lyr_spec_pxm,0,BumpSampler_layer2,0,False,Слой normal,SEM_C627EBE8953FDE17,resolved,active,"{""A"": ""Не отдельная художественная маска; физическая упаковка normal map зависит от формата текстуры."", ""RGB"": ""Тангенсная нормаль после GTA-декодирования; X/Y задают наклон, Z восстанавливается/нормализуется.""}",F_TERRAIN_BLEND,surface = Σ wi × layer_i,,NORMAL_XY_AUTO
terrain_cb_w_4lyr_spec_pxm.sps > heightMapSamplerLayer2,terrain_cb_w_4lyr_spec_pxm.sps,terrain_cb_w_4lyr_spec_pxm,0,heightMapSamplerLayer2,0,False,Слой высоты/specular,SEM_6C2C8726336939B7,resolved,active,"{""A"": ""Не используется в исследованном пути."", ""B"": ""Не используется в исследованном пути."", ""G"": ""В этой не-SPM перестановке отдельно не используется."", ""R"": ""Высота для parallax/height offset.""}",,,,LINEAR_R_OR_RG_BC5
terrain_cb_w_4lyr_spec_pxm.sps > TextureSampler_layer3,terrain_cb_w_4lyr_spec_pxm.sps,terrain_cb_w_4lyr_spec_pxm,0,TextureSampler_layer3,0,False,Слой diffuse,SEM_EF09C2A8BCC20532,resolved,active,"{""A"": ""В 4-layer terrain-пути отдельно не читается."", ""RGB"": ""Цвет соответствующего слоя terrain.""}",F_TERRAIN_BLEND,surface = Σ wi × layer_i,,COLOR_RGB_BC1
terrain_cb_w_4lyr_spec_pxm.sps > BumpSampler_layer3,terrain_cb_w_4lyr_spec_pxm.sps,terrain_cb_w_4lyr_spec_pxm,0,BumpSampler_layer3,0,False,Слой normal,SEM_C627EBE8953FDE17,resolved,active,"{""A"": ""Не отдельная художественная маска; физическая упаковка normal map зависит от формата текстуры."", ""RGB"": ""Тангенсная нормаль после GTA-декодирования; X/Y задают наклон, Z восстанавливается/нормализуется.""}",F_TERRAIN_BLEND,surface = Σ wi × layer_i,,NORMAL_XY_AUTO
terrain_cb_w_4lyr_spec_pxm.sps > heightMapSamplerLayer3,terrain_cb_w_4lyr_spec_pxm.sps,terrain_cb_w_4lyr_spec_pxm,0,heightMapSamplerLayer3,0,False,Слой высоты/specular,SEM_6C2C8726336939B7,resolved,active,"{""A"": ""Не используется в исследованном пути."", ""B"": ""Не используется в исследованном пути."", ""G"": ""В этой не-SPM перестановке отдельно не используется."", ""R"": ""Высота для parallax/height offset.""}",,,,LINEAR_R_OR_RG_BC5
trees.sps > DiffuseSampler,trees.sps,trees,3,DiffuseSampler,0,False,Альбедо листьев/коры + cutout-маска,SEM_4179DAB27448A38B,resolved,active,"{""A"": ""Alpha-test coverage: масштабируется AlphaScale и сравнивается с AlphaTest."", ""RGB"": ""Цвет листвы/коры.""}",foliage_alpha,clip when Diffuse.A·AlphaScale·globalAlpha < AlphaTest,,DIFFUSE_RGBA_AUTO
trees_lod.sps > DiffuseSampler,trees_lod.sps,trees_lod,3,DiffuseSampler,0,False,Альбедо листьев/коры + cutout-маска,SEM_4179DAB27448A38B,resolved,active,"{""A"": ""Alpha-test coverage: масштабируется AlphaScale и сравнивается с AlphaTest."", ""RGB"": ""Цвет листвы/коры.""}",foliage_alpha,clip when Diffuse.A·AlphaScale·globalAlpha < AlphaTest,,DIFFUSE_RGBA_AUTO
trees_lod2.sps > DiffuseSampler,trees_lod2.sps,trees_lod2,3,DiffuseSampler,0,False,Альбедо листьев/коры + cutout-маска,SEM_4179DAB27448A38B,resolved,active,"{""A"": ""Alpha-test coverage: масштабируется AlphaScale и сравнивается с AlphaTest."", ""RGB"": ""Цвет листвы/коры.""}",foliage_alpha,clip when Diffuse.A·AlphaScale·globalAlpha < AlphaTest,,DIFFUSE_RGBA_AUTO
trees_lod_tnt.sps > DiffuseSampler,trees_lod_tnt.sps,trees_lod_tnt,3,DiffuseSampler,0,False,Альбедо листьев/коры + cutout-маска,SEM_4179DAB27448A38B,resolved,active,"{""A"": ""Alpha-test coverage: масштабируется AlphaScale и сравнивается с AlphaTest."", ""RGB"": ""Цвет листвы/коры.""}",foliage_alpha,clip when Diffuse.A·AlphaScale·globalAlpha < AlphaTest,,DIFFUSE_RGBA_AUTO
trees_lod_tnt.sps > TintPaletteSampler,trees_lod_tnt.sps,trees_lod_tnt,3,TintPaletteSampler,,False,Палитра оттенков,SEM_2D892207A85FF1DB,resolved,active,"{""A"": ""В проверенной цветовой модуляции художественная роль не установлена."", ""RGB"": ""Tint, умножаемый на diffuse RGB.""}",,,"Координата X берётся из Colour0.B, строка — из tintPaletteSelector.",PALETTE_RGBA8
trees_normal.sps > DiffuseSampler,trees_normal.sps,trees_normal,3,DiffuseSampler,0,False,Альбедо листьев/коры + cutout-маска,SEM_4179DAB27448A38B,resolved,active,"{""A"": ""Alpha-test coverage: масштабируется AlphaScale и сравнивается с AlphaTest."", ""RGB"": ""Цвет листвы/коры.""}",foliage_alpha,clip when Diffuse.A·AlphaScale·globalAlpha < AlphaTest,,DIFFUSE_RGBA_AUTO
trees_normal.sps > BumpSampler,trees_normal.sps,trees_normal,3,BumpSampler,0,False,Карта нормалей листвы,SEM_E81DD0EBFDA45264,resolved,active,"{""A"": ""Не читается для восстановления обычной normal."", ""B"": ""Не читается для восстановления обычной normal."", ""RG"": ""XY-нормаль в tangent space: Nxy = (2·RG−1)·max(bumpiness, 0.001).""}",tree_normal,"Nxy = (2·RG−1)·max(bumpiness, 0.001)",,NORMAL_XY_AUTO
trees_normal_diffspec.sps > DiffuseSampler,trees_normal_diffspec.sps,trees_normal_diffspec,3,DiffuseSampler,0,False,Альбедо листьев/коры + cutout-маска,SEM_4179DAB27448A38B,resolved,active,"{""A"": ""Alpha-test coverage: масштабируется AlphaScale и сравнивается с AlphaTest."", ""RGB"": ""Цвет листвы/коры.""}",foliage_alpha,clip when Diffuse.A·AlphaScale·globalAlpha < AlphaTest,,DIFFUSE_RGBA_AUTO
trees_normal_diffspec.sps > SpecSampler,trees_normal_diffspec.sps,trees_normal_diffspec,3,SpecSampler,0,False,Карта бликов листвы,SEM_3515587B49B051E7,resolved,active,"{""A"": ""Линейный falloff/exponent input."", ""RGB"": ""Линейно сводится specMapIntMask в scalar intensity; R/G здесь НЕ квадратятся.""}",tree_spec,"Ipack = 4·dot(RGB,mask)·SpecInt; P = A·SpecFalloff",,TODO_SPECIAL_SPEC_BA
trees_normal_diffspec.sps > BumpSampler,trees_normal_diffspec.sps,trees_normal_diffspec,3,BumpSampler,0,False,Карта нормалей листвы,SEM_E81DD0EBFDA45264,resolved,active,"{""A"": ""Не читается для восстановления обычной normal."", ""B"": ""Не читается для восстановления обычной normal."", ""RG"": ""XY-нормаль в tangent space: Nxy = (2·RG−1)·max(bumpiness, 0.001).""}",tree_normal,"Nxy = (2·RG−1)·max(bumpiness, 0.001)",,NORMAL_XY_AUTO
trees_normal_diffspec_tnt.sps > DiffuseSampler,trees_normal_diffspec_tnt.sps,trees_normal_diffspec_tnt,3,DiffuseSampler,0,False,Альбедо листьев/коры + cutout-маска,SEM_4179DAB27448A38B,resolved,active,"{""A"": ""Alpha-test coverage: масштабируется AlphaScale и сравнивается с AlphaTest."", ""RGB"": ""Цвет листвы/коры.""}",foliage_alpha,clip when Diffuse.A·AlphaScale·globalAlpha < AlphaTest,,DIFFUSE_RGBA_AUTO
trees_normal_diffspec_tnt.sps > TintPaletteSampler,trees_normal_diffspec_tnt.sps,trees_normal_diffspec_tnt,3,TintPaletteSampler,,False,Палитра оттенков,SEM_2D892207A85FF1DB,resolved,active,"{""A"": ""В проверенной цветовой модуляции художественная роль не установлена."", ""RGB"": ""Tint, умножаемый на diffuse RGB.""}",,,"Координата X берётся из Colour0.B, строка — из tintPaletteSelector.",PALETTE_RGBA8
trees_normal_diffspec_tnt.sps > SpecSampler,trees_normal_diffspec_tnt.sps,trees_normal_diffspec_tnt,3,SpecSampler,0,False,Карта бликов листвы,SEM_3515587B49B051E7,resolved,active,"{""A"": ""Линейный falloff/exponent input."", ""RGB"": ""Линейно сводится specMapIntMask в scalar intensity; R/G здесь НЕ квадратятся.""}",tree_spec,"Ipack = 4·dot(RGB,mask)·SpecInt; P = A·SpecFalloff",,TODO_SPECIAL_SPEC_BA
trees_normal_diffspec_tnt.sps > BumpSampler,trees_normal_diffspec_tnt.sps,trees_normal_diffspec_tnt,3,BumpSampler,0,False,Карта нормалей листвы,SEM_E81DD0EBFDA45264,resolved,active,"{""A"": ""Не читается для восстановления обычной normal."", ""B"": ""Не читается для восстановления обычной normal."", ""RG"": ""XY-нормаль в tangent space: Nxy = (2·RG−1)·max(bumpiness, 0.001).""}",tree_normal,"Nxy = (2·RG−1)·max(bumpiness, 0.001)",,NORMAL_XY_AUTO
trees_normal_spec.sps > DiffuseSampler,trees_normal_spec.sps,trees_normal_spec,3,DiffuseSampler,0,False,Альбедо листьев/коры + cutout-маска,SEM_4179DAB27448A38B,resolved,active,"{""A"": ""Alpha-test coverage: масштабируется AlphaScale и сравнивается с AlphaTest."", ""RGB"": ""Цвет листвы/коры.""}",foliage_alpha,clip when Diffuse.A·AlphaScale·globalAlpha < AlphaTest,,DIFFUSE_RGBA_AUTO
trees_normal_spec.sps > SpecSampler,trees_normal_spec.sps,trees_normal_spec,3,SpecSampler,0,False,Карта бликов листвы,SEM_3515587B49B051E7,resolved,active,"{""A"": ""Линейный falloff/exponent input."", ""RGB"": ""Линейно сводится specMapIntMask в scalar intensity; R/G здесь НЕ квадратятся.""}",tree_spec,"Ipack = 4·dot(RGB,mask)·SpecInt; P = A·SpecFalloff",,TODO_SPECIAL_SPEC_BA
trees_normal_spec.sps > BumpSampler,trees_normal_spec.sps,trees_normal_spec,3,BumpSampler,0,False,Карта нормалей листвы,SEM_E81DD0EBFDA45264,resolved,active,"{""A"": ""Не читается для восстановления обычной normal."", ""B"": ""Не читается для восстановления обычной normal."", ""RG"": ""XY-нормаль в tangent space: Nxy = (2·RG−1)·max(bumpiness, 0.001).""}",tree_normal,"Nxy = (2·RG−1)·max(bumpiness, 0.001)",,NORMAL_XY_AUTO
trees_normal_spec_tnt.sps > DiffuseSampler,trees_normal_spec_tnt.sps,trees_normal_spec_tnt,3,DiffuseSampler,0,False,Альбедо листьев/коры + cutout-маска,SEM_4179DAB27448A38B,resolved,active,"{""A"": ""Alpha-test coverage: масштабируется AlphaScale и сравнивается с AlphaTest."", ""RGB"": ""Цвет листвы/коры.""}",foliage_alpha,clip when Diffuse.A·AlphaScale·globalAlpha < AlphaTest,,DIFFUSE_RGBA_AUTO
trees_normal_spec_tnt.sps > TintPaletteSampler,trees_normal_spec_tnt.sps,trees_normal_spec_tnt,3,TintPaletteSampler,,False,Палитра оттенков,SEM_2D892207A85FF1DB,resolved,active,"{""A"": ""В проверенной цветовой модуляции художественная роль не установлена."", ""RGB"": ""Tint, умножаемый на diffuse RGB.""}",,,"Координата X берётся из Colour0.B, строка — из tintPaletteSelector.",PALETTE_RGBA8
trees_normal_spec_tnt.sps > SpecSampler,trees_normal_spec_tnt.sps,trees_normal_spec_tnt,3,SpecSampler,0,False,Карта бликов листвы,SEM_3515587B49B051E7,resolved,active,"{""A"": ""Линейный falloff/exponent input."", ""RGB"": ""Линейно сводится specMapIntMask в scalar intensity; R/G здесь НЕ квадратятся.""}",tree_spec,"Ipack = 4·dot(RGB,mask)·SpecInt; P = A·SpecFalloff",,TODO_SPECIAL_SPEC_BA
trees_normal_spec_tnt.sps > BumpSampler,trees_normal_spec_tnt.sps,trees_normal_spec_tnt,3,BumpSampler,0,False,Карта нормалей листвы,SEM_E81DD0EBFDA45264,resolved,active,"{""A"": ""Не читается для восстановления обычной normal."", ""B"": ""Не читается для восстановления обычной normal."", ""RG"": ""XY-нормаль в tangent space: Nxy = (2·RG−1)·max(bumpiness, 0.001).""}",tree_normal,"Nxy = (2·RG−1)·max(bumpiness, 0.001)",,NORMAL_XY_AUTO
trees_shadow_proxy.sps > DiffuseSampler,trees_shadow_proxy.sps,trees_shadow_proxy,3,DiffuseSampler,0,False,Альбедо листьев/коры + cutout-маска,SEM_4179DAB27448A38B,resolved,active,"{""A"": ""Alpha-test coverage: масштабируется AlphaScale и сравнивается с AlphaTest."", ""RGB"": ""Цвет листвы/коры.""}",foliage_alpha,clip when Diffuse.A·AlphaScale·globalAlpha < AlphaTest,,DIFFUSE_RGBA_AUTO
trees_tnt.sps > DiffuseSampler,trees_tnt.sps,trees_tnt,3,DiffuseSampler,0,False,Альбедо листьев/коры + cutout-маска,SEM_4179DAB27448A38B,resolved,active,"{""A"": ""Alpha-test coverage: масштабируется AlphaScale и сравнивается с AlphaTest."", ""RGB"": ""Цвет листвы/коры.""}",foliage_alpha,clip when Diffuse.A·AlphaScale·globalAlpha < AlphaTest,,DIFFUSE_RGBA_AUTO
trees_tnt.sps > TintPaletteSampler,trees_tnt.sps,trees_tnt,3,TintPaletteSampler,,False,Палитра оттенков,SEM_2D892207A85FF1DB,resolved,active,"{""A"": ""В проверенной цветовой модуляции художественная роль не установлена."", ""RGB"": ""Tint, умножаемый на diffuse RGB.""}",,,"Координата X берётся из Colour0.B, строка — из tintPaletteSelector.",PALETTE_RGBA8
vehicle_badges.sps > DiffuseSampler,vehicle_badges.sps,vehicle_badges,1,DiffuseSampler,0,False,Базовый цвет,SEM_0C9EA4E9D23D84A5,resolved,active,"{""A"": ""Opacity для ALPHA или alpha-test для CUTOUT."", ""RGB"": ""Цвет поверхности; после tint/dirt/слоёв vehicle forward core использует его в квадрате.""}",F_DIFFUSE_SQUARE,"C≈(Diffuse.rgb × tint × Colour0.R, после layer/dirt)^2",,DIFFUSE_RGBA_AUTO
vehicle_badges.sps > DamageSampler,vehicle_badges.sps,vehicle_badges,1,DamageSampler,,True,Runtime-маска повреждений,SEM_BC470E9CE43153F1,resolved,active,"{""RGBA"": ""Скрытая сферически проецируемая vehicle damage-карта; packing и координаты принадлежат runtime, не mesh UV.""}",,,,SKIP_ENGINE_RESOURCE
vehicle_badges.sps > BumpSampler,vehicle_badges.sps,vehicle_badges,1,BumpSampler,0,False,Карта нормалей,SEM_E8ED6DDD0F0F5B92,resolved,active,"{""A"": ""В проверенном normal decode не используется."", ""B"": ""В проверенном normal decode не используется."", ""RG"": ""Tangent-space XY: 2·RG−1; Z восстанавливается шейдером.""}",F_NORMAL_RG,"N.xy=(2·RG−1)·scale; N.z=sqrt(|1−dot(N.xy,N.xy)|)",,NORMAL_XY_AUTO
vehicle_badges.sps > SpecSampler,vehicle_badges.sps,vehicle_badges,1,SpecSampler,0,False,Упакованная карта бликов,SEM_39693CAA467C3164,resolved,active,"{""A"": ""Линейный falloff/gloss input, умножается на specularFalloffMult."", ""RGB"": ""Скалярная интенсивность: dot((R²,G²,B), specMapIntMask).""}",F_SPEC_STANDARD,"I=dot((R²,G²,B),mask)·SpecIntensity·Colour0.R; P=A·SpecFalloff; n=3·min(P,500)+558·max(P−500,0)",,TODO_SPECIAL_SPEC_BA
vehicle_basic.sps > DiffuseSampler,vehicle_basic.sps,vehicle_basic,0,DiffuseSampler,0,False,Базовый цвет,SEM_BB4DA8CCAA2A4C2A,resolved,active,"{""A"": ""Материальная alpha/coverage; у OPAQUE не превращает поверхность в прозрачную."", ""RGB"": ""Цвет поверхности; после tint/dirt/слоёв vehicle forward core использует его в квадрате.""}",F_DIFFUSE_SQUARE,"C≈(Diffuse.rgb × tint × Colour0.R, после layer/dirt)^2",,DIFFUSE_RGBA_AUTO
vehicle_basic.sps > DamageSampler,vehicle_basic.sps,vehicle_basic,0,DamageSampler,,True,Runtime-маска повреждений,SEM_BC470E9CE43153F1,resolved,active,"{""RGBA"": ""Скрытая сферически проецируемая vehicle damage-карта; packing и координаты принадлежат runtime, не mesh UV.""}",,,,SKIP_ENGINE_RESOURCE
vehicle_basic.sps > BumpSampler,vehicle_basic.sps,vehicle_basic,0,BumpSampler,0,False,Карта нормалей,SEM_E8ED6DDD0F0F5B92,resolved,active,"{""A"": ""В проверенном normal decode не используется."", ""B"": ""В проверенном normal decode не используется."", ""RG"": ""Tangent-space XY: 2·RG−1; Z восстанавливается шейдером.""}",F_NORMAL_RG,"N.xy=(2·RG−1)·scale; N.z=sqrt(|1−dot(N.xy,N.xy)|)",,NORMAL_XY_AUTO
vehicle_basic.sps > SpecSampler,vehicle_basic.sps,vehicle_basic,0,SpecSampler,0,False,Упакованная карта бликов,SEM_39693CAA467C3164,resolved,active,"{""A"": ""Линейный falloff/gloss input, умножается на specularFalloffMult."", ""RGB"": ""Скалярная интенсивность: dot((R²,G²,B), specMapIntMask).""}",F_SPEC_STANDARD,"I=dot((R²,G²,B),mask)·SpecIntensity·Colour0.R; P=A·SpecFalloff; n=3·min(P,500)+558·max(P−500,0)",,TODO_SPECIAL_SPEC_BA
vehicle_blurredrotor.sps > DiffuseSampler,vehicle_blurredrotor.sps,vehicle_blurredrotor,1,DiffuseSampler,0,False,Базовый цвет,SEM_0C9EA4E9D23D84A5,resolved,active,"{""A"": ""Opacity для ALPHA или alpha-test для CUTOUT."", ""RGB"": ""Цвет поверхности; после tint/dirt/слоёв vehicle forward core использует его в квадрате.""}",F_DIFFUSE_SQUARE,"C≈(Diffuse.rgb × tint × Colour0.R, после layer/dirt)^2",,DIFFUSE_RGBA_AUTO
vehicle_blurredrotor.sps > SpecSampler,vehicle_blurredrotor.sps,vehicle_blurredrotor,1,SpecSampler,0,False,Упакованная карта бликов,SEM_EC2EFDBB96D47E4C,resolved,active,"{""A"": ""Линейный falloff input P=512·A."", ""RGB"": ""Интенсивность rotor-spec: dot((R²,G²,B), specMapIntMask), затем фиксированный scale 0.4.""}",F_SPEC_ROTOR,"I≈0.4·dot((R²,G²,B),mask)·Colour0.R; P=512·A",,TODO_SPECIAL_SPEC_BA
vehicle_blurredrotor_emissive.sps > DiffuseSampler,vehicle_blurredrotor_emissive.sps,vehicle_blurredrotor_emissive,1,DiffuseSampler,0,False,Базовый цвет,SEM_0C9EA4E9D23D84A5,resolved,active,"{""A"": ""Opacity для ALPHA или alpha-test для CUTOUT."", ""RGB"": ""Цвет поверхности; после tint/dirt/слоёв vehicle forward core использует его в квадрате.""}",F_DIFFUSE_SQUARE,"C≈(Diffuse.rgb × tint × Colour0.R, после layer/dirt)^2",,DIFFUSE_RGBA_AUTO
vehicle_blurredrotor_emissive.sps > SpecSampler,vehicle_blurredrotor_emissive.sps,vehicle_blurredrotor_emissive,1,SpecSampler,0,False,Упакованная карта бликов,SEM_EC2EFDBB96D47E4C,resolved,active,"{""A"": ""Линейный falloff input P=512·A."", ""RGB"": ""Интенсивность rotor-spec: dot((R²,G²,B), specMapIntMask), затем фиксированный scale 0.4.""}",F_SPEC_ROTOR,"I≈0.4·dot((R²,G²,B),mask)·Colour0.R; P=512·A",,TODO_SPECIAL_SPEC_BA
vehicle_cloth.sps > DiffuseSampler,vehicle_cloth.sps,vehicle_cloth,0,DiffuseSampler,0,False,Базовый цвет,SEM_BB4DA8CCAA2A4C2A,resolved,active,"{""A"": ""Материальная alpha/coverage; у OPAQUE не превращает поверхность в прозрачную."", ""RGB"": ""Цвет поверхности; после tint/dirt/слоёв vehicle forward core использует его в квадрате.""}",F_DIFFUSE_SQUARE,"C≈(Diffuse.rgb × tint × Colour0.R, после layer/dirt)^2",,DIFFUSE_RGBA_AUTO
vehicle_cloth.sps > DamageSampler,vehicle_cloth.sps,vehicle_cloth,0,DamageSampler,,True,Runtime-маска повреждений,SEM_BC470E9CE43153F1,resolved,active,"{""RGBA"": ""Скрытая сферически проецируемая vehicle damage-карта; packing и координаты принадлежат runtime, не mesh UV.""}",,,,SKIP_ENGINE_RESOURCE
vehicle_cloth.sps > DirtSampler,vehicle_cloth.sps,vehicle_cloth,0,DirtSampler,0,False,Маска грязи автомобиля,SEM_65D26752D3E6373C,resolved,active,"{""A"": ""Стабильная независимая художественная функция в проверенных путях не доказана."", ""B"": ""Второй dirt-level sample для runtime интерполяции."", ""G"": ""Модифицирует остаток clean/dirt blend; карта не является обычной grayscale-маской."", ""R"": ""Один из dirt-level samples; смешивается с B по глобальному wet/dirt состоянию.""}",,,Лучше использовать vanilla vehicle dirt packing.,LINEAR_RGBA_BC3
vehicle_cloth.sps > BumpSampler,vehicle_cloth.sps,vehicle_cloth,0,BumpSampler,0,False,Карта нормалей,SEM_E8ED6DDD0F0F5B92,resolved,active,"{""A"": ""В проверенном normal decode не используется."", ""B"": ""В проверенном normal decode не используется."", ""RG"": ""Tangent-space XY: 2·RG−1; Z восстанавливается шейдером.""}",F_NORMAL_RG,"N.xy=(2·RG−1)·scale; N.z=sqrt(|1−dot(N.xy,N.xy)|)",,NORMAL_XY_AUTO
vehicle_cloth.sps > SpecSampler,vehicle_cloth.sps,vehicle_cloth,0,SpecSampler,0,False,Упакованная карта бликов,SEM_2B413963EE68B186,resolved,active,"{""A"": ""Линейно задаёт falloff-код P≈10·A, но сухая spec-интенсивность deferred core записывается 0."", ""RGB"": ""Не читается для сухой spec-интенсивности; specMapIntMask также compiler-unused.""}",F_SPEC_INTERIOR,P≈10·Spec.A; dry I=0,,TODO_SPECIAL_SPEC_BA
vehicle_cloth2.sps > DiffuseSampler,vehicle_cloth2.sps,vehicle_cloth2,0,DiffuseSampler,0,False,Базовый цвет,SEM_BB4DA8CCAA2A4C2A,resolved,active,"{""A"": ""Материальная alpha/coverage; у OPAQUE не превращает поверхность в прозрачную."", ""RGB"": ""Цвет поверхности; после tint/dirt/слоёв vehicle forward core использует его в квадрате.""}",F_DIFFUSE_SQUARE,"C≈(Diffuse.rgb × tint × Colour0.R, после layer/dirt)^2",,DIFFUSE_RGBA_AUTO
vehicle_cloth2.sps > DamageSampler,vehicle_cloth2.sps,vehicle_cloth2,0,DamageSampler,,True,Runtime-маска повреждений,SEM_BC470E9CE43153F1,resolved,active,"{""RGBA"": ""Скрытая сферически проецируемая vehicle damage-карта; packing и координаты принадлежат runtime, не mesh UV.""}",,,,SKIP_ENGINE_RESOURCE
vehicle_cloth2.sps > DiffuseSampler2,vehicle_cloth2.sps,vehicle_cloth2,0,DiffuseSampler2,0,False,Второй цветовой слой,SEM_81469946AA772F3A,resolved,active,"{""A"": ""Маска: 0 оставляет основной diffuse, 1 выбирает второй слой с tint2."", ""RGB"": ""RGB второго diffuse/livery-слоя.""}",F_DIFFUSE_LAYER2,"w=Layer.A·matDiffuseColor2.w; C=lerp(Cbase, Layer.rgb·matDiffuseColor2.rgb, w)",,DIFFUSE_RGBA_AUTO
vehicle_cloth2.sps > DirtSampler,vehicle_cloth2.sps,vehicle_cloth2,0,DirtSampler,0,False,Маска грязи автомобиля,SEM_65D26752D3E6373C,resolved,active,"{""A"": ""Стабильная независимая художественная функция в проверенных путях не доказана."", ""B"": ""Второй dirt-level sample для runtime интерполяции."", ""G"": ""Модифицирует остаток clean/dirt blend; карта не является обычной grayscale-маской."", ""R"": ""Один из dirt-level samples; смешивается с B по глобальному wet/dirt состоянию.""}",,,Лучше использовать vanilla vehicle dirt packing.,LINEAR_RGBA_BC3
vehicle_cloth2.sps > BumpSampler,vehicle_cloth2.sps,vehicle_cloth2,0,BumpSampler,0,False,Карта нормалей,SEM_E8ED6DDD0F0F5B92,resolved,active,"{""A"": ""В проверенном normal decode не используется."", ""B"": ""В проверенном normal decode не используется."", ""RG"": ""Tangent-space XY: 2·RG−1; Z восстанавливается шейдером.""}",F_NORMAL_RG,"N.xy=(2·RG−1)·scale; N.z=sqrt(|1−dot(N.xy,N.xy)|)",,NORMAL_XY_AUTO
vehicle_cloth2.sps > SpecSampler,vehicle_cloth2.sps,vehicle_cloth2,0,SpecSampler,0,False,Упакованная карта бликов,SEM_2B413963EE68B186,resolved,active,"{""A"": ""Линейно задаёт falloff-код P≈10·A, но сухая spec-интенсивность deferred core записывается 0."", ""RGB"": ""Не читается для сухой spec-интенсивности; specMapIntMask также compiler-unused.""}",F_SPEC_INTERIOR,P≈10·Spec.A; dry I=0,,TODO_SPECIAL_SPEC_BA
vehicle_cutout.sps > DiffuseSampler,vehicle_cutout.sps,vehicle_cutout,3,DiffuseSampler,0,False,Базовый цвет,SEM_0C9EA4E9D23D84A5,resolved,active,"{""A"": ""Opacity для ALPHA или alpha-test для CUTOUT."", ""RGB"": ""Цвет поверхности; после tint/dirt/слоёв vehicle forward core использует его в квадрате.""}",F_DIFFUSE_SQUARE,"C≈(Diffuse.rgb × tint × Colour0.R, после layer/dirt)^2",,DIFFUSE_RGBA_AUTO
vehicle_cutout.sps > DamageSampler,vehicle_cutout.sps,vehicle_cutout,3,DamageSampler,,True,Runtime-маска повреждений,SEM_BC470E9CE43153F1,resolved,active,"{""RGBA"": ""Скрытая сферически проецируемая vehicle damage-карта; packing и координаты принадлежат runtime, не mesh UV.""}",,,,SKIP_ENGINE_RESOURCE
vehicle_cutout.sps > BumpSampler,vehicle_cutout.sps,vehicle_cutout,3,BumpSampler,0,False,Карта нормалей,SEM_E8ED6DDD0F0F5B92,resolved,active,"{""A"": ""В проверенном normal decode не используется."", ""B"": ""В проверенном normal decode не используется."", ""RG"": ""Tangent-space XY: 2·RG−1; Z восстанавливается шейдером.""}",F_NORMAL_RG,"N.xy=(2·RG−1)·scale; N.z=sqrt(|1−dot(N.xy,N.xy)|)",,NORMAL_XY_AUTO
vehicle_cutout.sps > SpecSampler,vehicle_cutout.sps,vehicle_cutout,3,SpecSampler,0,False,Упакованная карта бликов,SEM_39693CAA467C3164,resolved,active,"{""A"": ""Линейный falloff/gloss input, умножается на specularFalloffMult."", ""RGB"": ""Скалярная интенсивность: dot((R²,G²,B), specMapIntMask).""}",F_SPEC_STANDARD,"I=dot((R²,G²,B),mask)·SpecIntensity·Colour0.R; P=A·SpecFalloff; n=3·min(P,500)+558·max(P−500,0)",,TODO_SPECIAL_SPEC_BA
vehicle_dash_emissive.sps > DiffuseSampler,vehicle_dash_emissive.sps,vehicle_dash_emissive,1,DiffuseSampler,0,False,Базовый цвет,SEM_0C9EA4E9D23D84A5,resolved,active,"{""A"": ""Opacity для ALPHA или alpha-test для CUTOUT."", ""RGB"": ""Цвет поверхности; после tint/dirt/слоёв vehicle forward core использует его в квадрате.""}",F_DIFFUSE_SQUARE,"C≈(Diffuse.rgb × tint × Colour0.R, после layer/dirt)^2",,DIFFUSE_RGBA_AUTO
vehicle_dash_emissive.sps > DamageSampler,vehicle_dash_emissive.sps,vehicle_dash_emissive,1,DamageSampler,,True,Runtime-маска повреждений,SEM_BC470E9CE43153F1,resolved,active,"{""RGBA"": ""Скрытая сферически проецируемая vehicle damage-карта; packing и координаты принадлежат runtime, не mesh UV.""}",,,,SKIP_ENGINE_RESOURCE
vehicle_dash_emissive.sps > SpecSampler,vehicle_dash_emissive.sps,vehicle_dash_emissive,1,SpecSampler,0,False,Упакованная карта бликов,SEM_6585B3C2E7481ACC,resolved,inactive,"{""RGBA"": ""Слот объявлен в Sollumz, но основной HQ draw-проход его не бинит: карта не влияет на этот проход.""}",,,,SKIP_INACTIVE
vehicle_dash_emissive_opaque.sps > DiffuseSampler,vehicle_dash_emissive_opaque.sps,vehicle_dash_emissive_opaque,0,DiffuseSampler,0,False,Базовый цвет,SEM_BB4DA8CCAA2A4C2A,resolved,active,"{""A"": ""Материальная alpha/coverage; у OPAQUE не превращает поверхность в прозрачную."", ""RGB"": ""Цвет поверхности; после tint/dirt/слоёв vehicle forward core использует его в квадрате.""}",F_DIFFUSE_SQUARE,"C≈(Diffuse.rgb × tint × Colour0.R, после layer/dirt)^2",,DIFFUSE_RGBA_AUTO
vehicle_dash_emissive_opaque.sps > DamageSampler,vehicle_dash_emissive_opaque.sps,vehicle_dash_emissive_opaque,0,DamageSampler,,True,Runtime-маска повреждений,SEM_BC470E9CE43153F1,resolved,active,"{""RGBA"": ""Скрытая сферически проецируемая vehicle damage-карта; packing и координаты принадлежат runtime, не mesh UV.""}",,,,SKIP_ENGINE_RESOURCE
vehicle_dash_emissive_opaque.sps > SpecSampler,vehicle_dash_emissive_opaque.sps,vehicle_dash_emissive_opaque,0,SpecSampler,0,False,Упакованная карта бликов,SEM_6585B3C2E7481ACC,resolved,inactive,"{""RGBA"": ""Слот объявлен в Sollumz, но основной HQ draw-проход его не бинит: карта не влияет на этот проход.""}",,,,SKIP_INACTIVE
vehicle_decal.sps > DiffuseSampler,vehicle_decal.sps,vehicle_decal,1,DiffuseSampler,0,False,Базовый цвет,SEM_0C9EA4E9D23D84A5,resolved,active,"{""A"": ""Opacity для ALPHA или alpha-test для CUTOUT."", ""RGB"": ""Цвет поверхности; после tint/dirt/слоёв vehicle forward core использует его в квадрате.""}",F_DIFFUSE_SQUARE,"C≈(Diffuse.rgb × tint × Colour0.R, после layer/dirt)^2",,DIFFUSE_RGBA_AUTO
vehicle_decal.sps > DamageSampler,vehicle_decal.sps,vehicle_decal,1,DamageSampler,,True,Runtime-маска повреждений,SEM_BC470E9CE43153F1,resolved,active,"{""RGBA"": ""Скрытая сферически проецируемая vehicle damage-карта; packing и координаты принадлежат runtime, не mesh UV.""}",,,,SKIP_ENGINE_RESOURCE
vehicle_decal.sps > SpecSampler,vehicle_decal.sps,vehicle_decal,1,SpecSampler,0,False,Упакованная карта бликов,SEM_2D79D555B58D8DF6,resolved,active,"{""A"": ""Линейный falloff input фиксированного vehicle-spec пути."", ""RGB"": ""Packed scalar spec: R/G читаются квадратично, B линейно.""}",F_SPEC_FIXED,"I≈dot((R²,G²,B),mask)·Colour0.R; A→fixed falloff path",,TODO_SPECIAL_SPEC_BA
vehicle_decal2.sps > DiffuseSampler,vehicle_decal2.sps,vehicle_decal2,2,DiffuseSampler,0,False,Базовый цвет,SEM_BB4DA8CCAA2A4C2A,resolved,active,"{""A"": ""Материальная alpha/coverage; у OPAQUE не превращает поверхность в прозрачную."", ""RGB"": ""Цвет поверхности; после tint/dirt/слоёв vehicle forward core использует его в квадрате.""}",F_DIFFUSE_SQUARE,"C≈(Diffuse.rgb × tint × Colour0.R, после layer/dirt)^2",,DIFFUSE_RGBA_AUTO
vehicle_decal2.sps > DamageSampler,vehicle_decal2.sps,vehicle_decal2,2,DamageSampler,,True,Runtime-маска повреждений,SEM_BC470E9CE43153F1,resolved,active,"{""RGBA"": ""Скрытая сферически проецируемая vehicle damage-карта; packing и координаты принадлежат runtime, не mesh UV.""}",,,,SKIP_ENGINE_RESOURCE
vehicle_decal2.sps > DirtSampler,vehicle_decal2.sps,vehicle_decal2,2,DirtSampler,0,False,Маска грязи автомобиля,SEM_65D26752D3E6373C,resolved,active,"{""A"": ""Стабильная независимая художественная функция в проверенных путях не доказана."", ""B"": ""Второй dirt-level sample для runtime интерполяции."", ""G"": ""Модифицирует остаток clean/dirt blend; карта не является обычной grayscale-маской."", ""R"": ""Один из dirt-level samples; смешивается с B по глобальному wet/dirt состоянию.""}",,,Лучше использовать vanilla vehicle dirt packing.,LINEAR_RGBA_BC3
vehicle_decal2.sps > SpecSampler,vehicle_decal2.sps,vehicle_decal2,2,SpecSampler,0,False,Упакованная карта бликов,SEM_39693CAA467C3164,resolved,active,"{""A"": ""Линейный falloff/gloss input, умножается на specularFalloffMult."", ""RGB"": ""Скалярная интенсивность: dot((R²,G²,B), specMapIntMask).""}",F_SPEC_STANDARD,"I=dot((R²,G²,B),mask)·SpecIntensity·Colour0.R; P=A·SpecFalloff; n=3·min(P,500)+558·max(P−500,0)",,TODO_SPECIAL_SPEC_BA
vehicle_detail.sps > DiffuseSampler,vehicle_detail.sps,vehicle_detail,0,DiffuseSampler,0,False,Базовый цвет,SEM_BB4DA8CCAA2A4C2A,resolved,active,"{""A"": ""Материальная alpha/coverage; у OPAQUE не превращает поверхность в прозрачную."", ""RGB"": ""Цвет поверхности; после tint/dirt/слоёв vehicle forward core использует его в квадрате.""}",F_DIFFUSE_SQUARE,"C≈(Diffuse.rgb × tint × Colour0.R, после layer/dirt)^2",,DIFFUSE_RGBA_AUTO
vehicle_detail.sps > DamageSampler,vehicle_detail.sps,vehicle_detail,0,DamageSampler,,True,Runtime-маска повреждений,SEM_BC470E9CE43153F1,resolved,active,"{""RGBA"": ""Скрытая сферически проецируемая vehicle damage-карта; packing и координаты принадлежат runtime, не mesh UV.""}",,,,SKIP_ENGINE_RESOURCE
vehicle_detail.sps > DetailSampler,vehicle_detail.sps,vehicle_detail,0,DetailSampler,0,False,Микродеталь,SEM_8A082D30141BEA63,resolved,active,"{""GBA"": ""В проверенном deferred-пути не используются."", ""R"": ""Единственный читаемый канал; семплируется на двух частотах и модулирует diffuse/spec.""}",F_DETAIL_R,m=1−detailSettings.x·Spec.A·0.5·[(2R(uv·zw)−1)+(2R(3.17·uv·zw)−1)],,LINEAR_R_OR_RG_BC5
vehicle_detail.sps > DirtSampler,vehicle_detail.sps,vehicle_detail,0,DirtSampler,1,False,Маска грязи автомобиля,SEM_65D26752D3E6373C,resolved,active,"{""A"": ""Стабильная независимая художественная функция в проверенных путях не доказана."", ""B"": ""Второй dirt-level sample для runtime интерполяции."", ""G"": ""Модифицирует остаток clean/dirt blend; карта не является обычной grayscale-маской."", ""R"": ""Один из dirt-level samples; смешивается с B по глобальному wet/dirt состоянию.""}",,,Лучше использовать vanilla vehicle dirt packing.,LINEAR_RGBA_BC3
vehicle_detail.sps > SpecSampler,vehicle_detail.sps,vehicle_detail,0,SpecSampler,0,False,Упакованная карта бликов,SEM_39693CAA467C3164,resolved,active,"{""A"": ""Линейный falloff/gloss input, умножается на specularFalloffMult."", ""RGB"": ""Скалярная интенсивность: dot((R²,G²,B), specMapIntMask).""}",F_SPEC_STANDARD,"I=dot((R²,G²,B),mask)·SpecIntensity·Colour0.R; P=A·SpecFalloff; n=3·min(P,500)+558·max(P−500,0)",,TODO_SPECIAL_SPEC_BA
vehicle_detail2.sps > DiffuseSampler,vehicle_detail2.sps,vehicle_detail2,0,DiffuseSampler,0,False,Базовый цвет,SEM_BB4DA8CCAA2A4C2A,resolved,active,"{""A"": ""Материальная alpha/coverage; у OPAQUE не превращает поверхность в прозрачную."", ""RGB"": ""Цвет поверхности; после tint/dirt/слоёв vehicle forward core использует его в квадрате.""}",F_DIFFUSE_SQUARE,"C≈(Diffuse.rgb × tint × Colour0.R, после layer/dirt)^2",,DIFFUSE_RGBA_AUTO
vehicle_detail2.sps > DamageSampler,vehicle_detail2.sps,vehicle_detail2,0,DamageSampler,,True,Runtime-маска повреждений,SEM_BC470E9CE43153F1,resolved,active,"{""RGBA"": ""Скрытая сферически проецируемая vehicle damage-карта; packing и координаты принадлежат runtime, не mesh UV.""}",,,,SKIP_ENGINE_RESOURCE
vehicle_detail2.sps > DetailSampler,vehicle_detail2.sps,vehicle_detail2,0,DetailSampler,1,False,Микродеталь,SEM_8A082D30141BEA63,resolved,active,"{""GBA"": ""В проверенном deferred-пути не используются."", ""R"": ""Единственный читаемый канал; семплируется на двух частотах и модулирует diffuse/spec.""}",F_DETAIL_R,m=1−detailSettings.x·Spec.A·0.5·[(2R(uv·zw)−1)+(2R(3.17·uv·zw)−1)],,LINEAR_R_OR_RG_BC5
vehicle_detail2.sps > SpecSampler,vehicle_detail2.sps,vehicle_detail2,0,SpecSampler,0,False,Упакованная карта бликов,SEM_2D79D555B58D8DF6,resolved,active,"{""A"": ""Линейный falloff input фиксированного vehicle-spec пути."", ""RGB"": ""Packed scalar spec: R/G читаются квадратично, B линейно.""}",F_SPEC_FIXED,"I≈dot((R²,G²,B),mask)·Colour0.R; A→fixed falloff path",,TODO_SPECIAL_SPEC_BA
vehicle_emissive_alpha.sps > DiffuseSampler,vehicle_emissive_alpha.sps,vehicle_emissive_alpha,1,DiffuseSampler,0,False,Базовый цвет,SEM_0C9EA4E9D23D84A5,resolved,active,"{""A"": ""Opacity для ALPHA или alpha-test для CUTOUT."", ""RGB"": ""Цвет поверхности; после tint/dirt/слоёв vehicle forward core использует его в квадрате.""}",F_DIFFUSE_SQUARE,"C≈(Diffuse.rgb × tint × Colour0.R, после layer/dirt)^2",,DIFFUSE_RGBA_AUTO
vehicle_emissive_alpha.sps > DamageSampler,vehicle_emissive_alpha.sps,vehicle_emissive_alpha,1,DamageSampler,,True,Runtime-маска повреждений,SEM_BC470E9CE43153F1,resolved,active,"{""RGBA"": ""Скрытая сферически проецируемая vehicle damage-карта; packing и координаты принадлежат runtime, не mesh UV.""}",,,,SKIP_ENGINE_RESOURCE
vehicle_emissive_alpha.sps > DirtSampler,vehicle_emissive_alpha.sps,vehicle_emissive_alpha,1,DirtSampler,1,False,Маска грязи автомобиля,SEM_65D26752D3E6373C,resolved,active,"{""A"": ""Стабильная независимая художественная функция в проверенных путях не доказана."", ""B"": ""Второй dirt-level sample для runtime интерполяции."", ""G"": ""Модифицирует остаток clean/dirt blend; карта не является обычной grayscale-маской."", ""R"": ""Один из dirt-level samples; смешивается с B по глобальному wet/dirt состоянию.""}",,,Лучше использовать vanilla vehicle dirt packing.,LINEAR_RGBA_BC3
vehicle_emissive_alpha.sps > SpecSampler,vehicle_emissive_alpha.sps,vehicle_emissive_alpha,1,SpecSampler,0,False,Упакованная карта бликов,SEM_2D79D555B58D8DF6,resolved,active,"{""A"": ""Линейный falloff input фиксированного vehicle-spec пути."", ""RGB"": ""Packed scalar spec: R/G читаются квадратично, B линейно.""}",F_SPEC_FIXED,"I≈dot((R²,G²,B),mask)·Colour0.R; A→fixed falloff path",,TODO_SPECIAL_SPEC_BA
vehicle_emissive_opaque.sps > DiffuseSampler,vehicle_emissive_opaque.sps,vehicle_emissive_opaque,0,DiffuseSampler,0,False,Базовый цвет,SEM_BB4DA8CCAA2A4C2A,resolved,active,"{""A"": ""Материальная alpha/coverage; у OPAQUE не превращает поверхность в прозрачную."", ""RGB"": ""Цвет поверхности; после tint/dirt/слоёв vehicle forward core использует его в квадрате.""}",F_DIFFUSE_SQUARE,"C≈(Diffuse.rgb × tint × Colour0.R, после layer/dirt)^2",,DIFFUSE_RGBA_AUTO
vehicle_emissive_opaque.sps > DamageSampler,vehicle_emissive_opaque.sps,vehicle_emissive_opaque,0,DamageSampler,,True,Runtime-маска повреждений,SEM_BC470E9CE43153F1,resolved,active,"{""RGBA"": ""Скрытая сферически проецируемая vehicle damage-карта; packing и координаты принадлежат runtime, не mesh UV.""}",,,,SKIP_ENGINE_RESOURCE
vehicle_emissive_opaque.sps > DirtSampler,vehicle_emissive_opaque.sps,vehicle_emissive_opaque,0,DirtSampler,1,False,Маска грязи автомобиля,SEM_65D26752D3E6373C,resolved,active,"{""A"": ""Стабильная независимая художественная функция в проверенных путях не доказана."", ""B"": ""Второй dirt-level sample для runtime интерполяции."", ""G"": ""Модифицирует остаток clean/dirt blend; карта не является обычной grayscale-маской."", ""R"": ""Один из dirt-level samples; смешивается с B по глобальному wet/dirt состоянию.""}",,,Лучше использовать vanilla vehicle dirt packing.,LINEAR_RGBA_BC3
vehicle_emissive_opaque.sps > SpecSampler,vehicle_emissive_opaque.sps,vehicle_emissive_opaque,0,SpecSampler,0,False,Упакованная карта бликов,SEM_2D79D555B58D8DF6,resolved,active,"{""A"": ""Линейный falloff input фиксированного vehicle-spec пути."", ""RGB"": ""Packed scalar spec: R/G читаются квадратично, B линейно.""}",F_SPEC_FIXED,"I≈dot((R²,G²,B),mask)·Colour0.R; A→fixed falloff path",,TODO_SPECIAL_SPEC_BA
vehicle_generic.sps > DiffuseSampler,vehicle_generic.sps,vehicle_generic,0,DiffuseSampler,0,False,Базовый цвет,SEM_BB4DA8CCAA2A4C2A,resolved,active,"{""A"": ""Материальная alpha/coverage; у OPAQUE не превращает поверхность в прозрачную."", ""RGB"": ""Цвет поверхности; после tint/dirt/слоёв vehicle forward core использует его в квадрате.""}",F_DIFFUSE_SQUARE,"C≈(Diffuse.rgb × tint × Colour0.R, после layer/dirt)^2",,DIFFUSE_RGBA_AUTO
vehicle_generic.sps > DamageSampler,vehicle_generic.sps,vehicle_generic,0,DamageSampler,,True,Runtime-маска повреждений,SEM_BC470E9CE43153F1,resolved,active,"{""RGBA"": ""Скрытая сферически проецируемая vehicle damage-карта; packing и координаты принадлежат runtime, не mesh UV.""}",,,,SKIP_ENGINE_RESOURCE
vehicle_generic.sps > BumpSampler,vehicle_generic.sps,vehicle_generic,0,BumpSampler,0,False,Карта нормалей,SEM_E8ED6DDD0F0F5B92,resolved,active,"{""A"": ""В проверенном normal decode не используется."", ""B"": ""В проверенном normal decode не используется."", ""RG"": ""Tangent-space XY: 2·RG−1; Z восстанавливается шейдером.""}",F_NORMAL_RG,"N.xy=(2·RG−1)·scale; N.z=sqrt(|1−dot(N.xy,N.xy)|)",,NORMAL_XY_AUTO
vehicle_generic.sps > SpecSampler,vehicle_generic.sps,vehicle_generic,0,SpecSampler,0,False,Упакованная карта бликов,SEM_39693CAA467C3164,resolved,active,"{""A"": ""Линейный falloff/gloss input, умножается на specularFalloffMult."", ""RGB"": ""Скалярная интенсивность: dot((R²,G²,B), specMapIntMask).""}",F_SPEC_STANDARD,"I=dot((R²,G²,B),mask)·SpecIntensity·Colour0.R; P=A·SpecFalloff; n=3·min(P,500)+558·max(P−500,0)",,TODO_SPECIAL_SPEC_BA
vehicle_interior.sps > DiffuseSampler,vehicle_interior.sps,vehicle_interior,0,DiffuseSampler,0,False,Базовый цвет,SEM_BB4DA8CCAA2A4C2A,resolved,active,"{""A"": ""Материальная alpha/coverage; у OPAQUE не превращает поверхность в прозрачную."", ""RGB"": ""Цвет поверхности; после tint/dirt/слоёв vehicle forward core использует его в квадрате.""}",F_DIFFUSE_SQUARE,"C≈(Diffuse.rgb × tint × Colour0.R, после layer/dirt)^2",,DIFFUSE_RGBA_AUTO
vehicle_interior.sps > DamageSampler,vehicle_interior.sps,vehicle_interior,0,DamageSampler,,True,Runtime-маска повреждений,SEM_BC470E9CE43153F1,resolved,active,"{""RGBA"": ""Скрытая сферически проецируемая vehicle damage-карта; packing и координаты принадлежат runtime, не mesh UV.""}",,,,SKIP_ENGINE_RESOURCE
vehicle_interior.sps > BumpSampler,vehicle_interior.sps,vehicle_interior,0,BumpSampler,0,False,Карта нормалей,SEM_E8ED6DDD0F0F5B92,resolved,active,"{""A"": ""В проверенном normal decode не используется."", ""B"": ""В проверенном normal decode не используется."", ""RG"": ""Tangent-space XY: 2·RG−1; Z восстанавливается шейдером.""}",F_NORMAL_RG,"N.xy=(2·RG−1)·scale; N.z=sqrt(|1−dot(N.xy,N.xy)|)",,NORMAL_XY_AUTO
vehicle_interior.sps > SpecSampler,vehicle_interior.sps,vehicle_interior,0,SpecSampler,0,False,Упакованная карта бликов,SEM_2B413963EE68B186,resolved,active,"{""A"": ""Линейно задаёт falloff-код P≈10·A, но сухая spec-интенсивность deferred core записывается 0."", ""RGB"": ""Не читается для сухой spec-интенсивности; specMapIntMask также compiler-unused.""}",F_SPEC_INTERIOR,P≈10·Spec.A; dry I=0,,TODO_SPECIAL_SPEC_BA
vehicle_interior2.sps > DiffuseSampler,vehicle_interior2.sps,vehicle_interior2,0,DiffuseSampler,0,False,Базовый цвет,SEM_BB4DA8CCAA2A4C2A,resolved,active,"{""A"": ""Материальная alpha/coverage; у OPAQUE не превращает поверхность в прозрачную."", ""RGB"": ""Цвет поверхности; после tint/dirt/слоёв vehicle forward core использует его в квадрате.""}",F_DIFFUSE_SQUARE,"C≈(Diffuse.rgb × tint × Colour0.R, после layer/dirt)^2",,DIFFUSE_RGBA_AUTO
vehicle_interior2.sps > DamageSampler,vehicle_interior2.sps,vehicle_interior2,0,DamageSampler,,True,Runtime-маска повреждений,SEM_BC470E9CE43153F1,resolved,active,"{""RGBA"": ""Скрытая сферически проецируемая vehicle damage-карта; packing и координаты принадлежат runtime, не mesh UV.""}",,,,SKIP_ENGINE_RESOURCE
vehicle_interior2.sps > SpecSampler,vehicle_interior2.sps,vehicle_interior2,0,SpecSampler,0,False,Упакованная карта бликов,SEM_2B413963EE68B186,resolved,active,"{""A"": ""Линейно задаёт falloff-код P≈10·A, но сухая spec-интенсивность deferred core записывается 0."", ""RGB"": ""Не читается для сухой spec-интенсивности; specMapIntMask также compiler-unused.""}",F_SPEC_INTERIOR,P≈10·Spec.A; dry I=0,,TODO_SPECIAL_SPEC_BA
vehicle_licenseplate.sps > DamageSampler,vehicle_licenseplate.sps,vehicle_licenseplate,0,DamageSampler,,True,Runtime-маска повреждений,SEM_BC470E9CE43153F1,resolved,active,"{""RGBA"": ""Скрытая сферически проецируемая vehicle damage-карта; packing и координаты принадлежат runtime, не mesh UV.""}",,,,SKIP_ENGINE_RESOURCE
vehicle_licenseplate.sps > DirtSampler,vehicle_licenseplate.sps,vehicle_licenseplate,0,DirtSampler,1,False,Маска грязи автомобиля,SEM_65D26752D3E6373C,resolved,active,"{""A"": ""Стабильная независимая художественная функция в проверенных путях не доказана."", ""B"": ""Второй dirt-level sample для runtime интерполяции."", ""G"": ""Модифицирует остаток clean/dirt blend; карта не является обычной grayscale-маской."", ""R"": ""Один из dirt-level samples; смешивается с B по глобальному wet/dirt состоянию.""}",,,Лучше использовать vanilla vehicle dirt packing.,LINEAR_RGBA_BC3
vehicle_licenseplate.sps > PlateBgSampler,vehicle_licenseplate.sps,vehicle_licenseplate,0,PlateBgSampler,0,False,Фон номера,SEM_FFF1A8AA138DEBE2,resolved,active,"{""A"": ""Alpha/coverage фона."", ""RGB"": ""Цвет фона номерного знака.""}",,,,COLOR_RGBA_BC3
vehicle_licenseplate.sps > PlateBgBumpSampler,vehicle_licenseplate.sps,vehicle_licenseplate,0,PlateBgBumpSampler,0,False,Карта нормалей,SEM_E8ED6DDD0F0F5B92,resolved,active,"{""A"": ""В проверенном normal decode не используется."", ""B"": ""В проверенном normal decode не используется."", ""RG"": ""Tangent-space XY: 2·RG−1; Z восстанавливается шейдером.""}",F_NORMAL_RG,"N.xy=(2·RG−1)·scale; N.z=sqrt(|1−dot(N.xy,N.xy)|)",,NORMAL_XY_AUTO
vehicle_licenseplate.sps > FontSampler,vehicle_licenseplate.sps,vehicle_licenseplate,0,FontSampler,0,False,SDF-шрифт,SEM_D2524F945066B581,resolved,active,"{""GBA"": ""Не используются в проверенном plate deferred-пути."", ""R"": ""Signed-distance/coverage символа; через derivatives превращается в сглаженную маску.""}",F_PLATE_SDF,"mask=smoothstep(center−ε, center+ε, Font.R)",,LINEAR_R_OR_RG_BC5
vehicle_licenseplate.sps > FontNormalSampler,vehicle_licenseplate.sps,vehicle_licenseplate,0,FontNormalSampler,0,False,Normal шрифта,SEM_32F7442900F7BA7C,resolved,active,"{""BA"": ""Не используются в проверенном plate deferred-пути."", ""RG"": ""XY normal символов, центр 0.5; сила задаётся FontNormalScale.""}",F_NORMAL_RG,"N.xy=(2·RG−1)·scale; N.z=sqrt(|1−dot(N.xy,N.xy)|)",,NORMAL_XY_AUTO
vehicle_lights.sps > DiffuseSampler,vehicle_lights.sps,vehicle_vehglass,1,DiffuseSampler,0,False,Базовый цвет,SEM_0C9EA4E9D23D84A5,resolved,active,"{""A"": ""Opacity для ALPHA или alpha-test для CUTOUT."", ""RGB"": ""Цвет поверхности; после tint/dirt/слоёв vehicle forward core использует его в квадрате.""}",F_DIFFUSE_SQUARE,"C≈(Diffuse.rgb × tint × Colour0.R, после layer/dirt)^2",,DIFFUSE_RGBA_AUTO
vehicle_lights.sps > DamageSampler,vehicle_lights.sps,vehicle_vehglass,1,DamageSampler,,True,Runtime-маска повреждений,SEM_BC470E9CE43153F1,resolved,active,"{""RGBA"": ""Скрытая сферически проецируемая vehicle damage-карта; packing и координаты принадлежат runtime, не mesh UV.""}",,,,SKIP_ENGINE_RESOURCE
vehicle_lights.sps > DirtSampler,vehicle_lights.sps,vehicle_vehglass,1,DirtSampler,1,False,Маска грязи автомобиля,SEM_65D26752D3E6373C,resolved,active,"{""A"": ""Стабильная независимая художественная функция в проверенных путях не доказана."", ""B"": ""Второй dirt-level sample для runtime интерполяции."", ""G"": ""Модифицирует остаток clean/dirt blend; карта не является обычной grayscale-маской."", ""R"": ""Один из dirt-level samples; смешивается с B по глобальному wet/dirt состоянию.""}",,,Лучше использовать vanilla vehicle dirt packing.,LINEAR_RGBA_BC3
vehicle_lights.sps > SpecSampler,vehicle_lights.sps,vehicle_vehglass,1,SpecSampler,0,False,Упакованная карта бликов,SEM_0D3B8A9B6DAF4B80,resolved,active,"{""A"": ""Линейный falloff input: P≈510·A снаружи и P≈512·A у inner."", ""RGB"": ""Интенсивность glass-spec: dot((R²,G²,B), specMapIntMask).""}",F_SPEC_GLASS,"I=dot((R²,G²,B),mask)·Colour0.R; P≈(510 или 512)·A; n=3·min(P,500)+558·max(P−500,0)",,TODO_SPECIAL_SPEC_BA
vehicle_lightsemissive.sps > DiffuseSampler,vehicle_lightsemissive.sps,vehicle_lightsemissive,1,DiffuseSampler,0,False,Базовый цвет,SEM_0C9EA4E9D23D84A5,resolved,active,"{""A"": ""Opacity для ALPHA или alpha-test для CUTOUT."", ""RGB"": ""Цвет поверхности; после tint/dirt/слоёв vehicle forward core использует его в квадрате.""}",F_DIFFUSE_SQUARE,"C≈(Diffuse.rgb × tint × Colour0.R, после layer/dirt)^2",,DIFFUSE_RGBA_AUTO
vehicle_lightsemissive.sps > DamageSampler,vehicle_lightsemissive.sps,vehicle_lightsemissive,1,DamageSampler,,True,Runtime-маска повреждений,SEM_BC470E9CE43153F1,resolved,active,"{""RGBA"": ""Скрытая сферически проецируемая vehicle damage-карта; packing и координаты принадлежат runtime, не mesh UV.""}",,,,SKIP_ENGINE_RESOURCE
vehicle_lightsemissive.sps > DirtSampler,vehicle_lightsemissive.sps,vehicle_lightsemissive,1,DirtSampler,1,False,Маска грязи автомобиля,SEM_65D26752D3E6373C,resolved,active,"{""A"": ""Стабильная независимая художественная функция в проверенных путях не доказана."", ""B"": ""Второй dirt-level sample для runtime интерполяции."", ""G"": ""Модифицирует остаток clean/dirt blend; карта не является обычной grayscale-маской."", ""R"": ""Один из dirt-level samples; смешивается с B по глобальному wet/dirt состоянию.""}",,,Лучше использовать vanilla vehicle dirt packing.,LINEAR_RGBA_BC3
vehicle_lightsemissive.sps > SpecSampler,vehicle_lightsemissive.sps,vehicle_lightsemissive,1,SpecSampler,0,False,Упакованная карта бликов,SEM_2D79D555B58D8DF6,resolved,active,"{""A"": ""Линейный falloff input фиксированного vehicle-spec пути."", ""RGB"": ""Packed scalar spec: R/G читаются квадратично, B линейно.""}",F_SPEC_FIXED,"I≈dot((R²,G²,B),mask)·Colour0.R; A→fixed falloff path",,TODO_SPECIAL_SPEC_BA
vehicle_lightsemissive_siren.sps > DiffuseSampler,vehicle_lightsemissive_siren.sps,vehicle_lightsemissive_siren,1,DiffuseSampler,0,False,Базовый цвет,SEM_0C9EA4E9D23D84A5,resolved,active,"{""A"": ""Opacity для ALPHA или alpha-test для CUTOUT."", ""RGB"": ""Цвет поверхности; после tint/dirt/слоёв vehicle forward core использует его в квадрате.""}",F_DIFFUSE_SQUARE,"C≈(Diffuse.rgb × tint × Colour0.R, после layer/dirt)^2",,DIFFUSE_RGBA_AUTO
vehicle_lightsemissive_siren.sps > DamageSampler,vehicle_lightsemissive_siren.sps,vehicle_lightsemissive_siren,1,DamageSampler,,True,Runtime-маска повреждений,SEM_BC470E9CE43153F1,resolved,active,"{""RGBA"": ""Скрытая сферически проецируемая vehicle damage-карта; packing и координаты принадлежат runtime, не mesh UV.""}",,,,SKIP_ENGINE_RESOURCE
vehicle_lightsemissive_siren.sps > DirtSampler,vehicle_lightsemissive_siren.sps,vehicle_lightsemissive_siren,1,DirtSampler,1,False,Маска грязи автомобиля,SEM_65D26752D3E6373C,resolved,active,"{""A"": ""Стабильная независимая художественная функция в проверенных путях не доказана."", ""B"": ""Второй dirt-level sample для runtime интерполяции."", ""G"": ""Модифицирует остаток clean/dirt blend; карта не является обычной grayscale-маской."", ""R"": ""Один из dirt-level samples; смешивается с B по глобальному wet/dirt состоянию.""}",,,Лучше использовать vanilla vehicle dirt packing.,LINEAR_RGBA_BC3
vehicle_lightsemissive_siren.sps > SpecSampler,vehicle_lightsemissive_siren.sps,vehicle_lightsemissive_siren,1,SpecSampler,0,False,Упакованная карта бликов,SEM_2D79D555B58D8DF6,resolved,active,"{""A"": ""Линейный falloff input фиксированного vehicle-spec пути."", ""RGB"": ""Packed scalar spec: R/G читаются квадратично, B линейно.""}",F_SPEC_FIXED,"I≈dot((R²,G²,B),mask)·Colour0.R; A→fixed falloff path",,TODO_SPECIAL_SPEC_BA
vehicle_mesh.sps > DiffuseSampler,vehicle_mesh.sps,vehicle_mesh,0,DiffuseSampler,0,False,Базовый цвет,SEM_BB4DA8CCAA2A4C2A,resolved,active,"{""A"": ""Материальная alpha/coverage; у OPAQUE не превращает поверхность в прозрачную."", ""RGB"": ""Цвет поверхности; после tint/dirt/слоёв vehicle forward core использует его в квадрате.""}",F_DIFFUSE_SQUARE,"C≈(Diffuse.rgb × tint × Colour0.R, после layer/dirt)^2",,DIFFUSE_RGBA_AUTO
vehicle_mesh.sps > DamageSampler,vehicle_mesh.sps,vehicle_mesh,0,DamageSampler,,True,Runtime-маска повреждений,SEM_BC470E9CE43153F1,resolved,active,"{""RGBA"": ""Скрытая сферически проецируемая vehicle damage-карта; packing и координаты принадлежат runtime, не mesh UV.""}",,,,SKIP_ENGINE_RESOURCE
vehicle_mesh.sps > DirtSampler,vehicle_mesh.sps,vehicle_mesh,0,DirtSampler,1,False,Маска грязи автомобиля,SEM_65D26752D3E6373C,resolved,active,"{""A"": ""Стабильная независимая художественная функция в проверенных путях не доказана."", ""B"": ""Второй dirt-level sample для runtime интерполяции."", ""G"": ""Модифицирует остаток clean/dirt blend; карта не является обычной grayscale-маской."", ""R"": ""Один из dirt-level samples; смешивается с B по глобальному wet/dirt состоянию.""}",,,Лучше использовать vanilla vehicle dirt packing.,LINEAR_RGBA_BC3
vehicle_mesh.sps > BumpSampler,vehicle_mesh.sps,vehicle_mesh,0,BumpSampler,0,False,Карта нормалей,SEM_E8ED6DDD0F0F5B92,resolved,active,"{""A"": ""В проверенном normal decode не используется."", ""B"": ""В проверенном normal decode не используется."", ""RG"": ""Tangent-space XY: 2·RG−1; Z восстанавливается шейдером.""}",F_NORMAL_RG,"N.xy=(2·RG−1)·scale; N.z=sqrt(|1−dot(N.xy,N.xy)|)",,NORMAL_XY_AUTO
vehicle_mesh.sps > SpecSampler,vehicle_mesh.sps,vehicle_mesh,0,SpecSampler,0,False,Упакованная карта бликов,SEM_98D25017590B50F1,resolved,active,"{""A"": ""В основном deferred mesh-пути не является обычным falloff-каналом."", ""B"": ""Участвует в vehicle dirt/spec взаимодействии; это не свободный цветной spec."", ""G"": ""Квадратичная gloss/shape-компонента собственного mesh-spec пути."", ""R"": ""Квадратичная intensity-компонента дополнительного vehicle-spec.""}",F_SPEC_MESH,Iчасть∝R²·Colour0.R; gloss/shapeчасть∝G²; B участвует в dirt/spec; A не является стандартным falloff,,TODO_SPECIAL_SPEC_BA
vehicle_mesh2_enveff.sps > DiffuseSampler,vehicle_mesh2_enveff.sps,vehicle_mesh2_enveff,0,DiffuseSampler,0,False,Базовый цвет,SEM_BB4DA8CCAA2A4C2A,resolved,active,"{""A"": ""Материальная alpha/coverage; у OPAQUE не превращает поверхность в прозрачную."", ""RGB"": ""Цвет поверхности; после tint/dirt/слоёв vehicle forward core использует его в квадрате.""}",F_DIFFUSE_SQUARE,"C≈(Diffuse.rgb × tint × Colour0.R, после layer/dirt)^2",,DIFFUSE_RGBA_AUTO
vehicle_mesh2_enveff.sps > DamageSampler,vehicle_mesh2_enveff.sps,vehicle_mesh2_enveff,0,DamageSampler,,True,Runtime-маска повреждений,SEM_BC470E9CE43153F1,resolved,active,"{""RGBA"": ""Скрытая сферически проецируемая vehicle damage-карта; packing и координаты принадлежат runtime, не mesh UV.""}",,,,SKIP_ENGINE_RESOURCE
vehicle_mesh2_enveff.sps > SnowSampler0,vehicle_mesh2_enveff.sps,vehicle_mesh2_enveff,0,SnowSampler0,1,False,Слой отражения окружения,SEM_D531B3EFA85E995A,resolved,active,"{""A"": ""Вес смешивания первого environment слоя."", ""RGB"": ""Цвет нижнего/верхнего environment-effect слоя.""}",,,,COLOR_RGBA_BC3
vehicle_mesh2_enveff.sps > SnowSampler1,vehicle_mesh2_enveff.sps,vehicle_mesh2_enveff,0,SnowSampler1,1,False,Слой отражения окружения,SEM_A3FBCB161346582D,resolved,active,"{""A"": ""Независимое использование A в проверенном deferred-пути не найдено."", ""RGB"": ""Цвет нижнего/верхнего environment-effect слоя.""}",,,,COLOR_RGB_BC1
vehicle_mesh2_enveff.sps > DirtSampler,vehicle_mesh2_enveff.sps,vehicle_mesh2_enveff,0,DirtSampler,2,False,Маска грязи автомобиля,SEM_65D26752D3E6373C,resolved,active,"{""A"": ""Стабильная независимая художественная функция в проверенных путях не доказана."", ""B"": ""Второй dirt-level sample для runtime интерполяции."", ""G"": ""Модифицирует остаток clean/dirt blend; карта не является обычной grayscale-маской."", ""R"": ""Один из dirt-level samples; смешивается с B по глобальному wet/dirt состоянию.""}",,,Лучше использовать vanilla vehicle dirt packing.,LINEAR_RGBA_BC3
vehicle_mesh2_enveff.sps > BumpSampler,vehicle_mesh2_enveff.sps,vehicle_mesh2_enveff,0,BumpSampler,0,False,Карта нормалей,SEM_E8ED6DDD0F0F5B92,resolved,active,"{""A"": ""В проверенном normal decode не используется."", ""B"": ""В проверенном normal decode не используется."", ""RG"": ""Tangent-space XY: 2·RG−1; Z восстанавливается шейдером.""}",F_NORMAL_RG,"N.xy=(2·RG−1)·scale; N.z=sqrt(|1−dot(N.xy,N.xy)|)",,NORMAL_XY_AUTO
vehicle_mesh2_enveff.sps > SpecSampler,vehicle_mesh2_enveff.sps,vehicle_mesh2_enveff,0,SpecSampler,0,False,Упакованная карта бликов,SEM_98D25017590B50F1,resolved,active,"{""A"": ""В основном deferred mesh-пути не является обычным falloff-каналом."", ""B"": ""Участвует в vehicle dirt/spec взаимодействии; это не свободный цветной spec."", ""G"": ""Квадратичная gloss/shape-компонента собственного mesh-spec пути."", ""R"": ""Квадратичная intensity-компонента дополнительного vehicle-spec.""}",F_SPEC_MESH,Iчасть∝R²·Colour0.R; gloss/shapeчасть∝G²; B участвует в dirt/spec; A не является стандартным falloff,,TODO_SPECIAL_SPEC_BA
vehicle_mesh_enveff.sps > DiffuseSampler,vehicle_mesh_enveff.sps,vehicle_mesh_enveff,0,DiffuseSampler,0,False,Базовый цвет,SEM_BB4DA8CCAA2A4C2A,resolved,active,"{""A"": ""Материальная alpha/coverage; у OPAQUE не превращает поверхность в прозрачную."", ""RGB"": ""Цвет поверхности; после tint/dirt/слоёв vehicle forward core использует его в квадрате.""}",F_DIFFUSE_SQUARE,"C≈(Diffuse.rgb × tint × Colour0.R, после layer/dirt)^2",,DIFFUSE_RGBA_AUTO
vehicle_mesh_enveff.sps > DamageSampler,vehicle_mesh_enveff.sps,vehicle_mesh_enveff,0,DamageSampler,,True,Runtime-маска повреждений,SEM_BC470E9CE43153F1,resolved,active,"{""RGBA"": ""Скрытая сферически проецируемая vehicle damage-карта; packing и координаты принадлежат runtime, не mesh UV.""}",,,,SKIP_ENGINE_RESOURCE
vehicle_mesh_enveff.sps > SnowSampler0,vehicle_mesh_enveff.sps,vehicle_mesh_enveff,0,SnowSampler0,1,False,Слой отражения окружения,SEM_D531B3EFA85E995A,resolved,active,"{""A"": ""Вес смешивания первого environment слоя."", ""RGB"": ""Цвет нижнего/верхнего environment-effect слоя.""}",,,,COLOR_RGBA_BC3
vehicle_mesh_enveff.sps > SnowSampler1,vehicle_mesh_enveff.sps,vehicle_mesh_enveff,0,SnowSampler1,1,False,Слой отражения окружения,SEM_A3FBCB161346582D,resolved,active,"{""A"": ""Независимое использование A в проверенном deferred-пути не найдено."", ""RGB"": ""Цвет нижнего/верхнего environment-effect слоя.""}",,,,COLOR_RGB_BC1
vehicle_mesh_enveff.sps > DirtSampler,vehicle_mesh_enveff.sps,vehicle_mesh_enveff,0,DirtSampler,1,False,Маска грязи автомобиля,SEM_65D26752D3E6373C,resolved,active,"{""A"": ""Стабильная независимая художественная функция в проверенных путях не доказана."", ""B"": ""Второй dirt-level sample для runtime интерполяции."", ""G"": ""Модифицирует остаток clean/dirt blend; карта не является обычной grayscale-маской."", ""R"": ""Один из dirt-level samples; смешивается с B по глобальному wet/dirt состоянию.""}",,,Лучше использовать vanilla vehicle dirt packing.,LINEAR_RGBA_BC3
vehicle_mesh_enveff.sps > BumpSampler,vehicle_mesh_enveff.sps,vehicle_mesh_enveff,0,BumpSampler,0,False,Карта нормалей,SEM_E8ED6DDD0F0F5B92,resolved,active,"{""A"": ""В проверенном normal decode не используется."", ""B"": ""В проверенном normal decode не используется."", ""RG"": ""Tangent-space XY: 2·RG−1; Z восстанавливается шейдером.""}",F_NORMAL_RG,"N.xy=(2·RG−1)·scale; N.z=sqrt(|1−dot(N.xy,N.xy)|)",,NORMAL_XY_AUTO
vehicle_mesh_enveff.sps > SpecSampler,vehicle_mesh_enveff.sps,vehicle_mesh_enveff,0,SpecSampler,0,False,Упакованная карта бликов,SEM_98D25017590B50F1,resolved,active,"{""A"": ""В основном deferred mesh-пути не является обычным falloff-каналом."", ""B"": ""Участвует в vehicle dirt/spec взаимодействии; это не свободный цветной spec."", ""G"": ""Квадратичная gloss/shape-компонента собственного mesh-spec пути."", ""R"": ""Квадратичная intensity-компонента дополнительного vehicle-spec.""}",F_SPEC_MESH,Iчасть∝R²·Colour0.R; gloss/shapeчасть∝G²; B участвует в dirt/spec; A не является стандартным falloff,,TODO_SPECIAL_SPEC_BA
vehicle_nosplash.sps > DiffuseSampler,vehicle_nosplash.sps,vehicle_paint1,4,DiffuseSampler,0,False,Базовый цвет,SEM_BB4DA8CCAA2A4C2A,resolved,active,"{""A"": ""Материальная alpha/coverage; у OPAQUE не превращает поверхность в прозрачную."", ""RGB"": ""Цвет поверхности; после tint/dirt/слоёв vehicle forward core использует его в квадрате.""}",F_DIFFUSE_SQUARE,"C≈(Diffuse.rgb × tint × Colour0.R, после layer/dirt)^2",,DIFFUSE_RGBA_AUTO
vehicle_nosplash.sps > DamageSampler,vehicle_nosplash.sps,vehicle_paint1,4,DamageSampler,,True,Runtime-маска повреждений,SEM_BC470E9CE43153F1,resolved,active,"{""RGBA"": ""Скрытая сферически проецируемая vehicle damage-карта; packing и координаты принадлежат runtime, не mesh UV.""}",,,,SKIP_ENGINE_RESOURCE
vehicle_nosplash.sps > DirtSampler,vehicle_nosplash.sps,vehicle_paint1,4,DirtSampler,1,False,Маска грязи автомобиля,SEM_65D26752D3E6373C,resolved,active,"{""A"": ""Стабильная независимая художественная функция в проверенных путях не доказана."", ""B"": ""Второй dirt-level sample для runtime интерполяции."", ""G"": ""Модифицирует остаток clean/dirt blend; карта не является обычной grayscale-маской."", ""R"": ""Один из dirt-level samples; смешивается с B по глобальному wet/dirt состоянию.""}",,,Лучше использовать vanilla vehicle dirt packing.,LINEAR_RGBA_BC3
vehicle_nosplash.sps > SpecSampler,vehicle_nosplash.sps,vehicle_paint1,4,SpecSampler,0,False,Упакованная карта бликов,SEM_8BF329E7C64D1191,resolved,active,"{""A"": ""Жёсткость второго paint-блика: в paint1 exponent второго лоба = 15·A."", ""RGB"": ""Второй цветной paint-блик: intensity mask = dot((R²,G²,B), specMapIntMask).""}",F_SPEC_PAINT_DUAL,"ordinary: I≈SpecIntensity·Colour0.R, P=SpecFalloff; paint2: I₂=dot((R²,G²,B),mask)·Colour0.R, n₂≈15·A",,TODO_SPECIAL_SPEC_BA
vehicle_nowater.sps > DiffuseSampler,vehicle_nowater.sps,vehicle_paint1,5,DiffuseSampler,0,False,Базовый цвет,SEM_BB4DA8CCAA2A4C2A,resolved,active,"{""A"": ""Материальная alpha/coverage; у OPAQUE не превращает поверхность в прозрачную."", ""RGB"": ""Цвет поверхности; после tint/dirt/слоёв vehicle forward core использует его в квадрате.""}",F_DIFFUSE_SQUARE,"C≈(Diffuse.rgb × tint × Colour0.R, после layer/dirt)^2",,DIFFUSE_RGBA_AUTO
vehicle_nowater.sps > DamageSampler,vehicle_nowater.sps,vehicle_paint1,5,DamageSampler,,True,Runtime-маска повреждений,SEM_BC470E9CE43153F1,resolved,active,"{""RGBA"": ""Скрытая сферически проецируемая vehicle damage-карта; packing и координаты принадлежат runtime, не mesh UV.""}",,,,SKIP_ENGINE_RESOURCE
vehicle_nowater.sps > DirtSampler,vehicle_nowater.sps,vehicle_paint1,5,DirtSampler,1,False,Маска грязи автомобиля,SEM_65D26752D3E6373C,resolved,active,"{""A"": ""Стабильная независимая художественная функция в проверенных путях не доказана."", ""B"": ""Второй dirt-level sample для runtime интерполяции."", ""G"": ""Модифицирует остаток clean/dirt blend; карта не является обычной grayscale-маской."", ""R"": ""Один из dirt-level samples; смешивается с B по глобальному wet/dirt состоянию.""}",,,Лучше использовать vanilla vehicle dirt packing.,LINEAR_RGBA_BC3
vehicle_nowater.sps > SpecSampler,vehicle_nowater.sps,vehicle_paint1,5,SpecSampler,0,False,Упакованная карта бликов,SEM_8BF329E7C64D1191,resolved,active,"{""A"": ""Жёсткость второго paint-блика: в paint1 exponent второго лоба = 15·A."", ""RGB"": ""Второй цветной paint-блик: intensity mask = dot((R²,G²,B), specMapIntMask).""}",F_SPEC_PAINT_DUAL,"ordinary: I≈SpecIntensity·Colour0.R, P=SpecFalloff; paint2: I₂=dot((R²,G²,B),mask)·Colour0.R, n₂≈15·A",,TODO_SPECIAL_SPEC_BA
vehicle_paint1.sps > DiffuseSampler,vehicle_paint1.sps,vehicle_paint1,0,DiffuseSampler,0,False,Базовый цвет,SEM_BB4DA8CCAA2A4C2A,resolved,active,"{""A"": ""Материальная alpha/coverage; у OPAQUE не превращает поверхность в прозрачную."", ""RGB"": ""Цвет поверхности; после tint/dirt/слоёв vehicle forward core использует его в квадрате.""}",F_DIFFUSE_SQUARE,"C≈(Diffuse.rgb × tint × Colour0.R, после layer/dirt)^2",,DIFFUSE_RGBA_AUTO
vehicle_paint1.sps > DamageSampler,vehicle_paint1.sps,vehicle_paint1,0,DamageSampler,,True,Runtime-маска повреждений,SEM_BC470E9CE43153F1,resolved,active,"{""RGBA"": ""Скрытая сферически проецируемая vehicle damage-карта; packing и координаты принадлежат runtime, не mesh UV.""}",,,,SKIP_ENGINE_RESOURCE
vehicle_paint1.sps > DirtSampler,vehicle_paint1.sps,vehicle_paint1,0,DirtSampler,1,False,Маска грязи автомобиля,SEM_65D26752D3E6373C,resolved,active,"{""A"": ""Стабильная независимая художественная функция в проверенных путях не доказана."", ""B"": ""Второй dirt-level sample для runtime интерполяции."", ""G"": ""Модифицирует остаток clean/dirt blend; карта не является обычной grayscale-маской."", ""R"": ""Один из dirt-level samples; смешивается с B по глобальному wet/dirt состоянию.""}",,,Лучше использовать vanilla vehicle dirt packing.,LINEAR_RGBA_BC3
vehicle_paint1.sps > SpecSampler,vehicle_paint1.sps,vehicle_paint1,0,SpecSampler,0,False,Упакованная карта бликов,SEM_8BF329E7C64D1191,resolved,active,"{""A"": ""Жёсткость второго paint-блика: в paint1 exponent второго лоба = 15·A."", ""RGB"": ""Второй цветной paint-блик: intensity mask = dot((R²,G²,B), specMapIntMask).""}",F_SPEC_PAINT_DUAL,"ordinary: I≈SpecIntensity·Colour0.R, P=SpecFalloff; paint2: I₂=dot((R²,G²,B),mask)·Colour0.R, n₂≈15·A",,TODO_SPECIAL_SPEC_BA
vehicle_paint1_enveff.sps > DiffuseSampler,vehicle_paint1_enveff.sps,vehicle_paint1_enveff,0,DiffuseSampler,0,False,Базовый цвет,SEM_BB4DA8CCAA2A4C2A,resolved,active,"{""A"": ""Материальная alpha/coverage; у OPAQUE не превращает поверхность в прозрачную."", ""RGB"": ""Цвет поверхности; после tint/dirt/слоёв vehicle forward core использует его в квадрате.""}",F_DIFFUSE_SQUARE,"C≈(Diffuse.rgb × tint × Colour0.R, после layer/dirt)^2",,DIFFUSE_RGBA_AUTO
vehicle_paint1_enveff.sps > DamageSampler,vehicle_paint1_enveff.sps,vehicle_paint1_enveff,0,DamageSampler,,True,Runtime-маска повреждений,SEM_BC470E9CE43153F1,resolved,active,"{""RGBA"": ""Скрытая сферически проецируемая vehicle damage-карта; packing и координаты принадлежат runtime, не mesh UV.""}",,,,SKIP_ENGINE_RESOURCE
vehicle_paint1_enveff.sps > SnowSampler0,vehicle_paint1_enveff.sps,vehicle_paint1_enveff,0,SnowSampler0,0,False,Слой отражения окружения,SEM_D531B3EFA85E995A,resolved,active,"{""A"": ""Вес смешивания первого environment слоя."", ""RGB"": ""Цвет нижнего/верхнего environment-effect слоя.""}",,,,COLOR_RGBA_BC3
vehicle_paint1_enveff.sps > SnowSampler1,vehicle_paint1_enveff.sps,vehicle_paint1_enveff,0,SnowSampler1,0,False,Слой отражения окружения,SEM_A3FBCB161346582D,resolved,active,"{""A"": ""Независимое использование A в проверенном deferred-пути не найдено."", ""RGB"": ""Цвет нижнего/верхнего environment-effect слоя.""}",,,,COLOR_RGB_BC1
vehicle_paint1_enveff.sps > DirtSampler,vehicle_paint1_enveff.sps,vehicle_paint1_enveff,0,DirtSampler,1,False,Маска грязи автомобиля,SEM_65D26752D3E6373C,resolved,active,"{""A"": ""Стабильная независимая художественная функция в проверенных путях не доказана."", ""B"": ""Второй dirt-level sample для runtime интерполяции."", ""G"": ""Модифицирует остаток clean/dirt blend; карта не является обычной grayscale-маской."", ""R"": ""Один из dirt-level samples; смешивается с B по глобальному wet/dirt состоянию.""}",,,Лучше использовать vanilla vehicle dirt packing.,LINEAR_RGBA_BC3
vehicle_paint1_enveff.sps > SpecSampler,vehicle_paint1_enveff.sps,vehicle_paint1_enveff,0,SpecSampler,0,False,Упакованная карта бликов,SEM_8BF329E7C64D1191,resolved,active,"{""A"": ""Жёсткость второго paint-блика: в paint1 exponent второго лоба = 15·A."", ""RGB"": ""Второй цветной paint-блик: intensity mask = dot((R²,G²,B), specMapIntMask).""}",F_SPEC_PAINT_DUAL,"ordinary: I≈SpecIntensity·Colour0.R, P=SpecFalloff; paint2: I₂=dot((R²,G²,B),mask)·Colour0.R, n₂≈15·A",,TODO_SPECIAL_SPEC_BA
vehicle_paint2.sps > DiffuseSampler,vehicle_paint2.sps,vehicle_paint2,0,DiffuseSampler,0,False,Базовый цвет,SEM_BB4DA8CCAA2A4C2A,resolved,active,"{""A"": ""Материальная alpha/coverage; у OPAQUE не превращает поверхность в прозрачную."", ""RGB"": ""Цвет поверхности; после tint/dirt/слоёв vehicle forward core использует его в квадрате.""}",F_DIFFUSE_SQUARE,"C≈(Diffuse.rgb × tint × Colour0.R, после layer/dirt)^2",,DIFFUSE_RGBA_AUTO
vehicle_paint2.sps > DamageSampler,vehicle_paint2.sps,vehicle_paint2,0,DamageSampler,,True,Runtime-маска повреждений,SEM_BC470E9CE43153F1,resolved,active,"{""RGBA"": ""Скрытая сферически проецируемая vehicle damage-карта; packing и координаты принадлежат runtime, не mesh UV.""}",,,,SKIP_ENGINE_RESOURCE
vehicle_paint2.sps > DirtSampler,vehicle_paint2.sps,vehicle_paint2,0,DirtSampler,0,False,Маска грязи автомобиля,SEM_65D26752D3E6373C,resolved,active,"{""A"": ""Стабильная независимая художественная функция в проверенных путях не доказана."", ""B"": ""Второй dirt-level sample для runtime интерполяции."", ""G"": ""Модифицирует остаток clean/dirt blend; карта не является обычной grayscale-маской."", ""R"": ""Один из dirt-level samples; смешивается с B по глобальному wet/dirt состоянию.""}",,,Лучше использовать vanilla vehicle dirt packing.,LINEAR_RGBA_BC3
vehicle_paint2.sps > SpecSampler,vehicle_paint2.sps,vehicle_paint2,0,SpecSampler,0,False,Упакованная карта бликов,SEM_8BF329E7C64D1191,resolved,active,"{""A"": ""Жёсткость второго paint-блика: в paint1 exponent второго лоба = 15·A."", ""RGB"": ""Второй цветной paint-блик: intensity mask = dot((R²,G²,B), specMapIntMask).""}",F_SPEC_PAINT_DUAL,"ordinary: I≈SpecIntensity·Colour0.R, P=SpecFalloff; paint2: I₂=dot((R²,G²,B),mask)·Colour0.R, n₂≈15·A",,TODO_SPECIAL_SPEC_BA
vehicle_paint2_enveff.sps > DiffuseSampler,vehicle_paint2_enveff.sps,vehicle_paint2_enveff,0,DiffuseSampler,0,False,Базовый цвет,SEM_BB4DA8CCAA2A4C2A,resolved,active,"{""A"": ""Материальная alpha/coverage; у OPAQUE не превращает поверхность в прозрачную."", ""RGB"": ""Цвет поверхности; после tint/dirt/слоёв vehicle forward core использует его в квадрате.""}",F_DIFFUSE_SQUARE,"C≈(Diffuse.rgb × tint × Colour0.R, после layer/dirt)^2",,DIFFUSE_RGBA_AUTO
vehicle_paint2_enveff.sps > DamageSampler,vehicle_paint2_enveff.sps,vehicle_paint2_enveff,0,DamageSampler,,True,Runtime-маска повреждений,SEM_BC470E9CE43153F1,resolved,active,"{""RGBA"": ""Скрытая сферически проецируемая vehicle damage-карта; packing и координаты принадлежат runtime, не mesh UV.""}",,,,SKIP_ENGINE_RESOURCE
vehicle_paint2_enveff.sps > SnowSampler0,vehicle_paint2_enveff.sps,vehicle_paint2_enveff,0,SnowSampler0,0,False,Слой отражения окружения,SEM_D531B3EFA85E995A,resolved,active,"{""A"": ""Вес смешивания первого environment слоя."", ""RGB"": ""Цвет нижнего/верхнего environment-effect слоя.""}",,,,COLOR_RGBA_BC3
vehicle_paint2_enveff.sps > SnowSampler1,vehicle_paint2_enveff.sps,vehicle_paint2_enveff,0,SnowSampler1,0,False,Слой отражения окружения,SEM_A3FBCB161346582D,resolved,active,"{""A"": ""Независимое использование A в проверенном deferred-пути не найдено."", ""RGB"": ""Цвет нижнего/верхнего environment-effect слоя.""}",,,,COLOR_RGB_BC1
vehicle_paint2_enveff.sps > DirtSampler,vehicle_paint2_enveff.sps,vehicle_paint2_enveff,0,DirtSampler,0,False,Маска грязи автомобиля,SEM_65D26752D3E6373C,resolved,active,"{""A"": ""Стабильная независимая художественная функция в проверенных путях не доказана."", ""B"": ""Второй dirt-level sample для runtime интерполяции."", ""G"": ""Модифицирует остаток clean/dirt blend; карта не является обычной grayscale-маской."", ""R"": ""Один из dirt-level samples; смешивается с B по глобальному wet/dirt состоянию.""}",,,Лучше использовать vanilla vehicle dirt packing.,LINEAR_RGBA_BC3
vehicle_paint2_enveff.sps > SpecSampler,vehicle_paint2_enveff.sps,vehicle_paint2_enveff,0,SpecSampler,0,False,Упакованная карта бликов,SEM_8BF329E7C64D1191,resolved,active,"{""A"": ""Жёсткость второго paint-блика: в paint1 exponent второго лоба = 15·A."", ""RGB"": ""Второй цветной paint-блик: intensity mask = dot((R²,G²,B), specMapIntMask).""}",F_SPEC_PAINT_DUAL,"ordinary: I≈SpecIntensity·Colour0.R, P=SpecFalloff; paint2: I₂=dot((R²,G²,B),mask)·Colour0.R, n₂≈15·A",,TODO_SPECIAL_SPEC_BA
vehicle_paint3.sps > DiffuseSampler,vehicle_paint3.sps,vehicle_paint3,0,DiffuseSampler,0,False,Базовый цвет,SEM_BB4DA8CCAA2A4C2A,resolved,active,"{""A"": ""Материальная alpha/coverage; у OPAQUE не превращает поверхность в прозрачную."", ""RGB"": ""Цвет поверхности; после tint/dirt/слоёв vehicle forward core использует его в квадрате.""}",F_DIFFUSE_SQUARE,"C≈(Diffuse.rgb × tint × Colour0.R, после layer/dirt)^2",,DIFFUSE_RGBA_AUTO
vehicle_paint3.sps > DamageSampler,vehicle_paint3.sps,vehicle_paint3,0,DamageSampler,,True,Runtime-маска повреждений,SEM_BC470E9CE43153F1,resolved,active,"{""RGBA"": ""Скрытая сферически проецируемая vehicle damage-карта; packing и координаты принадлежат runtime, не mesh UV.""}",,,,SKIP_ENGINE_RESOURCE
vehicle_paint3.sps > DiffuseSampler2,vehicle_paint3.sps,vehicle_paint3,0,DiffuseSampler2,1,False,Второй цветовой слой,SEM_81469946AA772F3A,resolved,active,"{""A"": ""Маска: 0 оставляет основной diffuse, 1 выбирает второй слой с tint2."", ""RGB"": ""RGB второго diffuse/livery-слоя.""}",F_DIFFUSE_LAYER2,"w=Layer.A·matDiffuseColor2.w; C=lerp(Cbase, Layer.rgb·matDiffuseColor2.rgb, w)",,DIFFUSE_RGBA_AUTO
vehicle_paint3.sps > DirtSampler,vehicle_paint3.sps,vehicle_paint3,0,DirtSampler,0,False,Маска грязи автомобиля,SEM_65D26752D3E6373C,resolved,active,"{""A"": ""Стабильная независимая художественная функция в проверенных путях не доказана."", ""B"": ""Второй dirt-level sample для runtime интерполяции."", ""G"": ""Модифицирует остаток clean/dirt blend; карта не является обычной grayscale-маской."", ""R"": ""Один из dirt-level samples; смешивается с B по глобальному wet/dirt состоянию.""}",,,Лучше использовать vanilla vehicle dirt packing.,LINEAR_RGBA_BC3
vehicle_paint3.sps > SpecSampler,vehicle_paint3.sps,vehicle_paint3,0,SpecSampler,1,False,Упакованная карта бликов,SEM_8BF329E7C64D1191,resolved,active,"{""A"": ""Жёсткость второго paint-блика: в paint1 exponent второго лоба = 15·A."", ""RGB"": ""Второй цветной paint-блик: intensity mask = dot((R²,G²,B), specMapIntMask).""}",F_SPEC_PAINT_DUAL,"ordinary: I≈SpecIntensity·Colour0.R, P=SpecFalloff; paint2: I₂=dot((R²,G²,B),mask)·Colour0.R, n₂≈15·A",,TODO_SPECIAL_SPEC_BA
vehicle_paint3_enveff.sps > DiffuseSampler,vehicle_paint3_enveff.sps,vehicle_paint3_enveff,0,DiffuseSampler,0,False,Базовый цвет,SEM_BB4DA8CCAA2A4C2A,resolved,active,"{""A"": ""Материальная alpha/coverage; у OPAQUE не превращает поверхность в прозрачную."", ""RGB"": ""Цвет поверхности; после tint/dirt/слоёв vehicle forward core использует его в квадрате.""}",F_DIFFUSE_SQUARE,"C≈(Diffuse.rgb × tint × Colour0.R, после layer/dirt)^2",,DIFFUSE_RGBA_AUTO
vehicle_paint3_enveff.sps > DamageSampler,vehicle_paint3_enveff.sps,vehicle_paint3_enveff,0,DamageSampler,,True,Runtime-маска повреждений,SEM_BC470E9CE43153F1,resolved,active,"{""RGBA"": ""Скрытая сферически проецируемая vehicle damage-карта; packing и координаты принадлежат runtime, не mesh UV.""}",,,,SKIP_ENGINE_RESOURCE
vehicle_paint3_enveff.sps > SnowSampler0,vehicle_paint3_enveff.sps,vehicle_paint3_enveff,0,SnowSampler0,0,False,Слой отражения окружения,SEM_D531B3EFA85E995A,resolved,active,"{""A"": ""Вес смешивания первого environment слоя."", ""RGB"": ""Цвет нижнего/верхнего environment-effect слоя.""}",,,,COLOR_RGBA_BC3
vehicle_paint3_enveff.sps > SnowSampler1,vehicle_paint3_enveff.sps,vehicle_paint3_enveff,0,SnowSampler1,0,False,Слой отражения окружения,SEM_A3FBCB161346582D,resolved,active,"{""A"": ""Независимое использование A в проверенном deferred-пути не найдено."", ""RGB"": ""Цвет нижнего/верхнего environment-effect слоя.""}",,,,COLOR_RGB_BC1
vehicle_paint3_enveff.sps > DiffuseSampler2,vehicle_paint3_enveff.sps,vehicle_paint3_enveff,0,DiffuseSampler2,1,False,Второй цветовой слой,SEM_81469946AA772F3A,resolved,active,"{""A"": ""Маска: 0 оставляет основной diffuse, 1 выбирает второй слой с tint2."", ""RGB"": ""RGB второго diffuse/livery-слоя.""}",F_DIFFUSE_LAYER2,"w=Layer.A·matDiffuseColor2.w; C=lerp(Cbase, Layer.rgb·matDiffuseColor2.rgb, w)",,DIFFUSE_RGBA_AUTO
vehicle_paint3_enveff.sps > DirtSampler,vehicle_paint3_enveff.sps,vehicle_paint3_enveff,0,DirtSampler,0,False,Маска грязи автомобиля,SEM_65D26752D3E6373C,resolved,active,"{""A"": ""Стабильная независимая художественная функция в проверенных путях не доказана."", ""B"": ""Второй dirt-level sample для runtime интерполяции."", ""G"": ""Модифицирует остаток clean/dirt blend; карта не является обычной grayscale-маской."", ""R"": ""Один из dirt-level samples; смешивается с B по глобальному wet/dirt состоянию.""}",,,Лучше использовать vanilla vehicle dirt packing.,LINEAR_RGBA_BC3
vehicle_paint3_enveff.sps > SpecSampler,vehicle_paint3_enveff.sps,vehicle_paint3_enveff,0,SpecSampler,1,False,Упакованная карта бликов,SEM_8BF329E7C64D1191,resolved,active,"{""A"": ""Жёсткость второго paint-блика: в paint1 exponent второго лоба = 15·A."", ""RGB"": ""Второй цветной paint-блик: intensity mask = dot((R²,G²,B), specMapIntMask).""}",F_SPEC_PAINT_DUAL,"ordinary: I≈SpecIntensity·Colour0.R, P=SpecFalloff; paint2: I₂=dot((R²,G²,B),mask)·Colour0.R, n₂≈15·A",,TODO_SPECIAL_SPEC_BA
vehicle_paint3_lvr.sps > DiffuseSampler,vehicle_paint3_lvr.sps,vehicle_paint3_lvr,0,DiffuseSampler,0,False,Базовый цвет,SEM_BB4DA8CCAA2A4C2A,resolved,active,"{""A"": ""Материальная alpha/coverage; у OPAQUE не превращает поверхность в прозрачную."", ""RGB"": ""Цвет поверхности; после tint/dirt/слоёв vehicle forward core использует его в квадрате.""}",F_DIFFUSE_SQUARE,"C≈(Diffuse.rgb × tint × Colour0.R, после layer/dirt)^2",,DIFFUSE_RGBA_AUTO
vehicle_paint3_lvr.sps > DamageSampler,vehicle_paint3_lvr.sps,vehicle_paint3_lvr,0,DamageSampler,,True,Runtime-маска повреждений,SEM_BC470E9CE43153F1,resolved,active,"{""RGBA"": ""Скрытая сферически проецируемая vehicle damage-карта; packing и координаты принадлежат runtime, не mesh UV.""}",,,,SKIP_ENGINE_RESOURCE
vehicle_paint3_lvr.sps > DiffuseSampler3,vehicle_paint3_lvr.sps,vehicle_paint3_lvr,0,DiffuseSampler3,1,False,Второй цветовой слой,SEM_81469946AA772F3A,resolved,active,"{""A"": ""Маска: 0 оставляет основной diffuse, 1 выбирает второй слой с tint2."", ""RGB"": ""RGB второго diffuse/livery-слоя.""}",F_DIFFUSE_LAYER2,"w=Layer.A·matDiffuseColor2.w; C=lerp(Cbase, Layer.rgb·matDiffuseColor2.rgb, w)",,DIFFUSE_RGBA_AUTO
vehicle_paint3_lvr.sps > DirtSampler,vehicle_paint3_lvr.sps,vehicle_paint3_lvr,0,DirtSampler,0,False,Маска грязи автомобиля,SEM_65D26752D3E6373C,resolved,active,"{""A"": ""Стабильная независимая художественная функция в проверенных путях не доказана."", ""B"": ""Второй dirt-level sample для runtime интерполяции."", ""G"": ""Модифицирует остаток clean/dirt blend; карта не является обычной grayscale-маской."", ""R"": ""Один из dirt-level samples; смешивается с B по глобальному wet/dirt состоянию.""}",,,Лучше использовать vanilla vehicle dirt packing.,LINEAR_RGBA_BC3
vehicle_paint3_lvr.sps > SpecSampler,vehicle_paint3_lvr.sps,vehicle_paint3_lvr,0,SpecSampler,1,False,Упакованная карта бликов,SEM_8BF329E7C64D1191,resolved,active,"{""A"": ""Жёсткость второго paint-блика: в paint1 exponent второго лоба = 15·A."", ""RGB"": ""Второй цветной paint-блик: intensity mask = dot((R²,G²,B), specMapIntMask).""}",F_SPEC_PAINT_DUAL,"ordinary: I≈SpecIntensity·Colour0.R, P=SpecFalloff; paint2: I₂=dot((R²,G²,B),mask)·Colour0.R, n₂≈15·A",,TODO_SPECIAL_SPEC_BA
vehicle_paint4.sps > DiffuseSampler,vehicle_paint4.sps,vehicle_paint4,0,DiffuseSampler,0,False,Базовый цвет,SEM_BB4DA8CCAA2A4C2A,resolved,active,"{""A"": ""Материальная alpha/coverage; у OPAQUE не превращает поверхность в прозрачную."", ""RGB"": ""Цвет поверхности; после tint/dirt/слоёв vehicle forward core использует его в квадрате.""}",F_DIFFUSE_SQUARE,"C≈(Diffuse.rgb × tint × Colour0.R, после layer/dirt)^2",,DIFFUSE_RGBA_AUTO
vehicle_paint4.sps > DamageSampler,vehicle_paint4.sps,vehicle_paint4,0,DamageSampler,,True,Runtime-маска повреждений,SEM_BC470E9CE43153F1,resolved,active,"{""RGBA"": ""Скрытая сферически проецируемая vehicle damage-карта; packing и координаты принадлежат runtime, не mesh UV.""}",,,,SKIP_ENGINE_RESOURCE
vehicle_paint4.sps > DiffuseSampler2,vehicle_paint4.sps,vehicle_paint4,0,DiffuseSampler2,1,False,Второй цветовой слой,SEM_81469946AA772F3A,resolved,active,"{""A"": ""Маска: 0 оставляет основной diffuse, 1 выбирает второй слой с tint2."", ""RGB"": ""RGB второго diffuse/livery-слоя.""}",F_DIFFUSE_LAYER2,"w=Layer.A·matDiffuseColor2.w; C=lerp(Cbase, Layer.rgb·matDiffuseColor2.rgb, w)",,DIFFUSE_RGBA_AUTO
vehicle_paint4.sps > DirtSampler,vehicle_paint4.sps,vehicle_paint4,0,DirtSampler,0,False,Маска грязи автомобиля,SEM_65D26752D3E6373C,resolved,active,"{""A"": ""Стабильная независимая художественная функция в проверенных путях не доказана."", ""B"": ""Второй dirt-level sample для runtime интерполяции."", ""G"": ""Модифицирует остаток clean/dirt blend; карта не является обычной grayscale-маской."", ""R"": ""Один из dirt-level samples; смешивается с B по глобальному wet/dirt состоянию.""}",,,Лучше использовать vanilla vehicle dirt packing.,LINEAR_RGBA_BC3
vehicle_paint4.sps > SpecSampler,vehicle_paint4.sps,vehicle_paint4,0,SpecSampler,0,False,Упакованная карта бликов,SEM_8BF329E7C64D1191,resolved,active,"{""A"": ""Жёсткость второго paint-блика: в paint1 exponent второго лоба = 15·A."", ""RGB"": ""Второй цветной paint-блик: intensity mask = dot((R²,G²,B), specMapIntMask).""}",F_SPEC_PAINT_DUAL,"ordinary: I≈SpecIntensity·Colour0.R, P=SpecFalloff; paint2: I₂=dot((R²,G²,B),mask)·Colour0.R, n₂≈15·A",,TODO_SPECIAL_SPEC_BA
vehicle_paint4_emissive.sps > DiffuseSampler,vehicle_paint4_emissive.sps,vehicle_paint4_emissive,0,DiffuseSampler,0,False,Базовый цвет,SEM_BB4DA8CCAA2A4C2A,resolved,active,"{""A"": ""Материальная alpha/coverage; у OPAQUE не превращает поверхность в прозрачную."", ""RGB"": ""Цвет поверхности; после tint/dirt/слоёв vehicle forward core использует его в квадрате.""}",F_DIFFUSE_SQUARE,"C≈(Diffuse.rgb × tint × Colour0.R, после layer/dirt)^2",,DIFFUSE_RGBA_AUTO
vehicle_paint4_emissive.sps > DamageSampler,vehicle_paint4_emissive.sps,vehicle_paint4_emissive,0,DamageSampler,,True,Runtime-маска повреждений,SEM_BC470E9CE43153F1,resolved,active,"{""RGBA"": ""Скрытая сферически проецируемая vehicle damage-карта; packing и координаты принадлежат runtime, не mesh UV.""}",,,,SKIP_ENGINE_RESOURCE
vehicle_paint4_emissive.sps > DiffuseSampler2,vehicle_paint4_emissive.sps,vehicle_paint4_emissive,0,DiffuseSampler2,1,False,Второй цветовой слой,SEM_81469946AA772F3A,resolved,active,"{""A"": ""Маска: 0 оставляет основной diffuse, 1 выбирает второй слой с tint2."", ""RGB"": ""RGB второго diffuse/livery-слоя.""}",F_DIFFUSE_LAYER2,"w=Layer.A·matDiffuseColor2.w; C=lerp(Cbase, Layer.rgb·matDiffuseColor2.rgb, w)",,DIFFUSE_RGBA_AUTO
vehicle_paint4_emissive.sps > DirtSampler,vehicle_paint4_emissive.sps,vehicle_paint4_emissive,0,DirtSampler,0,False,Маска грязи автомобиля,SEM_65D26752D3E6373C,resolved,active,"{""A"": ""Стабильная независимая художественная функция в проверенных путях не доказана."", ""B"": ""Второй dirt-level sample для runtime интерполяции."", ""G"": ""Модифицирует остаток clean/dirt blend; карта не является обычной grayscale-маской."", ""R"": ""Один из dirt-level samples; смешивается с B по глобальному wet/dirt состоянию.""}",,,Лучше использовать vanilla vehicle dirt packing.,LINEAR_RGBA_BC3
vehicle_paint4_emissive.sps > SpecSampler,vehicle_paint4_emissive.sps,vehicle_paint4_emissive,0,SpecSampler,0,False,Упакованная карта бликов,SEM_8BF329E7C64D1191,resolved,active,"{""A"": ""Жёсткость второго paint-блика: в paint1 exponent второго лоба = 15·A."", ""RGB"": ""Второй цветной paint-блик: intensity mask = dot((R²,G²,B), specMapIntMask).""}",F_SPEC_PAINT_DUAL,"ordinary: I≈SpecIntensity·Colour0.R, P=SpecFalloff; paint2: I₂=dot((R²,G²,B),mask)·Colour0.R, n₂≈15·A",,TODO_SPECIAL_SPEC_BA
vehicle_paint4_enveff.sps > DiffuseSampler,vehicle_paint4_enveff.sps,vehicle_paint4_enveff,0,DiffuseSampler,0,False,Базовый цвет,SEM_BB4DA8CCAA2A4C2A,resolved,active,"{""A"": ""Материальная alpha/coverage; у OPAQUE не превращает поверхность в прозрачную."", ""RGB"": ""Цвет поверхности; после tint/dirt/слоёв vehicle forward core использует его в квадрате.""}",F_DIFFUSE_SQUARE,"C≈(Diffuse.rgb × tint × Colour0.R, после layer/dirt)^2",,DIFFUSE_RGBA_AUTO
vehicle_paint4_enveff.sps > DamageSampler,vehicle_paint4_enveff.sps,vehicle_paint4_enveff,0,DamageSampler,,True,Runtime-маска повреждений,SEM_BC470E9CE43153F1,resolved,active,"{""RGBA"": ""Скрытая сферически проецируемая vehicle damage-карта; packing и координаты принадлежат runtime, не mesh UV.""}",,,,SKIP_ENGINE_RESOURCE
vehicle_paint4_enveff.sps > SnowSampler0,vehicle_paint4_enveff.sps,vehicle_paint4_enveff,0,SnowSampler0,0,False,Слой отражения окружения,SEM_D531B3EFA85E995A,resolved,active,"{""A"": ""Вес смешивания первого environment слоя."", ""RGB"": ""Цвет нижнего/верхнего environment-effect слоя.""}",,,,COLOR_RGBA_BC3
vehicle_paint4_enveff.sps > SnowSampler1,vehicle_paint4_enveff.sps,vehicle_paint4_enveff,0,SnowSampler1,0,False,Слой отражения окружения,SEM_A3FBCB161346582D,resolved,active,"{""A"": ""Независимое использование A в проверенном deferred-пути не найдено."", ""RGB"": ""Цвет нижнего/верхнего environment-effect слоя.""}",,,,COLOR_RGB_BC1
vehicle_paint4_enveff.sps > DiffuseSampler2,vehicle_paint4_enveff.sps,vehicle_paint4_enveff,0,DiffuseSampler2,1,False,Второй цветовой слой,SEM_81469946AA772F3A,resolved,active,"{""A"": ""Маска: 0 оставляет основной diffuse, 1 выбирает второй слой с tint2."", ""RGB"": ""RGB второго diffuse/livery-слоя.""}",F_DIFFUSE_LAYER2,"w=Layer.A·matDiffuseColor2.w; C=lerp(Cbase, Layer.rgb·matDiffuseColor2.rgb, w)",,DIFFUSE_RGBA_AUTO
vehicle_paint4_enveff.sps > DirtSampler,vehicle_paint4_enveff.sps,vehicle_paint4_enveff,0,DirtSampler,0,False,Маска грязи автомобиля,SEM_65D26752D3E6373C,resolved,active,"{""A"": ""Стабильная независимая художественная функция в проверенных путях не доказана."", ""B"": ""Второй dirt-level sample для runtime интерполяции."", ""G"": ""Модифицирует остаток clean/dirt blend; карта не является обычной grayscale-маской."", ""R"": ""Один из dirt-level samples; смешивается с B по глобальному wet/dirt состоянию.""}",,,Лучше использовать vanilla vehicle dirt packing.,LINEAR_RGBA_BC3
vehicle_paint4_enveff.sps > SpecSampler,vehicle_paint4_enveff.sps,vehicle_paint4_enveff,0,SpecSampler,0,False,Упакованная карта бликов,SEM_8BF329E7C64D1191,resolved,active,"{""A"": ""Жёсткость второго paint-блика: в paint1 exponent второго лоба = 15·A."", ""RGB"": ""Второй цветной paint-блик: intensity mask = dot((R²,G²,B), specMapIntMask).""}",F_SPEC_PAINT_DUAL,"ordinary: I≈SpecIntensity·Colour0.R, P=SpecFalloff; paint2: I₂=dot((R²,G²,B),mask)·Colour0.R, n₂≈15·A",,TODO_SPECIAL_SPEC_BA
vehicle_paint5_enveff.sps > DiffuseSampler,vehicle_paint5_enveff.sps,vehicle_paint5_enveff,0,DiffuseSampler,0,False,Базовый цвет,SEM_BB4DA8CCAA2A4C2A,resolved,active,"{""A"": ""Материальная alpha/coverage; у OPAQUE не превращает поверхность в прозрачную."", ""RGB"": ""Цвет поверхности; после tint/dirt/слоёв vehicle forward core использует его в квадрате.""}",F_DIFFUSE_SQUARE,"C≈(Diffuse.rgb × tint × Colour0.R, после layer/dirt)^2",,DIFFUSE_RGBA_AUTO
vehicle_paint5_enveff.sps > DamageSampler,vehicle_paint5_enveff.sps,vehicle_paint5_enveff,0,DamageSampler,,True,Runtime-маска повреждений,SEM_BC470E9CE43153F1,resolved,active,"{""RGBA"": ""Скрытая сферически проецируемая vehicle damage-карта; packing и координаты принадлежат runtime, не mesh UV.""}",,,,SKIP_ENGINE_RESOURCE
vehicle_paint5_enveff.sps > SnowSampler0,vehicle_paint5_enveff.sps,vehicle_paint5_enveff,0,SnowSampler0,0,False,Слой отражения окружения,SEM_D531B3EFA85E995A,resolved,active,"{""A"": ""Вес смешивания первого environment слоя."", ""RGB"": ""Цвет нижнего/верхнего environment-effect слоя.""}",,,,COLOR_RGBA_BC3
vehicle_paint5_enveff.sps > SnowSampler1,vehicle_paint5_enveff.sps,vehicle_paint5_enveff,0,SnowSampler1,0,False,Слой отражения окружения,SEM_A3FBCB161346582D,resolved,active,"{""A"": ""Независимое использование A в проверенном deferred-пути не найдено."", ""RGB"": ""Цвет нижнего/верхнего environment-effect слоя.""}",,,,COLOR_RGB_BC1
vehicle_paint5_enveff.sps > DiffuseSampler2,vehicle_paint5_enveff.sps,vehicle_paint5_enveff,0,DiffuseSampler2,1,False,Второй цветовой слой,SEM_81469946AA772F3A,resolved,active,"{""A"": ""Маска: 0 оставляет основной diffuse, 1 выбирает второй слой с tint2."", ""RGB"": ""RGB второго diffuse/livery-слоя.""}",F_DIFFUSE_LAYER2,"w=Layer.A·matDiffuseColor2.w; C=lerp(Cbase, Layer.rgb·matDiffuseColor2.rgb, w)",,DIFFUSE_RGBA_AUTO
vehicle_paint5_enveff.sps > DirtSampler,vehicle_paint5_enveff.sps,vehicle_paint5_enveff,0,DirtSampler,0,False,Маска грязи автомобиля,SEM_65D26752D3E6373C,resolved,active,"{""A"": ""Стабильная независимая художественная функция в проверенных путях не доказана."", ""B"": ""Второй dirt-level sample для runtime интерполяции."", ""G"": ""Модифицирует остаток clean/dirt blend; карта не является обычной grayscale-маской."", ""R"": ""Один из dirt-level samples; смешивается с B по глобальному wet/dirt состоянию.""}",,,Лучше использовать vanilla vehicle dirt packing.,LINEAR_RGBA_BC3
vehicle_paint5_enveff.sps > SpecSampler,vehicle_paint5_enveff.sps,vehicle_paint5_enveff,0,SpecSampler,0,False,Упакованная карта бликов,SEM_8BF329E7C64D1191,resolved,active,"{""A"": ""Жёсткость второго paint-блика: в paint1 exponent второго лоба = 15·A."", ""RGB"": ""Второй цветной paint-блик: intensity mask = dot((R²,G²,B), specMapIntMask).""}",F_SPEC_PAINT_DUAL,"ordinary: I≈SpecIntensity·Colour0.R, P=SpecFalloff; paint2: I₂=dot((R²,G²,B),mask)·Colour0.R, n₂≈15·A",,TODO_SPECIAL_SPEC_BA
vehicle_paint6.sps > DiffuseSampler,vehicle_paint6.sps,vehicle_paint6,0,DiffuseSampler,0,False,Базовый цвет,SEM_BB4DA8CCAA2A4C2A,resolved,active,"{""A"": ""Материальная alpha/coverage; у OPAQUE не превращает поверхность в прозрачную."", ""RGB"": ""Цвет поверхности; после tint/dirt/слоёв vehicle forward core использует его в квадрате.""}",F_DIFFUSE_SQUARE,"C≈(Diffuse.rgb × tint × Colour0.R, после layer/dirt)^2",,DIFFUSE_RGBA_AUTO
vehicle_paint6.sps > DamageSampler,vehicle_paint6.sps,vehicle_paint6,0,DamageSampler,,True,Runtime-маска повреждений,SEM_BC470E9CE43153F1,resolved,active,"{""RGBA"": ""Скрытая сферически проецируемая vehicle damage-карта; packing и координаты принадлежат runtime, не mesh UV.""}",,,,SKIP_ENGINE_RESOURCE
vehicle_paint6.sps > DiffuseSampler2,vehicle_paint6.sps,vehicle_paint6,0,DiffuseSampler2,1,False,Второй цветовой слой,SEM_81469946AA772F3A,resolved,active,"{""A"": ""Маска: 0 оставляет основной diffuse, 1 выбирает второй слой с tint2."", ""RGB"": ""RGB второго diffuse/livery-слоя.""}",F_DIFFUSE_LAYER2,"w=Layer.A·matDiffuseColor2.w; C=lerp(Cbase, Layer.rgb·matDiffuseColor2.rgb, w)",,DIFFUSE_RGBA_AUTO
vehicle_paint6.sps > DirtSampler,vehicle_paint6.sps,vehicle_paint6,0,DirtSampler,0,False,Маска грязи автомобиля,SEM_65D26752D3E6373C,resolved,active,"{""A"": ""Стабильная независимая художественная функция в проверенных путях не доказана."", ""B"": ""Второй dirt-level sample для runtime интерполяции."", ""G"": ""Модифицирует остаток clean/dirt blend; карта не является обычной grayscale-маской."", ""R"": ""Один из dirt-level samples; смешивается с B по глобальному wet/dirt состоянию.""}",,,Лучше использовать vanilla vehicle dirt packing.,LINEAR_RGBA_BC3
vehicle_paint6.sps > BumpSampler2,vehicle_paint6.sps,vehicle_paint6,0,BumpSampler2,1,False,Карта нормалей,SEM_E8ED6DDD0F0F5B92,resolved,active,"{""A"": ""В проверенном normal decode не используется."", ""B"": ""В проверенном normal decode не используется."", ""RG"": ""Tangent-space XY: 2·RG−1; Z восстанавливается шейдером.""}",F_NORMAL_RG,"N.xy=(2·RG−1)·scale; N.z=sqrt(|1−dot(N.xy,N.xy)|)",,NORMAL_XY_AUTO
vehicle_paint6.sps > SpecSampler,vehicle_paint6.sps,vehicle_paint6,0,SpecSampler,0,False,Упакованная карта бликов,SEM_8BF329E7C64D1191,resolved,active,"{""A"": ""Жёсткость второго paint-блика: в paint1 exponent второго лоба = 15·A."", ""RGB"": ""Второй цветной paint-блик: intensity mask = dot((R²,G²,B), specMapIntMask).""}",F_SPEC_PAINT_DUAL,"ordinary: I≈SpecIntensity·Colour0.R, P=SpecFalloff; paint2: I₂=dot((R²,G²,B),mask)·Colour0.R, n₂≈15·A",,TODO_SPECIAL_SPEC_BA
vehicle_paint6_enveff.sps > DiffuseSampler,vehicle_paint6_enveff.sps,vehicle_paint6_enveff,0,DiffuseSampler,0,False,Базовый цвет,SEM_BB4DA8CCAA2A4C2A,resolved,active,"{""A"": ""Материальная alpha/coverage; у OPAQUE не превращает поверхность в прозрачную."", ""RGB"": ""Цвет поверхности; после tint/dirt/слоёв vehicle forward core использует его в квадрате.""}",F_DIFFUSE_SQUARE,"C≈(Diffuse.rgb × tint × Colour0.R, после layer/dirt)^2",,DIFFUSE_RGBA_AUTO
vehicle_paint6_enveff.sps > DamageSampler,vehicle_paint6_enveff.sps,vehicle_paint6_enveff,0,DamageSampler,,True,Runtime-маска повреждений,SEM_BC470E9CE43153F1,resolved,active,"{""RGBA"": ""Скрытая сферически проецируемая vehicle damage-карта; packing и координаты принадлежат runtime, не mesh UV.""}",,,,SKIP_ENGINE_RESOURCE
vehicle_paint6_enveff.sps > SnowSampler0,vehicle_paint6_enveff.sps,vehicle_paint6_enveff,0,SnowSampler0,0,False,Слой отражения окружения,SEM_D531B3EFA85E995A,resolved,active,"{""A"": ""Вес смешивания первого environment слоя."", ""RGB"": ""Цвет нижнего/верхнего environment-effect слоя.""}",,,,COLOR_RGBA_BC3
vehicle_paint6_enveff.sps > SnowSampler1,vehicle_paint6_enveff.sps,vehicle_paint6_enveff,0,SnowSampler1,0,False,Слой отражения окружения,SEM_A3FBCB161346582D,resolved,active,"{""A"": ""Независимое использование A в проверенном deferred-пути не найдено."", ""RGB"": ""Цвет нижнего/верхнего environment-effect слоя.""}",,,,COLOR_RGB_BC1
vehicle_paint6_enveff.sps > DiffuseSampler2,vehicle_paint6_enveff.sps,vehicle_paint6_enveff,0,DiffuseSampler2,1,False,Второй цветовой слой,SEM_81469946AA772F3A,resolved,active,"{""A"": ""Маска: 0 оставляет основной diffuse, 1 выбирает второй слой с tint2."", ""RGB"": ""RGB второго diffuse/livery-слоя.""}",F_DIFFUSE_LAYER2,"w=Layer.A·matDiffuseColor2.w; C=lerp(Cbase, Layer.rgb·matDiffuseColor2.rgb, w)",,DIFFUSE_RGBA_AUTO
vehicle_paint6_enveff.sps > DirtSampler,vehicle_paint6_enveff.sps,vehicle_paint6_enveff,0,DirtSampler,0,False,Маска грязи автомобиля,SEM_65D26752D3E6373C,resolved,active,"{""A"": ""Стабильная независимая художественная функция в проверенных путях не доказана."", ""B"": ""Второй dirt-level sample для runtime интерполяции."", ""G"": ""Модифицирует остаток clean/dirt blend; карта не является обычной grayscale-маской."", ""R"": ""Один из dirt-level samples; смешивается с B по глобальному wet/dirt состоянию.""}",,,Лучше использовать vanilla vehicle dirt packing.,LINEAR_RGBA_BC3
vehicle_paint6_enveff.sps > BumpSampler2,vehicle_paint6_enveff.sps,vehicle_paint6_enveff,0,BumpSampler2,1,False,Карта нормалей,SEM_E8ED6DDD0F0F5B92,resolved,active,"{""A"": ""В проверенном normal decode не используется."", ""B"": ""В проверенном normal decode не используется."", ""RG"": ""Tangent-space XY: 2·RG−1; Z восстанавливается шейдером.""}",F_NORMAL_RG,"N.xy=(2·RG−1)·scale; N.z=sqrt(|1−dot(N.xy,N.xy)|)",,NORMAL_XY_AUTO
vehicle_paint6_enveff.sps > SpecSampler,vehicle_paint6_enveff.sps,vehicle_paint6_enveff,0,SpecSampler,0,False,Упакованная карта бликов,SEM_8BF329E7C64D1191,resolved,active,"{""A"": ""Жёсткость второго paint-блика: в paint1 exponent второго лоба = 15·A."", ""RGB"": ""Второй цветной paint-блик: intensity mask = dot((R²,G²,B), specMapIntMask).""}",F_SPEC_PAINT_DUAL,"ordinary: I≈SpecIntensity·Colour0.R, P=SpecFalloff; paint2: I₂=dot((R²,G²,B),mask)·Colour0.R, n₂≈15·A",,TODO_SPECIAL_SPEC_BA
vehicle_paint7.sps > DiffuseSampler,vehicle_paint7.sps,vehicle_paint7,0,DiffuseSampler,0,False,Базовый цвет,SEM_BB4DA8CCAA2A4C2A,resolved,active,"{""A"": ""Материальная alpha/coverage; у OPAQUE не превращает поверхность в прозрачную."", ""RGB"": ""Цвет поверхности; после tint/dirt/слоёв vehicle forward core использует его в квадрате.""}",F_DIFFUSE_SQUARE,"C≈(Diffuse.rgb × tint × Colour0.R, после layer/dirt)^2",,DIFFUSE_RGBA_AUTO
vehicle_paint7.sps > DamageSampler,vehicle_paint7.sps,vehicle_paint7,0,DamageSampler,,True,Runtime-маска повреждений,SEM_BC470E9CE43153F1,resolved,active,"{""RGBA"": ""Скрытая сферически проецируемая vehicle damage-карта; packing и координаты принадлежат runtime, не mesh UV.""}",,,,SKIP_ENGINE_RESOURCE
vehicle_paint7.sps > DiffuseSampler2,vehicle_paint7.sps,vehicle_paint7,0,DiffuseSampler2,1,False,Второй цветовой слой,SEM_81469946AA772F3A,resolved,active,"{""A"": ""Маска: 0 оставляет основной diffuse, 1 выбирает второй слой с tint2."", ""RGB"": ""RGB второго diffuse/livery-слоя.""}",F_DIFFUSE_LAYER2,"w=Layer.A·matDiffuseColor2.w; C=lerp(Cbase, Layer.rgb·matDiffuseColor2.rgb, w)",,DIFFUSE_RGBA_AUTO
vehicle_paint7.sps > DirtSampler,vehicle_paint7.sps,vehicle_paint7,0,DirtSampler,0,False,Маска грязи автомобиля,SEM_65D26752D3E6373C,resolved,active,"{""A"": ""Стабильная независимая художественная функция в проверенных путях не доказана."", ""B"": ""Второй dirt-level sample для runtime интерполяции."", ""G"": ""Модифицирует остаток clean/dirt blend; карта не является обычной grayscale-маской."", ""R"": ""Один из dirt-level samples; смешивается с B по глобальному wet/dirt состоянию.""}",,,Лучше использовать vanilla vehicle dirt packing.,LINEAR_RGBA_BC3
vehicle_paint7.sps > SpecSampler,vehicle_paint7.sps,vehicle_paint7,0,SpecSampler,1,False,Упакованная карта бликов,SEM_8BF329E7C64D1191,resolved,active,"{""A"": ""Жёсткость второго paint-блика: в paint1 exponent второго лоба = 15·A."", ""RGB"": ""Второй цветной paint-блик: intensity mask = dot((R²,G²,B), specMapIntMask).""}",F_SPEC_PAINT_DUAL,"ordinary: I≈SpecIntensity·Colour0.R, P=SpecFalloff; paint2: I₂=dot((R²,G²,B),mask)·Colour0.R, n₂≈15·A",,TODO_SPECIAL_SPEC_BA
vehicle_paint7_enveff.sps > DiffuseSampler,vehicle_paint7_enveff.sps,vehicle_paint7_enveff,0,DiffuseSampler,0,False,Базовый цвет,SEM_BB4DA8CCAA2A4C2A,resolved,active,"{""A"": ""Материальная alpha/coverage; у OPAQUE не превращает поверхность в прозрачную."", ""RGB"": ""Цвет поверхности; после tint/dirt/слоёв vehicle forward core использует его в квадрате.""}",F_DIFFUSE_SQUARE,"C≈(Diffuse.rgb × tint × Colour0.R, после layer/dirt)^2",,DIFFUSE_RGBA_AUTO
vehicle_paint7_enveff.sps > DamageSampler,vehicle_paint7_enveff.sps,vehicle_paint7_enveff,0,DamageSampler,,True,Runtime-маска повреждений,SEM_BC470E9CE43153F1,resolved,active,"{""RGBA"": ""Скрытая сферически проецируемая vehicle damage-карта; packing и координаты принадлежат runtime, не mesh UV.""}",,,,SKIP_ENGINE_RESOURCE
vehicle_paint7_enveff.sps > SnowSampler0,vehicle_paint7_enveff.sps,vehicle_paint7_enveff,0,SnowSampler0,0,False,Слой отражения окружения,SEM_D531B3EFA85E995A,resolved,active,"{""A"": ""Вес смешивания первого environment слоя."", ""RGB"": ""Цвет нижнего/верхнего environment-effect слоя.""}",,,,COLOR_RGBA_BC3
vehicle_paint7_enveff.sps > SnowSampler1,vehicle_paint7_enveff.sps,vehicle_paint7_enveff,0,SnowSampler1,0,False,Слой отражения окружения,SEM_A3FBCB161346582D,resolved,active,"{""A"": ""Независимое использование A в проверенном deferred-пути не найдено."", ""RGB"": ""Цвет нижнего/верхнего environment-effect слоя.""}",,,,COLOR_RGB_BC1
vehicle_paint7_enveff.sps > DiffuseSampler2,vehicle_paint7_enveff.sps,vehicle_paint7_enveff,0,DiffuseSampler2,1,False,Второй цветовой слой,SEM_81469946AA772F3A,resolved,active,"{""A"": ""Маска: 0 оставляет основной diffuse, 1 выбирает второй слой с tint2."", ""RGB"": ""RGB второго diffuse/livery-слоя.""}",F_DIFFUSE_LAYER2,"w=Layer.A·matDiffuseColor2.w; C=lerp(Cbase, Layer.rgb·matDiffuseColor2.rgb, w)",,DIFFUSE_RGBA_AUTO
vehicle_paint7_enveff.sps > DirtSampler,vehicle_paint7_enveff.sps,vehicle_paint7_enveff,0,DirtSampler,0,False,Маска грязи автомобиля,SEM_65D26752D3E6373C,resolved,active,"{""A"": ""Стабильная независимая художественная функция в проверенных путях не доказана."", ""B"": ""Второй dirt-level sample для runtime интерполяции."", ""G"": ""Модифицирует остаток clean/dirt blend; карта не является обычной grayscale-маской."", ""R"": ""Один из dirt-level samples; смешивается с B по глобальному wet/dirt состоянию.""}",,,Лучше использовать vanilla vehicle dirt packing.,LINEAR_RGBA_BC3
vehicle_paint7_enveff.sps > SpecSampler,vehicle_paint7_enveff.sps,vehicle_paint7_enveff,0,SpecSampler,1,False,Упакованная карта бликов,SEM_8BF329E7C64D1191,resolved,active,"{""A"": ""Жёсткость второго paint-блика: в paint1 exponent второго лоба = 15·A."", ""RGB"": ""Второй цветной paint-блик: intensity mask = dot((R²,G²,B), specMapIntMask).""}",F_SPEC_PAINT_DUAL,"ordinary: I≈SpecIntensity·Colour0.R, P=SpecFalloff; paint2: I₂=dot((R²,G²,B),mask)·Colour0.R, n₂≈15·A",,TODO_SPECIAL_SPEC_BA
vehicle_paint8.sps > DiffuseSampler,vehicle_paint8.sps,vehicle_paint8,0,DiffuseSampler,1,False,Базовый цвет,SEM_BB4DA8CCAA2A4C2A,resolved,active,"{""A"": ""Материальная alpha/coverage; у OPAQUE не превращает поверхность в прозрачную."", ""RGB"": ""Цвет поверхности; после tint/dirt/слоёв vehicle forward core использует его в квадрате.""}",F_DIFFUSE_SQUARE,"C≈(Diffuse.rgb × tint × Colour0.R, после layer/dirt)^2",,DIFFUSE_RGBA_AUTO
vehicle_paint8.sps > DamageSampler,vehicle_paint8.sps,vehicle_paint8,0,DamageSampler,,True,Runtime-маска повреждений,SEM_BC470E9CE43153F1,resolved,active,"{""RGBA"": ""Скрытая сферически проецируемая vehicle damage-карта; packing и координаты принадлежат runtime, не mesh UV.""}",,,,SKIP_ENGINE_RESOURCE
vehicle_paint8.sps > SnowSampler0,vehicle_paint8.sps,vehicle_paint8,0,SnowSampler0,0,False,Слой отражения окружения,SEM_D531B3EFA85E995A,resolved,active,"{""A"": ""Вес смешивания первого environment слоя."", ""RGB"": ""Цвет нижнего/верхнего environment-effect слоя.""}",,,,COLOR_RGBA_BC3
vehicle_paint8.sps > SnowSampler1,vehicle_paint8.sps,vehicle_paint8,0,SnowSampler1,0,False,Слой отражения окружения,SEM_A3FBCB161346582D,resolved,active,"{""A"": ""Независимое использование A в проверенном deferred-пути не найдено."", ""RGB"": ""Цвет нижнего/верхнего environment-effect слоя.""}",,,,COLOR_RGB_BC1
vehicle_paint8.sps > DiffuseSampler2,vehicle_paint8.sps,vehicle_paint8,0,DiffuseSampler2,1,False,Второй цветовой слой,SEM_81469946AA772F3A,resolved,active,"{""A"": ""Маска: 0 оставляет основной diffuse, 1 выбирает второй слой с tint2."", ""RGB"": ""RGB второго diffuse/livery-слоя.""}",F_DIFFUSE_LAYER2,"w=Layer.A·matDiffuseColor2.w; C=lerp(Cbase, Layer.rgb·matDiffuseColor2.rgb, w)",,DIFFUSE_RGBA_AUTO
vehicle_paint8.sps > DirtSampler,vehicle_paint8.sps,vehicle_paint8,0,DirtSampler,2,False,Маска грязи автомобиля,SEM_65D26752D3E6373C,resolved,active,"{""A"": ""Стабильная независимая художественная функция в проверенных путях не доказана."", ""B"": ""Второй dirt-level sample для runtime интерполяции."", ""G"": ""Модифицирует остаток clean/dirt blend; карта не является обычной grayscale-маской."", ""R"": ""Один из dirt-level samples; смешивается с B по глобальному wet/dirt состоянию.""}",,,Лучше использовать vanilla vehicle dirt packing.,LINEAR_RGBA_BC3
vehicle_paint8.sps > DirtBumpSampler,vehicle_paint8.sps,vehicle_paint8,0,DirtBumpSampler,2,False,Карта нормалей,SEM_E8ED6DDD0F0F5B92,resolved,active,"{""A"": ""В проверенном normal decode не используется."", ""B"": ""В проверенном normal decode не используется."", ""RG"": ""Tangent-space XY: 2·RG−1; Z восстанавливается шейдером.""}",F_NORMAL_RG,"N.xy=(2·RG−1)·scale; N.z=sqrt(|1−dot(N.xy,N.xy)|)",,NORMAL_XY_AUTO
vehicle_paint8.sps > BumpSampler,vehicle_paint8.sps,vehicle_paint8,0,BumpSampler,0,False,Карта нормалей,SEM_E8ED6DDD0F0F5B92,resolved,active,"{""A"": ""В проверенном normal decode не используется."", ""B"": ""В проверенном normal decode не используется."", ""RG"": ""Tangent-space XY: 2·RG−1; Z восстанавливается шейдером.""}",F_NORMAL_RG,"N.xy=(2·RG−1)·scale; N.z=sqrt(|1−dot(N.xy,N.xy)|)",,NORMAL_XY_AUTO
vehicle_paint8.sps > SpecSampler,vehicle_paint8.sps,vehicle_paint8,0,SpecSampler,1,False,Упакованная карта бликов,SEM_8BF329E7C64D1191,resolved,active,"{""A"": ""Жёсткость второго paint-блика: в paint1 exponent второго лоба = 15·A."", ""RGB"": ""Второй цветной paint-блик: intensity mask = dot((R²,G²,B), specMapIntMask).""}",F_SPEC_PAINT_DUAL,"ordinary: I≈SpecIntensity·Colour0.R, P=SpecFalloff; paint2: I₂=dot((R²,G²,B),mask)·Colour0.R, n₂≈15·A",,TODO_SPECIAL_SPEC_BA
vehicle_paint9.sps > DiffuseSampler,vehicle_paint9.sps,vehicle_paint9,0,DiffuseSampler,2,False,Базовый цвет,SEM_BB4DA8CCAA2A4C2A,resolved,active,"{""A"": ""Материальная alpha/coverage; у OPAQUE не превращает поверхность в прозрачную."", ""RGB"": ""Цвет поверхности; после tint/dirt/слоёв vehicle forward core использует его в квадрате.""}",F_DIFFUSE_SQUARE,"C≈(Diffuse.rgb × tint × Colour0.R, после layer/dirt)^2",,DIFFUSE_RGBA_AUTO
vehicle_paint9.sps > DamageSampler,vehicle_paint9.sps,vehicle_paint9,0,DamageSampler,,True,Runtime-маска повреждений,SEM_BC470E9CE43153F1,resolved,active,"{""RGBA"": ""Скрытая сферически проецируемая vehicle damage-карта; packing и координаты принадлежат runtime, не mesh UV.""}",,,,SKIP_ENGINE_RESOURCE
vehicle_paint9.sps > SnowSampler0,vehicle_paint9.sps,vehicle_paint9,0,SnowSampler0,0,False,Слой отражения окружения,SEM_D531B3EFA85E995A,resolved,active,"{""A"": ""Вес смешивания первого environment слоя."", ""RGB"": ""Цвет нижнего/верхнего environment-effect слоя.""}",,,,COLOR_RGBA_BC3
vehicle_paint9.sps > SnowSampler1,vehicle_paint9.sps,vehicle_paint9,0,SnowSampler1,0,False,Слой отражения окружения,SEM_A3FBCB161346582D,resolved,active,"{""A"": ""Независимое использование A в проверенном deferred-пути не найдено."", ""RGB"": ""Цвет нижнего/верхнего environment-effect слоя.""}",,,,COLOR_RGB_BC1
vehicle_paint9.sps > DiffuseSampler2,vehicle_paint9.sps,vehicle_paint9,0,DiffuseSampler2,1,False,Второй цветовой слой,SEM_81469946AA772F3A,resolved,active,"{""A"": ""Маска: 0 оставляет основной diffuse, 1 выбирает второй слой с tint2."", ""RGB"": ""RGB второго diffuse/livery-слоя.""}",F_DIFFUSE_LAYER2,"w=Layer.A·matDiffuseColor2.w; C=lerp(Cbase, Layer.rgb·matDiffuseColor2.rgb, w)",,DIFFUSE_RGBA_AUTO
vehicle_paint9.sps > DirtSampler,vehicle_paint9.sps,vehicle_paint9,0,DirtSampler,2,False,Маска грязи автомобиля,SEM_65D26752D3E6373C,resolved,active,"{""A"": ""Стабильная независимая художественная функция в проверенных путях не доказана."", ""B"": ""Второй dirt-level sample для runtime интерполяции."", ""G"": ""Модифицирует остаток clean/dirt blend; карта не является обычной grayscale-маской."", ""R"": ""Один из dirt-level samples; смешивается с B по глобальному wet/dirt состоянию.""}",,,Лучше использовать vanilla vehicle dirt packing.,LINEAR_RGBA_BC3
vehicle_paint9.sps > DirtBumpSampler,vehicle_paint9.sps,vehicle_paint9,0,DirtBumpSampler,2,False,Карта нормалей,SEM_E8ED6DDD0F0F5B92,resolved,active,"{""A"": ""В проверенном normal decode не используется."", ""B"": ""В проверенном normal decode не используется."", ""RG"": ""Tangent-space XY: 2·RG−1; Z восстанавливается шейдером.""}",F_NORMAL_RG,"N.xy=(2·RG−1)·scale; N.z=sqrt(|1−dot(N.xy,N.xy)|)",,NORMAL_XY_AUTO
vehicle_paint9.sps > BumpSampler,vehicle_paint9.sps,vehicle_paint9,0,BumpSampler,0,False,Карта нормалей,SEM_E8ED6DDD0F0F5B92,resolved,active,"{""A"": ""В проверенном normal decode не используется."", ""B"": ""В проверенном normal decode не используется."", ""RG"": ""Tangent-space XY: 2·RG−1; Z восстанавливается шейдером.""}",F_NORMAL_RG,"N.xy=(2·RG−1)·scale; N.z=sqrt(|1−dot(N.xy,N.xy)|)",,NORMAL_XY_AUTO
vehicle_paint9.sps > SpecSampler,vehicle_paint9.sps,vehicle_paint9,0,SpecSampler,2,False,Упакованная карта бликов,SEM_8BF329E7C64D1191,resolved,active,"{""A"": ""Жёсткость второго paint-блика: в paint1 exponent второго лоба = 15·A."", ""RGB"": ""Второй цветной paint-блик: intensity mask = dot((R²,G²,B), specMapIntMask).""}",F_SPEC_PAINT_DUAL,"ordinary: I≈SpecIntensity·Colour0.R, P=SpecFalloff; paint2: I₂=dot((R²,G²,B),mask)·Colour0.R, n₂≈15·A",,TODO_SPECIAL_SPEC_BA
vehicle_shuts.sps > DiffuseSampler,vehicle_shuts.sps,vehicle_shuts,0,DiffuseSampler,0,False,Базовый цвет,SEM_BB4DA8CCAA2A4C2A,resolved,active,"{""A"": ""Материальная alpha/coverage; у OPAQUE не превращает поверхность в прозрачную."", ""RGB"": ""Цвет поверхности; после tint/dirt/слоёв vehicle forward core использует его в квадрате.""}",F_DIFFUSE_SQUARE,"C≈(Diffuse.rgb × tint × Colour0.R, после layer/dirt)^2",,DIFFUSE_RGBA_AUTO
vehicle_shuts.sps > DamageSampler,vehicle_shuts.sps,vehicle_shuts,0,DamageSampler,,True,Runtime-маска повреждений,SEM_BC470E9CE43153F1,resolved,active,"{""RGBA"": ""Скрытая сферически проецируемая vehicle damage-карта; packing и координаты принадлежат runtime, не mesh UV.""}",,,,SKIP_ENGINE_RESOURCE
vehicle_shuts.sps > BumpSampler,vehicle_shuts.sps,vehicle_shuts,0,BumpSampler,0,False,Карта нормалей,SEM_E8ED6DDD0F0F5B92,resolved,active,"{""A"": ""В проверенном normal decode не используется."", ""B"": ""В проверенном normal decode не используется."", ""RG"": ""Tangent-space XY: 2·RG−1; Z восстанавливается шейдером.""}",F_NORMAL_RG,"N.xy=(2·RG−1)·scale; N.z=sqrt(|1−dot(N.xy,N.xy)|)",,NORMAL_XY_AUTO
vehicle_shuts.sps > SpecSampler,vehicle_shuts.sps,vehicle_shuts,0,SpecSampler,0,False,Упакованная карта бликов,SEM_98D25017590B50F1,resolved,active,"{""A"": ""В основном deferred mesh-пути не является обычным falloff-каналом."", ""B"": ""Участвует в vehicle dirt/spec взаимодействии; это не свободный цветной spec."", ""G"": ""Квадратичная gloss/shape-компонента собственного mesh-spec пути."", ""R"": ""Квадратичная intensity-компонента дополнительного vehicle-spec.""}",F_SPEC_MESH,Iчасть∝R²·Colour0.R; gloss/shapeчасть∝G²; B участвует в dirt/spec; A не является стандартным falloff,,TODO_SPECIAL_SPEC_BA
vehicle_tire.sps > DiffuseSampler,vehicle_tire.sps,vehicle_tire,0,DiffuseSampler,0,False,Базовый цвет,SEM_BB4DA8CCAA2A4C2A,resolved,active,"{""A"": ""Материальная alpha/coverage; у OPAQUE не превращает поверхность в прозрачную."", ""RGB"": ""Цвет поверхности; после tint/dirt/слоёв vehicle forward core использует его в квадрате.""}",F_DIFFUSE_SQUARE,"C≈(Diffuse.rgb × tint × Colour0.R, после layer/dirt)^2",,DIFFUSE_RGBA_AUTO
vehicle_tire.sps > DirtSampler,vehicle_tire.sps,vehicle_tire,0,DirtSampler,1,False,Маска грязи автомобиля,SEM_65D26752D3E6373C,resolved,active,"{""A"": ""Стабильная независимая художественная функция в проверенных путях не доказана."", ""B"": ""Второй dirt-level sample для runtime интерполяции."", ""G"": ""Модифицирует остаток clean/dirt blend; карта не является обычной grayscale-маской."", ""R"": ""Один из dirt-level samples; смешивается с B по глобальному wet/dirt состоянию.""}",,,Лучше использовать vanilla vehicle dirt packing.,LINEAR_RGBA_BC3
vehicle_tire.sps > BumpSampler,vehicle_tire.sps,vehicle_tire,0,BumpSampler,0,False,Карта нормалей,SEM_E8ED6DDD0F0F5B92,resolved,active,"{""A"": ""В проверенном normal decode не используется."", ""B"": ""В проверенном normal decode не используется."", ""RG"": ""Tangent-space XY: 2·RG−1; Z восстанавливается шейдером.""}",F_NORMAL_RG,"N.xy=(2·RG−1)·scale; N.z=sqrt(|1−dot(N.xy,N.xy)|)",,NORMAL_XY_AUTO
vehicle_tire.sps > SpecSampler,vehicle_tire.sps,vehicle_tire,0,SpecSampler,0,False,Упакованная карта бликов,SEM_98D25017590B50F1,resolved,active,"{""A"": ""В основном deferred mesh-пути не является обычным falloff-каналом."", ""B"": ""Участвует в vehicle dirt/spec взаимодействии; это не свободный цветной spec."", ""G"": ""Квадратичная gloss/shape-компонента собственного mesh-spec пути."", ""R"": ""Квадратичная intensity-компонента дополнительного vehicle-spec.""}",F_SPEC_MESH,Iчасть∝R²·Colour0.R; gloss/shapeчасть∝G²; B участвует в dirt/spec; A не является стандартным falloff,,TODO_SPECIAL_SPEC_BA
vehicle_tire_emissive.sps > DiffuseSampler,vehicle_tire_emissive.sps,vehicle_tire_emissive,0,DiffuseSampler,0,False,Базовый цвет,SEM_BB4DA8CCAA2A4C2A,resolved,active,"{""A"": ""Материальная alpha/coverage; у OPAQUE не превращает поверхность в прозрачную."", ""RGB"": ""Цвет поверхности; после tint/dirt/слоёв vehicle forward core использует его в квадрате.""}",F_DIFFUSE_SQUARE,"C≈(Diffuse.rgb × tint × Colour0.R, после layer/dirt)^2",,DIFFUSE_RGBA_AUTO
vehicle_tire_emissive.sps > DirtSampler,vehicle_tire_emissive.sps,vehicle_tire_emissive,0,DirtSampler,1,False,Маска грязи автомобиля,SEM_65D26752D3E6373C,resolved,active,"{""A"": ""Стабильная независимая художественная функция в проверенных путях не доказана."", ""B"": ""Второй dirt-level sample для runtime интерполяции."", ""G"": ""Модифицирует остаток clean/dirt blend; карта не является обычной grayscale-маской."", ""R"": ""Один из dirt-level samples; смешивается с B по глобальному wet/dirt состоянию.""}",,,Лучше использовать vanilla vehicle dirt packing.,LINEAR_RGBA_BC3
vehicle_tire_emissive.sps > BumpSampler,vehicle_tire_emissive.sps,vehicle_tire_emissive,0,BumpSampler,0,False,Карта нормалей,SEM_E8ED6DDD0F0F5B92,resolved,active,"{""A"": ""В проверенном normal decode не используется."", ""B"": ""В проверенном normal decode не используется."", ""RG"": ""Tangent-space XY: 2·RG−1; Z восстанавливается шейдером.""}",F_NORMAL_RG,"N.xy=(2·RG−1)·scale; N.z=sqrt(|1−dot(N.xy,N.xy)|)",,NORMAL_XY_AUTO
vehicle_tire_emissive.sps > SpecSampler,vehicle_tire_emissive.sps,vehicle_tire_emissive,0,SpecSampler,0,False,Упакованная карта бликов,SEM_98D25017590B50F1,resolved,active,"{""A"": ""В основном deferred mesh-пути не является обычным falloff-каналом."", ""B"": ""Участвует в vehicle dirt/spec взаимодействии; это не свободный цветной spec."", ""G"": ""Квадратичная gloss/shape-компонента собственного mesh-spec пути."", ""R"": ""Квадратичная intensity-компонента дополнительного vehicle-spec.""}",F_SPEC_MESH,Iчасть∝R²·Colour0.R; gloss/shapeчасть∝G²; B участвует в dirt/spec; A не является стандартным falloff,,TODO_SPECIAL_SPEC_BA
vehicle_track.sps > DiffuseSampler,vehicle_track.sps,vehicle_track,0,DiffuseSampler,0,False,Базовый цвет,SEM_BB4DA8CCAA2A4C2A,resolved,active,"{""A"": ""Материальная alpha/coverage; у OPAQUE не превращает поверхность в прозрачную."", ""RGB"": ""Цвет поверхности; после tint/dirt/слоёв vehicle forward core использует его в квадрате.""}",F_DIFFUSE_SQUARE,"C≈(Diffuse.rgb × tint × Colour0.R, после layer/dirt)^2",,DIFFUSE_RGBA_AUTO
vehicle_track.sps > DirtSampler,vehicle_track.sps,vehicle_track,0,DirtSampler,1,False,Маска грязи автомобиля,SEM_65D26752D3E6373C,resolved,active,"{""A"": ""Стабильная независимая художественная функция в проверенных путях не доказана."", ""B"": ""Второй dirt-level sample для runtime интерполяции."", ""G"": ""Модифицирует остаток clean/dirt blend; карта не является обычной grayscale-маской."", ""R"": ""Один из dirt-level samples; смешивается с B по глобальному wet/dirt состоянию.""}",,,Лучше использовать vanilla vehicle dirt packing.,LINEAR_RGBA_BC3
vehicle_track.sps > BumpSampler,vehicle_track.sps,vehicle_track,0,BumpSampler,0,False,Карта нормалей,SEM_E8ED6DDD0F0F5B92,resolved,active,"{""A"": ""В проверенном normal decode не используется."", ""B"": ""В проверенном normal decode не используется."", ""RG"": ""Tangent-space XY: 2·RG−1; Z восстанавливается шейдером.""}",F_NORMAL_RG,"N.xy=(2·RG−1)·scale; N.z=sqrt(|1−dot(N.xy,N.xy)|)",,NORMAL_XY_AUTO
vehicle_track.sps > SpecSampler,vehicle_track.sps,vehicle_track,0,SpecSampler,0,False,Упакованная карта бликов,SEM_39693CAA467C3164,resolved,active,"{""A"": ""Линейный falloff/gloss input, умножается на specularFalloffMult."", ""RGB"": ""Скалярная интенсивность: dot((R²,G²,B), specMapIntMask).""}",F_SPEC_STANDARD,"I=dot((R²,G²,B),mask)·SpecIntensity·Colour0.R; P=A·SpecFalloff; n=3·min(P,500)+558·max(P−500,0)",,TODO_SPECIAL_SPEC_BA
vehicle_track2.sps > DiffuseSampler,vehicle_track2.sps,vehicle_track2,0,DiffuseSampler,0,False,Базовый цвет,SEM_BB4DA8CCAA2A4C2A,resolved,active,"{""A"": ""Материальная alpha/coverage; у OPAQUE не превращает поверхность в прозрачную."", ""RGB"": ""Цвет поверхности; после tint/dirt/слоёв vehicle forward core использует его в квадрате.""}",F_DIFFUSE_SQUARE,"C≈(Diffuse.rgb × tint × Colour0.R, после layer/dirt)^2",,DIFFUSE_RGBA_AUTO
vehicle_track2.sps > DirtSampler,vehicle_track2.sps,vehicle_track2,0,DirtSampler,1,False,Маска грязи автомобиля,SEM_65D26752D3E6373C,resolved,active,"{""A"": ""Стабильная независимая художественная функция в проверенных путях не доказана."", ""B"": ""Второй dirt-level sample для runtime интерполяции."", ""G"": ""Модифицирует остаток clean/dirt blend; карта не является обычной grayscale-маской."", ""R"": ""Один из dirt-level samples; смешивается с B по глобальному wet/dirt состоянию.""}",,,Лучше использовать vanilla vehicle dirt packing.,LINEAR_RGBA_BC3
vehicle_track2.sps > BumpSampler,vehicle_track2.sps,vehicle_track2,0,BumpSampler,0,False,Карта нормалей,SEM_E8ED6DDD0F0F5B92,resolved,active,"{""A"": ""В проверенном normal decode не используется."", ""B"": ""В проверенном normal decode не используется."", ""RG"": ""Tangent-space XY: 2·RG−1; Z восстанавливается шейдером.""}",F_NORMAL_RG,"N.xy=(2·RG−1)·scale; N.z=sqrt(|1−dot(N.xy,N.xy)|)",,NORMAL_XY_AUTO
vehicle_track2.sps > SpecSampler,vehicle_track2.sps,vehicle_track2,0,SpecSampler,0,False,Упакованная карта бликов,SEM_39693CAA467C3164,resolved,active,"{""A"": ""Линейный falloff/gloss input, умножается на specularFalloffMult."", ""RGB"": ""Скалярная интенсивность: dot((R²,G²,B), specMapIntMask).""}",F_SPEC_STANDARD,"I=dot((R²,G²,B),mask)·SpecIntensity·Colour0.R; P=A·SpecFalloff; n=3·min(P,500)+558·max(P−500,0)",,TODO_SPECIAL_SPEC_BA
vehicle_track2_emissive.sps > DiffuseSampler,vehicle_track2_emissive.sps,vehicle_track2_emissive,0,DiffuseSampler,0,False,Базовый цвет,SEM_BB4DA8CCAA2A4C2A,resolved,active,"{""A"": ""Материальная alpha/coverage; у OPAQUE не превращает поверхность в прозрачную."", ""RGB"": ""Цвет поверхности; после tint/dirt/слоёв vehicle forward core использует его в квадрате.""}",F_DIFFUSE_SQUARE,"C≈(Diffuse.rgb × tint × Colour0.R, после layer/dirt)^2",,DIFFUSE_RGBA_AUTO
vehicle_track2_emissive.sps > DirtSampler,vehicle_track2_emissive.sps,vehicle_track2_emissive,0,DirtSampler,1,False,Маска грязи автомобиля,SEM_65D26752D3E6373C,resolved,active,"{""A"": ""Стабильная независимая художественная функция в проверенных путях не доказана."", ""B"": ""Второй dirt-level sample для runtime интерполяции."", ""G"": ""Модифицирует остаток clean/dirt blend; карта не является обычной grayscale-маской."", ""R"": ""Один из dirt-level samples; смешивается с B по глобальному wet/dirt состоянию.""}",,,Лучше использовать vanilla vehicle dirt packing.,LINEAR_RGBA_BC3
vehicle_track2_emissive.sps > BumpSampler,vehicle_track2_emissive.sps,vehicle_track2_emissive,0,BumpSampler,0,False,Карта нормалей,SEM_E8ED6DDD0F0F5B92,resolved,active,"{""A"": ""В проверенном normal decode не используется."", ""B"": ""В проверенном normal decode не используется."", ""RG"": ""Tangent-space XY: 2·RG−1; Z восстанавливается шейдером.""}",F_NORMAL_RG,"N.xy=(2·RG−1)·scale; N.z=sqrt(|1−dot(N.xy,N.xy)|)",,NORMAL_XY_AUTO
vehicle_track2_emissive.sps > SpecSampler,vehicle_track2_emissive.sps,vehicle_track2_emissive,0,SpecSampler,0,False,Упакованная карта бликов,SEM_39693CAA467C3164,resolved,active,"{""A"": ""Линейный falloff/gloss input, умножается на specularFalloffMult."", ""RGB"": ""Скалярная интенсивность: dot((R²,G²,B), specMapIntMask).""}",F_SPEC_STANDARD,"I=dot((R²,G²,B),mask)·SpecIntensity·Colour0.R; P=A·SpecFalloff; n=3·min(P,500)+558·max(P−500,0)",,TODO_SPECIAL_SPEC_BA
vehicle_track_ammo.sps > DiffuseSampler,vehicle_track_ammo.sps,vehicle_track_ammo,0,DiffuseSampler,0,False,Базовый цвет,SEM_BB4DA8CCAA2A4C2A,resolved,active,"{""A"": ""Материальная alpha/coverage; у OPAQUE не превращает поверхность в прозрачную."", ""RGB"": ""Цвет поверхности; после tint/dirt/слоёв vehicle forward core использует его в квадрате.""}",F_DIFFUSE_SQUARE,"C≈(Diffuse.rgb × tint × Colour0.R, после layer/dirt)^2",,DIFFUSE_RGBA_AUTO
vehicle_track_ammo.sps > DirtSampler,vehicle_track_ammo.sps,vehicle_track_ammo,0,DirtSampler,1,False,Маска грязи автомобиля,SEM_65D26752D3E6373C,resolved,active,"{""A"": ""Стабильная независимая художественная функция в проверенных путях не доказана."", ""B"": ""Второй dirt-level sample для runtime интерполяции."", ""G"": ""Модифицирует остаток clean/dirt blend; карта не является обычной grayscale-маской."", ""R"": ""Один из dirt-level samples; смешивается с B по глобальному wet/dirt состоянию.""}",,,Лучше использовать vanilla vehicle dirt packing.,LINEAR_RGBA_BC3
vehicle_track_ammo.sps > BumpSampler,vehicle_track_ammo.sps,vehicle_track_ammo,0,BumpSampler,0,False,Карта нормалей,SEM_E8ED6DDD0F0F5B92,resolved,active,"{""A"": ""В проверенном normal decode не используется."", ""B"": ""В проверенном normal decode не используется."", ""RG"": ""Tangent-space XY: 2·RG−1; Z восстанавливается шейдером.""}",F_NORMAL_RG,"N.xy=(2·RG−1)·scale; N.z=sqrt(|1−dot(N.xy,N.xy)|)",,NORMAL_XY_AUTO
vehicle_track_ammo.sps > SpecSampler,vehicle_track_ammo.sps,vehicle_track_ammo,0,SpecSampler,0,False,Упакованная карта бликов,SEM_39693CAA467C3164,resolved,active,"{""A"": ""Линейный falloff/gloss input, умножается на specularFalloffMult."", ""RGB"": ""Скалярная интенсивность: dot((R²,G²,B), specMapIntMask).""}",F_SPEC_STANDARD,"I=dot((R²,G²,B),mask)·SpecIntensity·Colour0.R; P=A·SpecFalloff; n=3·min(P,500)+558·max(P−500,0)",,TODO_SPECIAL_SPEC_BA
vehicle_track_emissive.sps > DiffuseSampler,vehicle_track_emissive.sps,vehicle_track_emissive,0,DiffuseSampler,0,False,Базовый цвет,SEM_BB4DA8CCAA2A4C2A,resolved,active,"{""A"": ""Материальная alpha/coverage; у OPAQUE не превращает поверхность в прозрачную."", ""RGB"": ""Цвет поверхности; после tint/dirt/слоёв vehicle forward core использует его в квадрате.""}",F_DIFFUSE_SQUARE,"C≈(Diffuse.rgb × tint × Colour0.R, после layer/dirt)^2",,DIFFUSE_RGBA_AUTO
vehicle_track_emissive.sps > DirtSampler,vehicle_track_emissive.sps,vehicle_track_emissive,0,DirtSampler,1,False,Маска грязи автомобиля,SEM_65D26752D3E6373C,resolved,active,"{""A"": ""Стабильная независимая художественная функция в проверенных путях не доказана."", ""B"": ""Второй dirt-level sample для runtime интерполяции."", ""G"": ""Модифицирует остаток clean/dirt blend; карта не является обычной grayscale-маской."", ""R"": ""Один из dirt-level samples; смешивается с B по глобальному wet/dirt состоянию.""}",,,Лучше использовать vanilla vehicle dirt packing.,LINEAR_RGBA_BC3
vehicle_track_emissive.sps > BumpSampler,vehicle_track_emissive.sps,vehicle_track_emissive,0,BumpSampler,0,False,Карта нормалей,SEM_E8ED6DDD0F0F5B92,resolved,active,"{""A"": ""В проверенном normal decode не используется."", ""B"": ""В проверенном normal decode не используется."", ""RG"": ""Tangent-space XY: 2·RG−1; Z восстанавливается шейдером.""}",F_NORMAL_RG,"N.xy=(2·RG−1)·scale; N.z=sqrt(|1−dot(N.xy,N.xy)|)",,NORMAL_XY_AUTO
vehicle_track_emissive.sps > SpecSampler,vehicle_track_emissive.sps,vehicle_track_emissive,0,SpecSampler,0,False,Упакованная карта бликов,SEM_39693CAA467C3164,resolved,active,"{""A"": ""Линейный falloff/gloss input, умножается на specularFalloffMult."", ""RGB"": ""Скалярная интенсивность: dot((R²,G²,B), specMapIntMask).""}",F_SPEC_STANDARD,"I=dot((R²,G²,B),mask)·SpecIntensity·Colour0.R; P=A·SpecFalloff; n=3·min(P,500)+558·max(P−500,0)",,TODO_SPECIAL_SPEC_BA
vehicle_track_siren.sps > DiffuseSampler,vehicle_track_siren.sps,vehicle_track_siren,1,DiffuseSampler,0,False,Базовый цвет,SEM_0C9EA4E9D23D84A5,resolved,active,"{""A"": ""Opacity для ALPHA или alpha-test для CUTOUT."", ""RGB"": ""Цвет поверхности; после tint/dirt/слоёв vehicle forward core использует его в квадрате.""}",F_DIFFUSE_SQUARE,"C≈(Diffuse.rgb × tint × Colour0.R, после layer/dirt)^2",,DIFFUSE_RGBA_AUTO
vehicle_track_siren.sps > DamageSampler,vehicle_track_siren.sps,vehicle_track_siren,1,DamageSampler,,True,Runtime-маска повреждений,SEM_BC470E9CE43153F1,resolved,active,"{""RGBA"": ""Скрытая сферически проецируемая vehicle damage-карта; packing и координаты принадлежат runtime, не mesh UV.""}",,,,SKIP_ENGINE_RESOURCE
vehicle_track_siren.sps > DirtSampler,vehicle_track_siren.sps,vehicle_track_siren,1,DirtSampler,1,False,Маска грязи автомобиля,SEM_65D26752D3E6373C,resolved,active,"{""A"": ""Стабильная независимая художественная функция в проверенных путях не доказана."", ""B"": ""Второй dirt-level sample для runtime интерполяции."", ""G"": ""Модифицирует остаток clean/dirt blend; карта не является обычной grayscale-маской."", ""R"": ""Один из dirt-level samples; смешивается с B по глобальному wet/dirt состоянию.""}",,,Лучше использовать vanilla vehicle dirt packing.,LINEAR_RGBA_BC3
vehicle_track_siren.sps > SpecSampler,vehicle_track_siren.sps,vehicle_track_siren,1,SpecSampler,0,False,Упакованная карта бликов,SEM_2D79D555B58D8DF6,resolved,active,"{""A"": ""Линейный falloff input фиксированного vehicle-spec пути."", ""RGB"": ""Packed scalar spec: R/G читаются квадратично, B линейно.""}",F_SPEC_FIXED,"I≈dot((R²,G²,B),mask)·Colour0.R; A→fixed falloff path",,TODO_SPECIAL_SPEC_BA
vehicle_vehglass.sps > DiffuseSampler,vehicle_vehglass.sps,vehicle_vehglass,1,DiffuseSampler,0,False,Базовый цвет,SEM_0C9EA4E9D23D84A5,resolved,active,"{""A"": ""Opacity для ALPHA или alpha-test для CUTOUT."", ""RGB"": ""Цвет поверхности; после tint/dirt/слоёв vehicle forward core использует его в квадрате.""}",F_DIFFUSE_SQUARE,"C≈(Diffuse.rgb × tint × Colour0.R, после layer/dirt)^2",,DIFFUSE_RGBA_AUTO
vehicle_vehglass.sps > DamageSampler,vehicle_vehglass.sps,vehicle_vehglass,1,DamageSampler,,True,Runtime-маска повреждений,SEM_BC470E9CE43153F1,resolved,active,"{""RGBA"": ""Скрытая сферически проецируемая vehicle damage-карта; packing и координаты принадлежат runtime, не mesh UV.""}",,,,SKIP_ENGINE_RESOURCE
vehicle_vehglass.sps > DirtSampler,vehicle_vehglass.sps,vehicle_vehglass,1,DirtSampler,1,False,Маска грязи автомобиля,SEM_65D26752D3E6373C,resolved,active,"{""A"": ""Стабильная независимая художественная функция в проверенных путях не доказана."", ""B"": ""Второй dirt-level sample для runtime интерполяции."", ""G"": ""Модифицирует остаток clean/dirt blend; карта не является обычной grayscale-маской."", ""R"": ""Один из dirt-level samples; смешивается с B по глобальному wet/dirt состоянию.""}",,,Лучше использовать vanilla vehicle dirt packing.,LINEAR_RGBA_BC3
vehicle_vehglass.sps > SpecSampler,vehicle_vehglass.sps,vehicle_vehglass,1,SpecSampler,0,False,Упакованная карта бликов,SEM_0D3B8A9B6DAF4B80,resolved,active,"{""A"": ""Линейный falloff input: P≈510·A снаружи и P≈512·A у inner."", ""RGB"": ""Интенсивность glass-spec: dot((R²,G²,B), specMapIntMask).""}",F_SPEC_GLASS,"I=dot((R²,G²,B),mask)·Colour0.R; P≈(510 или 512)·A; n=3·min(P,500)+558·max(P−500,0)",,TODO_SPECIAL_SPEC_BA
vehicle_vehglass_inner.sps > DiffuseSampler,vehicle_vehglass_inner.sps,vehicle_vehglass_inner,1,DiffuseSampler,0,False,Базовый цвет,SEM_0C9EA4E9D23D84A5,resolved,active,"{""A"": ""Opacity для ALPHA или alpha-test для CUTOUT."", ""RGB"": ""Цвет поверхности; после tint/dirt/слоёв vehicle forward core использует его в квадрате.""}",F_DIFFUSE_SQUARE,"C≈(Diffuse.rgb × tint × Colour0.R, после layer/dirt)^2",,DIFFUSE_RGBA_AUTO
vehicle_vehglass_inner.sps > DamageSampler,vehicle_vehglass_inner.sps,vehicle_vehglass_inner,1,DamageSampler,,True,Runtime-маска повреждений,SEM_BC470E9CE43153F1,resolved,active,"{""RGBA"": ""Скрытая сферически проецируемая vehicle damage-карта; packing и координаты принадлежат runtime, не mesh UV.""}",,,,SKIP_ENGINE_RESOURCE
vehicle_vehglass_inner.sps > DirtSampler,vehicle_vehglass_inner.sps,vehicle_vehglass_inner,1,DirtSampler,1,False,Маска грязи автомобиля,SEM_65D26752D3E6373C,resolved,active,"{""A"": ""Стабильная независимая художественная функция в проверенных путях не доказана."", ""B"": ""Второй dirt-level sample для runtime интерполяции."", ""G"": ""Модифицирует остаток clean/dirt blend; карта не является обычной grayscale-маской."", ""R"": ""Один из dirt-level samples; смешивается с B по глобальному wet/dirt состоянию.""}",,,Лучше использовать vanilla vehicle dirt packing.,LINEAR_RGBA_BC3
vehicle_vehglass_inner.sps > SpecSampler,vehicle_vehglass_inner.sps,vehicle_vehglass_inner,1,SpecSampler,0,False,Упакованная карта бликов,SEM_0D3B8A9B6DAF4B80,resolved,active,"{""A"": ""Линейный falloff input: P≈510·A снаружи и P≈512·A у inner."", ""RGB"": ""Интенсивность glass-spec: dot((R²,G²,B), specMapIntMask).""}",F_SPEC_GLASS,"I=dot((R²,G²,B),mask)·Colour0.R; P≈(510 или 512)·A; n=3·min(P,500)+558·max(P−500,0)",,TODO_SPECIAL_SPEC_BA
water_decal.sps > DiffuseSampler,water_decal.sps,normal,2,DiffuseSampler,0,False,Базовый цвет,SEM_9B2FFD437A334725,resolved,active,"{""A"": ""Surface alpha; в CUTOUT также источник alpha-test."", ""RGB"": ""Базовый цвет поверхности. DXBC не доказывает transfer-функцию исходного DDS.""}",F_SURFACE_ALPHA,surface_alpha = DiffuseSampler.A × Colour0.A; затем runtime умножает globalAlpha,,DIFFUSE_RGBA_AUTO
water_decal.sps > BumpSampler,water_decal.sps,normal,2,BumpSampler,0,False,Карта нормалей,SEM_BC1FC7E4B6D69C43,resolved,active,"{""A"": ""В проверенном normal decode не используется."", ""B"": ""В проверенном normal decode не используется; Z восстанавливается."", ""G"": ""Компонента Y касательного пространства: 2·G−1."", ""R"": ""Компонента X касательного пространства: 2·R−1.""}",F_NORMAL_RG,"q=2·BumpSampler.RG−1; z=sqrt(abs(1−dot(q,q))); N=normalize(T·q.x·b+B·q.y·b+Ngeo·z)",,NORMAL_XY_AUTO
water_river.sps > FlowSampler,water_river.sps,water_river,6,FlowSampler,0,False,Карта направления потока,SEM_21BEBB94C09E2C94,resolved,active,"{""A"": ""Не используется."", ""B"": ""Не используется."", ""RG"": ""Двумерное направление течения: flow = RG×2−1.""}",F_WATER_FLOW,flow = Flow.RG×2−1,,LINEAR_R_OR_RG_BC5
water_river.sps > FogSampler,water_river.sps,water_river,6,FogSampler,0,False,Цвет воды / туман,SEM_7FC42C87E502B0D7,resolved,active,"{""A"": ""В исследованном основном пути не используется."", ""RGB"": ""Локальный цвет воды/тумана.""}",,,,COLOR_RGB_BC1
water_riverfoam.sps > FoamSampler,water_riverfoam.sps,water_riverfoam,6,FoamSampler,0,False,Карта пены,SEM_AAF0C8E463CB7FE0,resolved,active,"{""A"": ""Маска пены."", ""RGB"": ""Не задаёт видимый цвет пены; цвет приходит из освещения.""}",F_RIVERFOAM_ALPHA,alpha = (Colour0.G × Foam.A)²,,LINEAR_RGBA_BC3
water_riverlod.sps > FlowSampler,water_riverlod.sps,water_riverlod,6,FlowSampler,0,False,Карта направления потока,SEM_21BEBB94C09E2C94,resolved,active,"{""A"": ""Не используется."", ""B"": ""Не используется."", ""RG"": ""Двумерное направление течения: flow = RG×2−1.""}",F_WATER_FLOW,flow = Flow.RG×2−1,,LINEAR_R_OR_RG_BC5
water_riverlod.sps > FogSampler,water_riverlod.sps,water_riverlod,6,FogSampler,0,False,Цвет воды / туман,SEM_7FC42C87E502B0D7,resolved,active,"{""A"": ""В исследованном основном пути не используется."", ""RGB"": ""Локальный цвет воды/тумана.""}",,,,COLOR_RGB_BC1
water_riverocean.sps > FogSampler,water_riverocean.sps,water_riverocean,6,FogSampler,0,False,Цвет воды / туман,SEM_7FC42C87E502B0D7,resolved,active,"{""A"": ""В исследованном основном пути не используется."", ""RGB"": ""Локальный цвет воды/тумана.""}",,,,COLOR_RGB_BC1
water_rivershallow.sps > FlowSampler,water_rivershallow.sps,water_rivershallow,6,FlowSampler,0,False,Карта направления потока,SEM_21BEBB94C09E2C94,resolved,active,"{""A"": ""Не используется."", ""B"": ""Не используется."", ""RG"": ""Двумерное направление течения: flow = RG×2−1.""}",F_WATER_FLOW,flow = Flow.RG×2−1,,LINEAR_R_OR_RG_BC5
water_rivershallow.sps > FogSampler,water_rivershallow.sps,water_rivershallow,6,FogSampler,0,False,Цвет воды / туман,SEM_7FC42C87E502B0D7,resolved,active,"{""A"": ""В исследованном основном пути не используется."", ""RGB"": ""Локальный цвет воды/тумана.""}",,,,COLOR_RGB_BC1
water_shallow.sps > FlowSampler,water_shallow.sps,water_shallow,6,FlowSampler,0,False,Карта направления потока,SEM_21BEBB94C09E2C94,resolved,active,"{""A"": ""Не используется."", ""B"": ""Не используется."", ""RG"": ""Двумерное направление течения: flow = RG×2−1.""}",F_WATER_FLOW,flow = Flow.RG×2−1,,LINEAR_R_OR_RG_BC5
water_shallow.sps > FogSampler,water_shallow.sps,water_shallow,6,FogSampler,0,False,Цвет воды / туман,SEM_7FC42C87E502B0D7,resolved,active,"{""A"": ""В исследованном основном пути не используется."", ""RGB"": ""Локальный цвет воды/тумана.""}",,,,COLOR_RGB_BC1
water_terrainfoam.sps > FoamSampler,water_terrainfoam.sps,water_terrainfoam,2,FoamSampler,0,False,Карта пены,SEM_3054A8EA04D6B82F,resolved,active,"{""A"": ""Не используется."", ""B"": ""Не используется."", ""G"": ""Статическая маска береговой пены."", ""R"": ""Не используется.""}",F_TERRAINFOAM_ALPHA,alpha ≈ saturate(Foam.G × engineBump.R × heightFactor × Colour0.A × engineWet.R),,LINEAR_RGB_BC1
weapon_emissive_tnt.sps > DiffuseSampler,weapon_emissive_tnt.sps,weapon_emissive_tnt,0,DiffuseSampler,0,False,Альбедо / цвет эмиссии,SEM_A9FCFF50CDC575D9,resolved,active,"{""A"": ""Маска эмиссии; в alpha-capable passes также задаёт непрозрачность поверхности."", ""RGB"": ""Базовый цвет/цвет эмиссии.""}",hard_alpha | weapon_tint_emissive,"E = emissiveMultiplier·Diffuse.A·gEmissiveScale; RGB = Diffuse.RGB·tint.RGB | hard=(alpha−alphaRef)/((1−alphaRef)·0.1); alpha=lerp(alpha,hard,HardAlphaBlend)",,DIFFUSE_RGBA_AUTO
weapon_emissive_tnt.sps > TintPaletteSampler,weapon_emissive_tnt.sps,weapon_emissive_tnt,0,TintPaletteSampler,,False,Палитра оттенков,SEM_DFBA8FAD83518B9E,resolved,active,"{""A"": ""В проверенном tint-пути стабильная artist-facing роль не установлена."", ""RGB"": ""Tint-множитель выбирается через Colour0.B и tintPaletteSelector.X.""}",tint_palette | weapon_tint_emissive,"E = emissiveMultiplier·Diffuse.A·gEmissiveScale; RGB = Diffuse.RGB·tint.RGB | tint = TintPalette(Colour0.B, tintPaletteSelector.X); RGB *= tint.RGB",,PALETTE_RGBA8
weapon_emissivestrong_alpha.sps > DiffuseSampler,weapon_emissivestrong_alpha.sps,weapon_emissivestrong_alpha,1,DiffuseSampler,0,False,Альбедо / цвет эмиссии,SEM_6C45745EC62E4A54,resolved,active,"{""A"": ""Маска эмиссии; в alpha-capable passes также задаёт непрозрачность поверхности."", ""RGB"": ""Базовый цвет/цвет эмиссии.""}",weapon_strong_emissive,E_lit = emissiveMultiplier·Diffuse.A·gEmissiveScale·Colour0.B²,,DIFFUSE_RGBA_AUTO
weapon_normal_spec_alpha.sps > DiffuseSampler,weapon_normal_spec_alpha.sps,weapon_normal_spec_alpha,1,DiffuseSampler,0,False,Альбедо / непрозрачность,SEM_30101C758F4A4D0C,resolved,active,"{""A"": ""Вход alpha/opacity поверхности; opaque bucket обычно сам по себе не превращает его в cutout."", ""RGB"": ""Базовый цвет/цвет эмиссии. Освещённое ядро оружия использует цвет после palette/tint-коррекции и возведения RGB в квадрат.""}",,,Преобразование raw texture-byte в shader sample происходит вне DXBC и здесь не доказано.,DIFFUSE_RGBA_AUTO
weapon_normal_spec_alpha.sps > BumpSampler,weapon_normal_spec_alpha.sps,weapon_normal_spec_alpha,1,BumpSampler,0,False,Карта нормалей,SEM_54AD86BAB78C04FC,resolved,active,"{""A"": ""Не читается при восстановлении нормали."", ""B"": ""Не читается при восстановлении нормали."", ""RG"": ""XY нормали в касательном пространстве: (2·RG−1)·max(bumpiness,0.001).""}",normal_xy,"Nxy = (2·Bump.RG − 1) · max(bumpiness, 0.001)",,NORMAL_XY_AUTO
weapon_normal_spec_alpha.sps > SpecSampler,weapon_normal_spec_alpha.sps,weapon_normal_spec_alpha,1,SpecSampler,0,False,Общее скалярное управление бликом,SEM_4B4A57B8D59EECB6,resolved,active,"{""A"": ""Линейный вход falloff/exponent."", ""B"": ""Линейный член интенсивности с весом specMapIntMask.B."", ""G"": ""Квадратичный член интенсивности с весом specMapIntMask.G."", ""R"": ""Квадратичный член интенсивности с весом specMapIntMask.R.""}",generic_spec,"I = saturate(dot((R²,G²,B), specMapIntMask)·specularIntensityMult); P = A·specularFalloffMult","Параметр управляет отдельным скалярным белым прямым бликом, а не цветом или размытием EnvironmentSampler.",LINEAR_RGBA_BC3
weapon_normal_spec_cutout_palette.sps > DiffuseSampler,weapon_normal_spec_cutout_palette.sps,weapon_normal_spec_cutout_palette,3,DiffuseSampler,0,False,Альбедо / непрозрачность,SEM_9BB939E15D07C70E,resolved,active,"{""A"": ""Дискретный индекс DiffPal: byte-коды 32…160 дают u=(code−32)/128; вне диапазона сохраняется базовый цвет."", ""RGB"": ""Базовый цвет/цвет эмиссии. Освещённое ядро оружия использует цвет после palette/tint-коррекции и возведения RGB в квадрат.""}",weapon_diffuse_square | diffpal | hard_alpha,"D_lit.rgb = adjustedDiffuse.rgb² | code=floor(Diffuse.A·255.01); u=(code−32)/128; pal=DiffPal(u,paletteSelector) | hard=(alpha−alphaRef)/((1−alphaRef)·0.1); alpha=lerp(alpha,hard,HardAlphaBlend)",Преобразование raw texture-byte в shader sample происходит вне DXBC и здесь не доказано.,DIFFUSE_RGBA_AUTO
weapon_normal_spec_cutout_palette.sps > DiffuseExtraSampler,weapon_normal_spec_cutout_palette.sps,weapon_normal_spec_cutout_palette,3,DiffuseExtraSampler,0,False,"Зависимость текстуры иконки, не surface diffuse",SEM_15F46AFD226CBB42,resolved,inactive,"{""A"": ""Это только объявленная зависимость icon/metadata; она отсутствует во всех активных resource tables weapon DXBC и не влияет на поверхность."", ""B"": ""Это только объявленная зависимость icon/metadata; она отсутствует во всех активных resource tables weapon DXBC и не влияет на поверхность."", ""G"": ""Это только объявленная зависимость icon/metadata; она отсутствует во всех активных resource tables weapon DXBC и не влияет на поверхность."", ""R"": ""Это только объявленная зависимость icon/metadata; она отсутствует во всех активных resource tables weapon DXBC и не влияет на поверхность.""}",,,Восстановленный source называет это «фиктивным дополнительным diffuse slot для icon textures»; не создавайте его как второй UV diffuse.,SKIP_INACTIVE
weapon_normal_spec_cutout_palette.sps > BumpSampler,weapon_normal_spec_cutout_palette.sps,weapon_normal_spec_cutout_palette,3,BumpSampler,0,False,Карта нормалей,SEM_54AD86BAB78C04FC,resolved,active,"{""A"": ""Не читается при восстановлении нормали."", ""B"": ""Не читается при восстановлении нормали."", ""RG"": ""XY нормали в касательном пространстве: (2·RG−1)·max(bumpiness,0.001).""}",normal_xy,"Nxy = (2·Bump.RG − 1) · max(bumpiness, 0.001)",,NORMAL_XY_AUTO
weapon_normal_spec_cutout_palette.sps > SpecSampler,weapon_normal_spec_cutout_palette.sps,weapon_normal_spec_cutout_palette,3,SpecSampler,0,False,Управление бликом оружия,SEM_2E3EA99A7A846104,resolved,active,"{""A"": ""Не используется обычным non-detail decoder для weapon spec."", ""B"": ""Не используется обычным decoder для weapon spec."", ""G"": ""Возводимый в квадрат вход falloff/exponent."", ""R"": ""Возводимый в квадрат вход интенсивности direct-spec.""}",weapon_spec_intensity | weapon_spec_exponent | spec2,"I = saturate(Spec.R² · specularIntensityMult) | P = Spec.G²·specularFalloffMult; n = 3·min(P,500) + 558·max(P−500,0) | Q.rgb = Spec.R²·specular2ColorIntensity·specular2Color.rgb·NoH^(Spec.G²·specular2Factor)",,LINEAR_RGB_BC1
weapon_normal_spec_cutout_palette.sps > TextureSamplerDiffPal,weapon_normal_spec_cutout_palette.sps,weapon_normal_spec_cutout_palette,3,TextureSamplerDiffPal,,False,Палитра diffuse,SEM_52E1A0902668FB02,resolved,active,"{""A"": ""В проверенной palette-ветви стабильная artist-facing роль не установлена."", ""RGB"": ""Множитель, выбранный кодом Diffuse.A и строкой paletteSelector.""}",diffpal,"code=floor(Diffuse.A·255.01); u=(code−32)/128; pal=DiffPal(u,paletteSelector)",,PALETTE_RGBA8
weapon_normal_spec_detail_palette.sps > DiffuseSampler,weapon_normal_spec_detail_palette.sps,weapon_normal_spec_detail_palette,0,DiffuseSampler,0,False,Альбедо / непрозрачность,SEM_9B724B7F82174909,resolved,active,"{""A"": ""Дискретный индекс DiffPal: byte-коды 32…160 дают u=(code−32)/128; вне диапазона сохраняется базовый цвет."", ""RGB"": ""Базовый цвет/цвет эмиссии. Освещённое ядро оружия использует цвет после palette/tint-коррекции и возведения RGB в квадрат.""}",weapon_diffuse_square | diffpal,"D_lit.rgb = adjustedDiffuse.rgb² | code=floor(Diffuse.A·255.01); u=(code−32)/128; pal=DiffPal(u,paletteSelector)",Преобразование raw texture-byte в shader sample происходит вне DXBC и здесь не доказано.,DIFFUSE_RGBA_AUTO
weapon_normal_spec_detail_palette.sps > DetailSampler,weapon_normal_spec_detail_palette.sps,weapon_normal_spec_detail_palette,0,DetailSampler,0,False,Повторяющаяся микродетализация,SEM_58EEFDF3A38BDF92,resolved,active,"{""A"": ""Не читается проверенной detail-ветвью."", ""B"": ""Не читается проверенной detail-ветвью."", ""RG"": ""Два sample объединяются в detail-сигнал Dxy.""}",detail_sample | detail_apply,Dxy = Detail(uv·ZW).RG + Detail(uv·ZW·3.17).RG − 1 | gate = 1 − Dxy.x·detailSettings.X·Spec.A; Nxy += 2·Dxy·detailSettings.Y·Spec.A,,LINEAR_R_OR_RG_BC5
weapon_normal_spec_detail_palette.sps > DiffuseExtraSampler,weapon_normal_spec_detail_palette.sps,weapon_normal_spec_detail_palette,0,DiffuseExtraSampler,0,False,"Зависимость текстуры иконки, не surface diffuse",SEM_15F46AFD226CBB42,resolved,inactive,"{""A"": ""Это только объявленная зависимость icon/metadata; она отсутствует во всех активных resource tables weapon DXBC и не влияет на поверхность."", ""B"": ""Это только объявленная зависимость icon/metadata; она отсутствует во всех активных resource tables weapon DXBC и не влияет на поверхность."", ""G"": ""Это только объявленная зависимость icon/metadata; она отсутствует во всех активных resource tables weapon DXBC и не влияет на поверхность."", ""R"": ""Это только объявленная зависимость icon/metadata; она отсутствует во всех активных resource tables weapon DXBC и не влияет на поверхность.""}",,,Восстановленный source называет это «фиктивным дополнительным diffuse slot для icon textures»; не создавайте его как второй UV diffuse.,SKIP_INACTIVE
weapon_normal_spec_detail_palette.sps > BumpSampler,weapon_normal_spec_detail_palette.sps,weapon_normal_spec_detail_palette,0,BumpSampler,0,False,Карта нормалей,SEM_54AD86BAB78C04FC,resolved,active,"{""A"": ""Не читается при восстановлении нормали."", ""B"": ""Не читается при восстановлении нормали."", ""RG"": ""XY нормали в касательном пространстве: (2·RG−1)·max(bumpiness,0.001).""}",normal_xy,"Nxy = (2·Bump.RG − 1) · max(bumpiness, 0.001)",,NORMAL_XY_AUTO
weapon_normal_spec_detail_palette.sps > SpecSampler,weapon_normal_spec_detail_palette.sps,weapon_normal_spec_detail_palette,0,SpecSampler,0,False,Управление бликом оружия,SEM_1439DE4A1FD0DC0F,resolved,active,"{""A"": ""Попиксельная detail-маска одновременно для detail colour/intensity и normal."", ""B"": ""Не используется обычным decoder для weapon spec."", ""G"": ""Возводимый в квадрат вход falloff/exponent."", ""R"": ""Возводимый в квадрат вход интенсивности direct-spec.""}",weapon_spec_intensity | weapon_spec_exponent | detail_apply | spec2,"I = saturate(Spec.R² · specularIntensityMult) | P = Spec.G²·specularFalloffMult; n = 3·min(P,500) + 558·max(P−500,0) | Q.rgb = Spec.R²·specular2ColorIntensity·specular2Color.rgb·NoH^(Spec.G²·specular2Factor) | gate = 1 − Dxy.x·detailSettings.X·Spec.A; Nxy += 2·Dxy·detailSettings.Y·Spec.A",,LINEAR_RGBA_BC3
weapon_normal_spec_detail_palette.sps > TextureSamplerDiffPal,weapon_normal_spec_detail_palette.sps,weapon_normal_spec_detail_palette,0,TextureSamplerDiffPal,,False,Палитра diffuse,SEM_52E1A0902668FB02,resolved,active,"{""A"": ""В проверенной palette-ветви стабильная artist-facing роль не установлена."", ""RGB"": ""Множитель, выбранный кодом Diffuse.A и строкой paletteSelector.""}",diffpal,"code=floor(Diffuse.A·255.01); u=(code−32)/128; pal=DiffPal(u,paletteSelector)",,PALETTE_RGBA8
weapon_normal_spec_detail_tnt.sps > DiffuseSampler,weapon_normal_spec_detail_tnt.sps,weapon_normal_spec_detail_tnt,0,DiffuseSampler,0,False,Альбедо / непрозрачность,SEM_BFA75C6BB98C4904,resolved,active,"{""A"": ""Вход alpha/opacity поверхности; opaque bucket обычно сам по себе не превращает его в cutout."", ""RGB"": ""Базовый цвет/цвет эмиссии. Освещённое ядро оружия использует цвет после palette/tint-коррекции и возведения RGB в квадрат.""}",weapon_diffuse_square,D_lit.rgb = adjustedDiffuse.rgb²,Преобразование raw texture-byte в shader sample происходит вне DXBC и здесь не доказано.,DIFFUSE_RGBA_AUTO
weapon_normal_spec_detail_tnt.sps > TintPaletteSampler,weapon_normal_spec_detail_tnt.sps,weapon_normal_spec_detail_tnt,0,TintPaletteSampler,,False,Палитра оттенков,SEM_7EC7131FD2DC5A89,resolved,active,"{""A"": ""В проверенном tint-пути стабильная artist-facing роль не установлена."", ""RGB"": ""Tint-множитель выбирается через Colour0.B и tintPaletteSelector.X.""}",tint_palette,"tint = TintPalette(Colour0.B, tintPaletteSelector.X); RGB *= tint.RGB",,PALETTE_RGBA8
weapon_normal_spec_detail_tnt.sps > DetailSampler,weapon_normal_spec_detail_tnt.sps,weapon_normal_spec_detail_tnt,0,DetailSampler,0,False,Повторяющаяся микродетализация,SEM_58EEFDF3A38BDF92,resolved,active,"{""A"": ""Не читается проверенной detail-ветвью."", ""B"": ""Не читается проверенной detail-ветвью."", ""RG"": ""Два sample объединяются в detail-сигнал Dxy.""}",detail_sample | detail_apply,Dxy = Detail(uv·ZW).RG + Detail(uv·ZW·3.17).RG − 1 | gate = 1 − Dxy.x·detailSettings.X·Spec.A; Nxy += 2·Dxy·detailSettings.Y·Spec.A,,LINEAR_R_OR_RG_BC5
weapon_normal_spec_detail_tnt.sps > DiffuseExtraSampler,weapon_normal_spec_detail_tnt.sps,weapon_normal_spec_detail_tnt,0,DiffuseExtraSampler,0,False,"Зависимость текстуры иконки, не surface diffuse",SEM_15F46AFD226CBB42,resolved,inactive,"{""A"": ""Это только объявленная зависимость icon/metadata; она отсутствует во всех активных resource tables weapon DXBC и не влияет на поверхность."", ""B"": ""Это только объявленная зависимость icon/metadata; она отсутствует во всех активных resource tables weapon DXBC и не влияет на поверхность."", ""G"": ""Это только объявленная зависимость icon/metadata; она отсутствует во всех активных resource tables weapon DXBC и не влияет на поверхность."", ""R"": ""Это только объявленная зависимость icon/metadata; она отсутствует во всех активных resource tables weapon DXBC и не влияет на поверхность.""}",,,Восстановленный source называет это «фиктивным дополнительным diffuse slot для icon textures»; не создавайте его как второй UV diffuse.,SKIP_INACTIVE
weapon_normal_spec_detail_tnt.sps > BumpSampler,weapon_normal_spec_detail_tnt.sps,weapon_normal_spec_detail_tnt,0,BumpSampler,0,False,Карта нормалей,SEM_54AD86BAB78C04FC,resolved,active,"{""A"": ""Не читается при восстановлении нормали."", ""B"": ""Не читается при восстановлении нормали."", ""RG"": ""XY нормали в касательном пространстве: (2·RG−1)·max(bumpiness,0.001).""}",normal_xy,"Nxy = (2·Bump.RG − 1) · max(bumpiness, 0.001)",,NORMAL_XY_AUTO
weapon_normal_spec_detail_tnt.sps > SpecSampler,weapon_normal_spec_detail_tnt.sps,weapon_normal_spec_detail_tnt,0,SpecSampler,0,False,Управление бликом оружия,SEM_1439DE4A1FD0DC0F,resolved,active,"{""A"": ""Попиксельная detail-маска одновременно для detail colour/intensity и normal."", ""B"": ""Не используется обычным decoder для weapon spec."", ""G"": ""Возводимый в квадрат вход falloff/exponent."", ""R"": ""Возводимый в квадрат вход интенсивности direct-spec.""}",weapon_spec_intensity | weapon_spec_exponent | detail_apply | spec2,"I = saturate(Spec.R² · specularIntensityMult) | P = Spec.G²·specularFalloffMult; n = 3·min(P,500) + 558·max(P−500,0) | Q.rgb = Spec.R²·specular2ColorIntensity·specular2Color.rgb·NoH^(Spec.G²·specular2Factor) | gate = 1 − Dxy.x·detailSettings.X·Spec.A; Nxy += 2·Dxy·detailSettings.Y·Spec.A",,LINEAR_RGBA_BC3
weapon_normal_spec_palette.sps > DiffuseSampler,weapon_normal_spec_palette.sps,weapon_normal_spec_palette,0,DiffuseSampler,0,False,Альбедо / непрозрачность,SEM_9BB939E15D07C70E,resolved,active,"{""A"": ""Дискретный индекс DiffPal: byte-коды 32…160 дают u=(code−32)/128; вне диапазона сохраняется базовый цвет."", ""RGB"": ""Базовый цвет/цвет эмиссии. Освещённое ядро оружия использует цвет после palette/tint-коррекции и возведения RGB в квадрат.""}",weapon_diffuse_square | diffpal | hard_alpha,"D_lit.rgb = adjustedDiffuse.rgb² | code=floor(Diffuse.A·255.01); u=(code−32)/128; pal=DiffPal(u,paletteSelector) | hard=(alpha−alphaRef)/((1−alphaRef)·0.1); alpha=lerp(alpha,hard,HardAlphaBlend)",Преобразование raw texture-byte в shader sample происходит вне DXBC и здесь не доказано.,DIFFUSE_RGBA_AUTO
weapon_normal_spec_palette.sps > DiffuseExtraSampler,weapon_normal_spec_palette.sps,weapon_normal_spec_palette,0,DiffuseExtraSampler,0,False,"Зависимость текстуры иконки, не surface diffuse",SEM_15F46AFD226CBB42,resolved,inactive,"{""A"": ""Это только объявленная зависимость icon/metadata; она отсутствует во всех активных resource tables weapon DXBC и не влияет на поверхность."", ""B"": ""Это только объявленная зависимость icon/metadata; она отсутствует во всех активных resource tables weapon DXBC и не влияет на поверхность."", ""G"": ""Это только объявленная зависимость icon/metadata; она отсутствует во всех активных resource tables weapon DXBC и не влияет на поверхность."", ""R"": ""Это только объявленная зависимость icon/metadata; она отсутствует во всех активных resource tables weapon DXBC и не влияет на поверхность.""}",,,Восстановленный source называет это «фиктивным дополнительным diffuse slot для icon textures»; не создавайте его как второй UV diffuse.,SKIP_INACTIVE
weapon_normal_spec_palette.sps > BumpSampler,weapon_normal_spec_palette.sps,weapon_normal_spec_palette,0,BumpSampler,0,False,Карта нормалей,SEM_54AD86BAB78C04FC,resolved,active,"{""A"": ""Не читается при восстановлении нормали."", ""B"": ""Не читается при восстановлении нормали."", ""RG"": ""XY нормали в касательном пространстве: (2·RG−1)·max(bumpiness,0.001).""}",normal_xy,"Nxy = (2·Bump.RG − 1) · max(bumpiness, 0.001)",,NORMAL_XY_AUTO
weapon_normal_spec_palette.sps > SpecSampler,weapon_normal_spec_palette.sps,weapon_normal_spec_palette,0,SpecSampler,0,False,Управление бликом оружия,SEM_2E3EA99A7A846104,resolved,active,"{""A"": ""Не используется обычным non-detail decoder для weapon spec."", ""B"": ""Не используется обычным decoder для weapon spec."", ""G"": ""Возводимый в квадрат вход falloff/exponent."", ""R"": ""Возводимый в квадрат вход интенсивности direct-spec.""}",weapon_spec_intensity | weapon_spec_exponent | spec2,"I = saturate(Spec.R² · specularIntensityMult) | P = Spec.G²·specularFalloffMult; n = 3·min(P,500) + 558·max(P−500,0) | Q.rgb = Spec.R²·specular2ColorIntensity·specular2Color.rgb·NoH^(Spec.G²·specular2Factor)",,LINEAR_RGB_BC1
weapon_normal_spec_palette.sps > TextureSamplerDiffPal,weapon_normal_spec_palette.sps,weapon_normal_spec_palette,0,TextureSamplerDiffPal,,False,Палитра diffuse,SEM_52E1A0902668FB02,resolved,active,"{""A"": ""В проверенной palette-ветви стабильная artist-facing роль не установлена."", ""RGB"": ""Множитель, выбранный кодом Diffuse.A и строкой paletteSelector.""}",diffpal,"code=floor(Diffuse.A·255.01); u=(code−32)/128; pal=DiffPal(u,paletteSelector)",,PALETTE_RGBA8
weapon_normal_spec_tnt.sps > DiffuseSampler,weapon_normal_spec_tnt.sps,weapon_normal_spec_tnt,0,DiffuseSampler,0,False,Альбедо / непрозрачность,SEM_BFA75C6BB98C4904,resolved,active,"{""A"": ""Вход alpha/opacity поверхности; opaque bucket обычно сам по себе не превращает его в cutout."", ""RGB"": ""Базовый цвет/цвет эмиссии. Освещённое ядро оружия использует цвет после palette/tint-коррекции и возведения RGB в квадрат.""}",weapon_diffuse_square,D_lit.rgb = adjustedDiffuse.rgb²,Преобразование raw texture-byte в shader sample происходит вне DXBC и здесь не доказано.,DIFFUSE_RGBA_AUTO
weapon_normal_spec_tnt.sps > TintPaletteSampler,weapon_normal_spec_tnt.sps,weapon_normal_spec_tnt,0,TintPaletteSampler,,False,Палитра оттенков,SEM_7EC7131FD2DC5A89,resolved,active,"{""A"": ""В проверенном tint-пути стабильная artist-facing роль не установлена."", ""RGB"": ""Tint-множитель выбирается через Colour0.B и tintPaletteSelector.X.""}",tint_palette,"tint = TintPalette(Colour0.B, tintPaletteSelector.X); RGB *= tint.RGB",,PALETTE_RGBA8
weapon_normal_spec_tnt.sps > DiffuseExtraSampler,weapon_normal_spec_tnt.sps,weapon_normal_spec_tnt,0,DiffuseExtraSampler,0,False,"Зависимость текстуры иконки, не surface diffuse",SEM_15F46AFD226CBB42,resolved,inactive,"{""A"": ""Это только объявленная зависимость icon/metadata; она отсутствует во всех активных resource tables weapon DXBC и не влияет на поверхность."", ""B"": ""Это только объявленная зависимость icon/metadata; она отсутствует во всех активных resource tables weapon DXBC и не влияет на поверхность."", ""G"": ""Это только объявленная зависимость icon/metadata; она отсутствует во всех активных resource tables weapon DXBC и не влияет на поверхность."", ""R"": ""Это только объявленная зависимость icon/metadata; она отсутствует во всех активных resource tables weapon DXBC и не влияет на поверхность.""}",,,Восстановленный source называет это «фиктивным дополнительным diffuse slot для icon textures»; не создавайте его как второй UV diffuse.,SKIP_INACTIVE
weapon_normal_spec_tnt.sps > BumpSampler,weapon_normal_spec_tnt.sps,weapon_normal_spec_tnt,0,BumpSampler,0,False,Карта нормалей,SEM_54AD86BAB78C04FC,resolved,active,"{""A"": ""Не читается при восстановлении нормали."", ""B"": ""Не читается при восстановлении нормали."", ""RG"": ""XY нормали в касательном пространстве: (2·RG−1)·max(bumpiness,0.001).""}",normal_xy,"Nxy = (2·Bump.RG − 1) · max(bumpiness, 0.001)",,NORMAL_XY_AUTO
weapon_normal_spec_tnt.sps > SpecSampler,weapon_normal_spec_tnt.sps,weapon_normal_spec_tnt,0,SpecSampler,0,False,Управление бликом оружия,SEM_2E3EA99A7A846104,resolved,active,"{""A"": ""Не используется обычным non-detail decoder для weapon spec."", ""B"": ""Не используется обычным decoder для weapon spec."", ""G"": ""Возводимый в квадрат вход falloff/exponent."", ""R"": ""Возводимый в квадрат вход интенсивности direct-spec.""}",weapon_spec_intensity | weapon_spec_exponent | spec2,"I = saturate(Spec.R² · specularIntensityMult) | P = Spec.G²·specularFalloffMult; n = 3·min(P,500) + 558·max(P−500,0) | Q.rgb = Spec.R²·specular2ColorIntensity·specular2Color.rgb·NoH^(Spec.G²·specular2Factor)",,LINEAR_RGB_BC1
